Versao,Ano_Fabricacao,Ano_Modelo,Quilometragem,Cambio,Preco_Real,Percentual_FIPE
2.0 VVT-IE FLEX GLI DIRECT SHIFT,2025,2025,136,Automático,152990.0,106.0
1.8 VVT-I HYBRID FLEX ALTIS PREMIUM CVT,2026,2026,0,Automático,209010.0,111.0
1.8 GLI 16V FLEX 4P AUTOMÁTICO,2017,2017,104500,Automático,83000.0,102.0
2.0 VVT-IE FLEX XEI DIRECT SHIFT,2023,2024,62000,Automático,142000.0,100.0
2.0 VVT-IE FLEX XEI DIRECT SHIFT,2024,2024,51000,Automático,143000.0,100.0
2.0 VVT-IE FLEX XEI DIRECT SHIFT,2022,2023,62000,Automático,134990.0,106.0
2.0 VVT-IE FLEX ALTIS DIRECT SHIFT,2022,2023,42900,Automático,139990.0,98.0
2.0 XEI 16V FLEX 4P AUTOMÁTICO,2014,2015,116000,Automático,85900.0,105.0
2.0 VVT-IE FLEX GR-S DIRECT SHIFT,2022,2023,37000,Automático,145900.0,105.0
1.8 VVT-I HYBRID FLEX ALTIS PREMIUM CVT,2023,2024,16886,Automático,173900.0,105.0
1.8 VVT-I HYBRID FLEX ALTIS PREMIUM CVT,2022,2023,45933,Automático,155990.0,108.0
2.0 VVT-IE FLEX XEI DIRECT SHIFT,2021,2022,29000,Automático,169890.0,138.0
2.0 XEI 16V FLEX 4P AUTOMÁTICO,2017,2018,122985,Automático,98900.0,99.0
2.0 VVT-IE FLEX XEI DIRECT SHIFT,2020,2020,100214,Automático,121900.0,105.0
2.0 VVT-IE FLEX XEI DIRECT SHIFT,2021,2022,35000,Automático,149890.0,122.0
2.0 VVT-IE FLEX XEI DIRECT SHIFT,2022,2023,28650,Automático,135790.0,106.0
2.0 VVT-IE FLEX XEI DIRECT SHIFT,2024,2024,83885,Automático,133390.0,94.0
2.0 VVT-IE FLEX GLI DIRECT SHIFT,2022,2023,64295,Automático,119900.0,101.0
2.0 VVT-IE FLEX XEI DIRECT SHIFT,2024,2024,47200,Automático,145900.0,102.0
2.0 VVT-IE FLEX GR-S DIRECT SHIFT,2026,2026,0,Automático,203790.0,112.0
2.0 VVT-IE FLEX ALTIS PREMIUM DIRECT SHIFT,2026,2026,0,Automático,203790.0,108.0
1.8 VVT-I HYBRID FLEX ALTIS PREMIUM CVT,2026,2026,0,Automático,209010.0,111.0
2.0 VVT-IE FLEX XEI DIRECT SHIFT,2022,2023,46267,Automático,164900.0,129.0
2.0 VVT-IE FLEX XEI DIRECT SHIFT,2021,2022,73000,Automático,123990.0,101.0
2.0 VVT-IE FLEX GLI DIRECT SHIFT,2019,2020,74000,Automático,106900.0,99.0
2.0 VVT-IE FLEX ALTIS DIRECT SHIFT,2020,2021,78000,Automático,128890.0,99.0
2.0 VVT-IE FLEX GR-S DIRECT SHIFT,2023,2023,27000,Automático,189890.0,137.0
2.0 VVT-IE FLEX XEI DIRECT SHIFT,2021,2022,28756,Automático,126900.0,103.0
2.0 VVT-IE FLEX XEI DIRECT SHIFT,2021,2022,45000,Automático,129990.0,106.0
2.0 VVT-IE FLEX XEI DIRECT SHIFT,2026,2026,0,Automático,173610.0,106.0
2.0 VVT-IE FLEX XEI DIRECT SHIFT,2026,2026,0,Automático,177010.0,108.0
2.0 VVT-IE FLEX XEI DIRECT SHIFT,2026,2026,0,Automático,177010.0,108.0
2.0 VVT-IE FLEX XEI DIRECT SHIFT,2026,2026,0,Automático,177010.0,108.0
1.8 VVT-I HYBRID FLEX ALTIS PREMIUM CVT,2026,2026,0,Automático,209010.0,111.0
1.8 VVT-I HYBRID FLEX ALTIS PREMIUM CVT,2026,2026,0,Automático,209010.0,111.0
2.0 VVT-IE FLEX XEI DIRECT SHIFT,2026,2026,0,Automático,177010.0,108.0
2.0 XEI 16V FLEX 4P AUTOMÁTICO,2018,2019,103803,Automático,104900.0,102.0
2.0 ALTIS 16V FLEX 4P AUTOMÁTICO,2012,2013,75575,Automático,75900.0,112.0
2.0 XEI 16V FLEX 4P AUTOMÁTICO,2014,2015,98000,Automático,82590.0,101.0
2.0 VVT-IE FLEX GLI DIRECT SHIFT,2025,2025,14990,Automático,144990.0,100.0
2.0 VVT-IE FLEX ALTIS DIRECT SHIFT,2022,2023,47858,Automático,149890.0,105.0
2.0 VVT-IE FLEX XEI DIRECT SHIFT,2023,2023,84145,Automático,116590.0,91.0
1.8 VVT-I HYBRID FLEX ALTIS CVT,2022,2023,8402,Automático,165590.0,116.0
2.0 VVT-IE FLEX GLI DIRECT SHIFT,2021,2021,63995,Automático,134990.0,122.0
2.0 XEI 16V FLEX 4P AUTOMÁTICO,2014,2015,61147,Automático,89900.0,110.0
2.0 VVT-IE FLEX XEI DIRECT SHIFT,2022,2023,57190,Automático,135590.0,106.0
2.0 VVT-IE FLEX GLI DIRECT SHIFT,2025,2025,14319,Automático,141900.0,98.0
2.0 VVT-IE FLEX GLI DIRECT SHIFT,2024,2024,14358,Automático,133600.0,106.0
2.0 VVT-IE FLEX XEI DIRECT SHIFT,2023,2023,48127,Automático,129900.0,102.0
2.0 VVT-IE FLEX GLI DIRECT SHIFT,2019,2020,58800,Automático,125900.0,117.0
2.0 VVT-IE FLEX GLI DIRECT SHIFT,2024,2024,46514,Automático,131100.0,104.0
2.0 VVT-IE FLEX XEI DIRECT SHIFT,2026,2026,0,Automático,177010.0,108.0
2.0 VVT-IE FLEX XEI DIRECT SHIFT,2026,2026,0,Automático,177010.0,108.0
1.8 VVT-I HYBRID FLEX ALTIS PREMIUM CVT,2026,2026,0,Automático,209010.0,111.0
2.0 VVT-IE FLEX GLI DIRECT SHIFT,2021,2022,40300,Automático,124900.0,109.0
2.0 VVT-IE FLEX ALTIS DIRECT SHIFT,2023,2023,49000,Automático,199900.0,139.0
1.8 VVT-I HYBRID FLEX ALTIS PREMIUM CVT,2022,2023,83000,Automático,144900.0,100.0
2.0 XEI 16V FLEX 4P AUTOMÁTICO,2012,2013,146000,Automático,68900.0,104.0
1.8 GLI 16V FLEX 4P AUTOMÁTICO,2015,2016,102000,Automático,81990.0,105.0
2.0 VVT-IE FLEX GLI DIRECT SHIFT,2023,2024,26000,Automático,130000.0,103.0
2.0 VVT-IE FLEX XEI DIRECT SHIFT,2022,2023,36669,Automático,125900.0,99.0
2.0 ALTIS 16V FLEX 4P AUTOMÁTICO,2011,2012,201937,Automático,57500.0,88.0
2.0 XEI 16V FLEX 4P AUTOMÁTICO,2010,2011,206000,Automático,54900.0,94.0
1.8 VVT-I HYBRID FLEX ALTIS PREMIUM CVT,2021,2022,16000,Automático,150000.0,111.0
1.8 XEI 16V FLEX 4P AUTOMÁTICO,2010,2010,128000,Automático,54990.0,99.0
1.8 GLI 16V FLEX 4P AUTOMÁTICO,2016,2017,59570,Automático,83000.0,102.0
1.8 GLI 16V FLEX 4P AUTOMÁTICO,2016,2017,147000,Automático,75000.0,92.0
2.0 VVT-IE FLEX XEI DIRECT SHIFT,2023,2023,39052,Automático,127800.0,100.0
2.0 VVT-IE FLEX ALTIS DIRECT SHIFT,2020,2021,64000,Automático,136000.0,104.0
2.0 VVT-IE FLEX XEI DIRECT SHIFT,2023,2023,23000,Automático,142900.0,112.0
2.0 VVT-IE FLEX XEI DIRECT SHIFT,2024,2024,49000,Automático,133800.0,94.0
2.0 VVT-IE FLEX GLI DIRECT SHIFT,2024,2025,8000,Automático,146790.0,102.0
2.0 VVT-IE FLEX XEI DIRECT SHIFT,2020,2021,162000,Automático,110900.0,93.0
1.8 GLI 16V FLEX 4P AUTOMÁTICO,2017,2018,73000,Automático,88990.0,104.0
2.0 VVT-IE FLEX XEI DIRECT SHIFT,2023,2023,47000,Automático,125000.0,98.0
1.8 GLI 16V FLEX 4P AUTOMÁTICO,2017,2018,122000,Automático,82000.0,96.0
2.0 XEI 16V FLEX 4P AUTOMÁTICO,2014,2014,140000,Automático,74900.0,107.0
2.0 VVT-IE FLEX GLI DIRECT SHIFT,2025,2025,17000,Automático,143900.0,100.0
1.8 VVT-I HYBRID FLEX ALTIS PREMIUM CVT,2023,2023,26000,Automático,149900.0,104.0
2.0 XEI 16V FLEX 4P AUTOMÁTICO,2014,2015,109388,Automático,89900.0,110.0
2.0 ALTIS 16V FLEX 4P AUTOMÁTICO,2014,2015,121000,Automático,85000.0,102.0
2.0 VVT-IE FLEX GLI DIRECT SHIFT,2023,2024,33359,Automático,124880.0,99.0
2.0 VVT-IE FLEX XEI DIRECT SHIFT,2023,2023,13102,Automático,139890.0,110.0
1.8 VVT-I HYBRID FLEX ALTIS CVT,2020,2021,124000,Automático,121900.0,96.0
2.0 VVT-IE FLEX GR-S DIRECT SHIFT,2023,2023,41000,Automático,144890.0,105.0
2.0 VVT-IE FLEX XEI DIRECT SHIFT,2021,2022,60300,Automático,124990.0,102.0
2.0 VVT-IE FLEX XEI DIRECT SHIFT,2022,2023,36793,Automático,133900.0,105.0
2.0 XEI 16V FLEX 4P AUTOMÁTICO,2010,2011,180000,Automático,65000.0,111.0
2.0 VVT-IE FLEX XEI DIRECT SHIFT,2022,2023,55300,Automático,124900.0,98.0
2.0 VVT-IE FLEX XEI DIRECT SHIFT,2019,2020,117845,Automático,114900.0,99.0
2.0 XEI 16V FLEX 4P AUTOMÁTICO,2018,2018,132382,Automático,104990.0,105.0
2.0 VVT-IE FLEX XEI DIRECT SHIFT,2020,2020,77000,Automático,119900.0,103.0
2.0 VVT-IE FLEX XEI DIRECT SHIFT,2023,2023,18048,Automático,142590.0,112.0
2.0 VVT-IE FLEX XEI DIRECT SHIFT,2023,2023,30061,Automático,142900.0,112.0
2.0 XEI 16V FLEX 4P AUTOMÁTICO,2012,2013,180000,Automático,68900.0,104.0
2.0 VVT-IE FLEX XEI DIRECT SHIFT,2024,2024,23153,Automático,147990.0,104.0
1.8 VVT-I HYBRID FLEX ALTIS PREMIUM CVT,2026,2026,738,Automático,198900.0,106.0
2.0 ALTIS 16V FLEX 4P AUTOMÁTICO,2017,2018,143399,Automático,104900.0,102.0
2.0 VVT-IE FLEX XEI DIRECT SHIFT,2024,2024,63882,Automático,137300.0,96.0
2.0 XEI 16V FLEX 4P AUTOMÁTICO,2019,2019,119485,Automático,111790.0,109.0
1.8 VVT-I HYBRID FLEX ALTIS CVT,2022,2023,72627,Automático,139900.0,98.0
2.0 VVT-IE FLEX XEI DIRECT SHIFT,2025,2025,0,Automático,171990.0,108.0
2.0 XRS 16V FLEX 4P AUTOMÁTICO,2017,2018,108461,Automático,110000.0,111.0
2.0 VVT-IE FLEX GLI DIRECT SHIFT,2025,2025,43000,Automático,143900.0,100.0
2.0 VVT-IE FLEX XEI DIRECT SHIFT,2023,2023,57000,Automático,133090.0,104.0
2.0 VVT-IE FLEX XEI DIRECT SHIFT,2021,2022,95189,Automático,130000.0,106.0
2.0 VVT-IE FLEX XEI DIRECT SHIFT,2023,2023,61000,Automático,127900.0,100.0
2.0 VVT-IE FLEX XEI DIRECT SHIFT,2022,2023,48631,Automático,139190.0,109.0
2.0 VVT-IE FLEX XEI DIRECT SHIFT,2020,2021,54256,Automático,124990.0,104.0
2.0 VVT-IE FLEX XEI DIRECT SHIFT,2022,2023,60339,Automático,129990.0,102.0
2.0 VVT-IE FLEX XEI DIRECT SHIFT,2021,2022,113900,Automático,159990.0,130.0
2.0 XEI 16V FLEX 4P AUTOMÁTICO,2016,2017,205557,Automático,81990.0,93.0
1.8 VVT-I HYBRID FLEX ALTIS CVT,2023,2023,57607,Automático,156590.0,110.0
2.0 VVT-IE FLEX XEI DIRECT SHIFT,2023,2023,77071,Automático,133790.0,105.0
2.0 VVT-IE FLEX GR-S DIRECT SHIFT,2023,2024,45000,Automático,165900.0,104.0
2.0 VVT-IE FLEX XEI DIRECT SHIFT,2024,2024,83885,Automático,139290.0,98.0
2.0 VVT-IE FLEX ALTIS DIRECT SHIFT,2023,2023,55000,Automático,149900.0,105.0
2.0 VVT-IE FLEX ALTIS DIRECT SHIFT,2021,2022,53749,Automático,169990.0,125.0
2.0 VVT-IE FLEX XEI DIRECT SHIFT,2022,2023,97240,Automático,127790.0,100.0
2.0 VVT-IE FLEX XEI DIRECT SHIFT,2022,2023,97240,Automático,127790.0,100.0
2.0 VVT-IE FLEX XEI DIRECT SHIFT,2024,2024,91000,Automático,136500.0,96.0
2.0 VVT-IE FLEX XEI DIRECT SHIFT,2019,2020,106000,Automático,139000.0,119.0
2.0 VVT-IE FLEX XEI DIRECT SHIFT,2023,2024,79000,Automático,138900.0,97.0
1.8 GLI 16V FLEX 4P AUTOMÁTICO,2016,2016,116468,Automático,87990.0,112.0
2.0 ALTIS 16V FLEX 4P AUTOMÁTICO,2013,2014,175000,Automático,78900.0,110.0
2.0 VVT-IE FLEX XEI DIRECT SHIFT,2023,2024,54000,Automático,189000.0,132.0
1.8 VVT-I HYBRID FLEX ALTIS CVT,2022,2023,69613,Automático,149900.0,105.0
2.0 XEI 16V FLEX 4P AUTOMÁTICO,2016,2017,124000,Automático,97900.0,111.0
1.8 GLI 16V FLEX 4P AUTOMÁTICO,2013,2014,153505,Automático,67800.0,104.0
2.0 VVT-IE FLEX GLI DIRECT SHIFT,2023,2024,33359,Automático,124880.0,99.0
2.0 VVT-IE FLEX XEI DIRECT SHIFT,2022,2023,22365,Automático,141290.0,111.0
2.0 VVT-IE FLEX XEI DIRECT SHIFT,2022,2023,96841,Automático,130990.0,103.0
1.8 VVT-I HYBRID FLEX ALTIS CVT,2021,2022,91607,Automático,156690.0,118.0
2.0 VVT-IE FLEX XEI DIRECT SHIFT,2025,2025,6163,Automático,165390.0,104.0
2.0 VVT-IE FLEX XEI DIRECT SHIFT,2023,2023,97188,Automático,130990.0,103.0
2.0 VVT-IE FLEX XEI DIRECT SHIFT,2022,2023,54397,Automático,133090.0,104.0
2.0 VVT-IE FLEX XEI DIRECT SHIFT,2023,2023,97188,Automático,130990.0,103.0
2.0 VVT-IE FLEX XEI DIRECT SHIFT,2023,2023,27065,Automático,143790.0,113.0
2.0 VVT-IE FLEX XEI DIRECT SHIFT,2022,2023,97291,Automático,130990.0,103.0
2.0 VVT-IE FLEX XEI DIRECT SHIFT,2023,2023,27065,Automático,143790.0,113.0
2.0 VVT-IE FLEX XEI DIRECT SHIFT,2023,2023,27065,Automático,143790.0,113.0
2.0 VVT-IE FLEX XEI DIRECT SHIFT,2022,2023,54397,Automático,133090.0,104.0
2.0 VVT-IE FLEX XEI DIRECT SHIFT,2023,2023,61886,Automático,133990.0,105.0
2.0 VVT-IE FLEX XEI DIRECT SHIFT,2022,2023,88524,Automático,132390.0,104.0
2.0 ALTIS 16V FLEX 4P AUTOMÁTICO,2016,2017,109900,Automático,89990.0,100.0
2.0 VVT-IE FLEX XEI DIRECT SHIFT,2022,2023,97291,Automático,130990.0,103.0
2.0 VVT-IE FLEX XEI DIRECT SHIFT,2022,2023,54397,Automático,133090.0,104.0
2.0 VVT-IE FLEX XEI DIRECT SHIFT,2022,2023,88524,Automático,132390.0,104.0
2.0 VVT-IE FLEX XEI DIRECT SHIFT,2023,2023,77071,Automático,133090.0,104.0
2.0 VVT-IE FLEX XEI DIRECT SHIFT,2024,2024,99850,Automático,134990.0,95.0
2.0 VVT-IE FLEX XEI DIRECT SHIFT,2023,2023,77071,Automático,133090.0,104.0
2.0 VVT-IE FLEX XEI DIRECT SHIFT,2022,2023,96841,Automático,130990.0,103.0
2.0 VVT-IE FLEX XEI DIRECT SHIFT,2023,2023,97188,Automático,130990.0,103.0
2.0 VVT-IE FLEX XEI DIRECT SHIFT,2023,2023,46510,Automático,136090.0,107.0
2.0 VVT-IE FLEX XEI DIRECT SHIFT,2023,2023,97188,Automático,130990.0,103.0
2.0 VVT-IE FLEX XEI DIRECT SHIFT,2023,2023,77071,Automático,133090.0,104.0
2.0 VVT-IE FLEX XEI DIRECT SHIFT,2022,2023,88524,Automático,132390.0,104.0
2.0 VVT-IE FLEX XEI DIRECT SHIFT,2025,2025,6163,Automático,165390.0,104.0
2.0 VVT-IE FLEX XEI DIRECT SHIFT,2022,2023,97291,Automático,130990.0,103.0
2.0 VVT-IE FLEX XEI DIRECT SHIFT,2022,2023,97291,Automático,130990.0,103.0
1.8 VVT-I HYBRID FLEX ALTIS PREMIUM CVT,2025,2025,9800,Automático,189990.0,106.0
2.0 VVT-IE FLEX XEI DIRECT SHIFT,2024,2024,25000,Automático,155900.0,109.0
2.0 VVT-IE FLEX GLI DIRECT SHIFT,2023,2023,21000,Automático,129900.0,110.0
1.8 VVT-I HYBRID FLEX ALTIS PREMIUM CVT,2025,2025,15000,Automático,189900.0,106.0
2.0 XEI 16V FLEX 4P AUTOMÁTICO,2013,2014,107000,Automático,83900.0,120.0
1.8 GLI UPPER 16V FLEX 4P AUTOMÁTICO,2018,2018,108000,Automático,103900.0,121.0
2.0 VVT-IE FLEX GLI DIRECT SHIFT,2020,2021,78000,Automático,109800.0,99.0
2.0 VVT-IE FLEX XEI DIRECT SHIFT,2025,2025,9213,Automático,160990.0,101.0
2.0 XEI 16V FLEX 4P AUTOMÁTICO,2016,2017,112000,Automático,89890.0,102.0
2.0 VVT-IE FLEX XEI DIRECT SHIFT,2024,2024,45000,Automático,143890.0,101.0
2.0 XEI 16V FLEX 4P AUTOMÁTICO,2014,2015,129320,Automático,82900.0,101.0
2.0 VVT-IE FLEX XEI DIRECT SHIFT,2023,2023,28600,Automático,129800.0,102.0
2.0 VVT-IE FLEX XEI DIRECT SHIFT,2019,2020,56000,Automático,121990.0,105.0
2.0 VVT-IE FLEX GLI DIRECT SHIFT,2024,2024,19084,Automático,166900.0,133.0
2.0 VVT-IE FLEX GLI DIRECT SHIFT,2019,2020,71620,Automático,108700.0,101.0
2.0 VVT-IE FLEX XEI DIRECT SHIFT,2019,2020,53000,Automático,119990.0,103.0
2.0 VVT-IE FLEX XEI DIRECT SHIFT,2022,2023,35611,Automático,129899.0,102.0
2.0 VVT-IE FLEX ALTIS DIRECT SHIFT,2020,2021,87733,Automático,129900.0,100.0
2.0 VVT-IE FLEX XEI DIRECT SHIFT,2021,2022,52481,Automático,125000.0,102.0
2.0 VVT-IE FLEX XEI DIRECT SHIFT,2019,2020,72000,Automático,120990.0,104.0
2.0 XEI 16V FLEX 4P AUTOMÁTICO,2019,2019,81216,Automático,104990.0,102.0
2.0 VVT-IE FLEX ALTIS PREMIUM DIRECT SHIFT,2025,2025,26500,Automático,177990.0,101.0
2.0 XEI 16V FLEX 4P AUTOMÁTICO,2018,2019,82827,Automático,107890.0,105.0
2.0 ALTIS 16V FLEX 4P AUTOMÁTICO,2012,2013,192000,Automático,75900.0,112.0
2.0 VVT-IE FLEX XEI DIRECT SHIFT,2023,2024,68927,Automático,139990.0,98.0
1.8 VVT-I HYBRID FLEX ALTIS PREMIUM CVT,2024,2024,5800,Automático,174990.0,106.0
2.0 VVT-IE FLEX ALTIS DIRECT SHIFT,2024,2024,40000,Automático,163990.0,100.0
2.0 VVT-IE FLEX ALTIS DIRECT SHIFT,2022,2023,62331,Automático,142800.0,100.0
2.0 VVT-IE FLEX XEI DIRECT SHIFT,2025,2025,9000,Automático,161890.0,102.0
2.0 VVT-IE FLEX XEI DIRECT SHIFT,2021,2022,35821,Automático,129790.0,106.0
1.8 VVT-I HYBRID FLEX ALTIS CVT,2022,2023,40064,Automático,148990.0,105.0
1.8 VVT-I HYBRID FLEX ALTIS PREMIUM CVT,2019,2020,93050,Automático,139700.0,111.0
2.0 XEI 16V FLEX 4P AUTOMÁTICO,2015,2016,112204,Automático,93990.0,111.0
2.0 VVT-IE FLEX XEI DIRECT SHIFT,2024,2024,63882,Automático,137300.0,96.0
2.0 XEI 16V FLEX 4P AUTOMÁTICO,2012,2013,95260,Automático,73900.0,111.0
2.0 XEI 16V FLEX 4P AUTOMÁTICO,2018,2018,145000,Automático,101990.0,102.0
1.8 GLI 16V FLEX 4P AUTOMÁTICO,2017,2018,119000,Automático,85900.0,101.0
2.0 VVT-IE FLEX XEI DIRECT SHIFT,2020,2021,65504,Automático,125790.0,105.0
2.0 VVT-IE FLEX XEI DIRECT SHIFT,2024,2024,18263,Automático,149990.0,105.0
2.0 VVT-IE FLEX GLI DIRECT SHIFT,2023,2024,49947,Automático,121900.0,97.0
2.0 XEI 16V FLEX 4P AUTOMÁTICO,2014,2015,89650,Automático,94790.0,116.0
2.0 VVT-IE FLEX GR-S DIRECT SHIFT,2025,2025,30154,Automático,176900.0,101.0
1.8 GLI 16V FLEX 4P AUTOMÁTICO,2016,2017,139703,Automático,83990.0,103.0
1.8 VVT-I HYBRID FLEX ALTIS PREMIUM CVT,2020,2021,87000,Automático,168890.0,130.0
2.0 VVT-IE FLEX GR-S DIRECT SHIFT,2024,2024,46000,Automático,159980.0,100.0
2.0 VVT-IE FLEX GLI DIRECT SHIFT,2025,2025,18227,Automático,154790.0,107.0
2.0 VVT-IE FLEX XEI DIRECT SHIFT,2021,2022,122000,Automático,123900.0,101.0
2.0 VVT-IE FLEX GLI DIRECT SHIFT,2024,2024,42792,Automático,130500.0,104.0
1.8 VVT-I HYBRID FLEX ALTIS PREMIUM CVT,2026,2026,0,Automático,209010.0,111.0
2.0 VVT-IE FLEX XEI DIRECT SHIFT,2022,2023,29800,Automático,136990.0,107.0
2.0 VVT-IE FLEX XEI DIRECT SHIFT,2024,2024,24545,Automático,143990.0,101.0
2.0 VVT-IE FLEX XEI DIRECT SHIFT,2020,2021,81000,Automático,121790.0,102.0
2.0 VVT-IE FLEX XEI DIRECT SHIFT,2023,2023,84145,Automático,116590.0,91.0
2.0 VVT-IE FLEX XEI DIRECT SHIFT,2022,2023,49000,Automático,169890.0,133.0
2.0 VVT-IE FLEX XEI DIRECT SHIFT,2021,2022,33640,Automático,128990.0,105.0
2.0 XEI 16V FLEX 4P AUTOMÁTICO,2019,2019,129485,Automático,111790.0,109.0
2.0 VVT-IE FLEX XEI DIRECT SHIFT,2023,2024,45174,Automático,185900.0,130.0
2.0 VVT-IE FLEX GR-S DIRECT SHIFT,2022,2023,57000,Automático,137990.0,100.0
1.8 GLI 16V FLEX 4P AUTOMÁTICO,2017,2018,93027,Automático,90990.0,107.0
2.0 XEI 16V FLEX 4P AUTOMÁTICO,2018,2018,97000,Automático,110990.0,111.0
2.0 VVT-IE FLEX XEI DIRECT SHIFT,2023,2023,97333,Automático,129990.0,102.0
2.0 VVT-IE FLEX GLI DIRECT SHIFT,2024,2024,38902,Automático,127300.0,101.0
2.0 VVT-IE FLEX XEI DIRECT SHIFT,2023,2023,89345,Automático,125500.0,98.0
2.0 VVT-IE FLEX XEI DIRECT SHIFT,2023,2024,79000,Automático,143700.0,101.0
2.0 VVT-IE FLEX ALTIS DIRECT SHIFT,2023,2023,76660,Automático,155990.0,109.0
2.0 VVT-IE FLEX XEI DIRECT SHIFT,2026,2026,0,Automático,177010.0,108.0
2.0 XEI 16V FLEX 4P AUTOMÁTICO,2011,2012,169320,Automático,64700.0,102.0
2.0 VVT-IE FLEX XEI DIRECT SHIFT,2024,2024,54179,Automático,149300.0,105.0
1.8 VVT-I HYBRID FLEX ALTIS PREMIUM CVT,2023,2024,25268,Automático,168900.0,102.0
2.0 XEI 16V FLEX 4P AUTOMÁTICO,2016,2017,87925,Automático,94900.0,108.0
2.0 VVT-IE FLEX XEI DIRECT SHIFT,2023,2024,46000,Automático,143990.0,101.0
2.0 VVT-IE FLEX XEI DIRECT SHIFT,2023,2024,46000,Automático,143990.0,101.0
2.0 VVT-IE FLEX XEI DIRECT SHIFT,2024,2024,53181,Automático,142200.0,100.0
2.0 VVT-IE FLEX XEI DIRECT SHIFT,2024,2024,54848,Automático,142200.0,100.0
2.0 VVT-IE FLEX XEI DIRECT SHIFT,2021,2022,57711,Automático,127990.0,104.0
2.0 VVT-IE FLEX XEI DIRECT SHIFT,2023,2024,57935,Automático,141000.0,99.0
2.0 VVT-IE FLEX XEI DIRECT SHIFT,2025,2025,11063,Automático,164990.0,103.0
2.0 VVT-IE FLEX XEI DIRECT SHIFT,2023,2024,46000,Automático,143990.0,101.0
2.0 VVT-IE FLEX XEI DIRECT SHIFT,2024,2024,37820,Automático,145800.0,102.0
2.0 VVT-IE FLEX XEI DIRECT SHIFT,2021,2022,98322,Automático,124990.0,102.0
1.8 GLI 16V FLEX 4P AUTOMÁTICO,2013,2014,216000,Automático,63900.0,98.0
2.0 VVT-IE FLEX ALTIS DIRECT SHIFT,2019,2020,77000,Automático,146990.0,118.0
2.0 VVT-IE FLEX XEI DIRECT SHIFT,2025,2025,2000,Automático,169900.0,107.0
2.0 VVT-IE FLEX XEI DIRECT SHIFT,2024,2024,18000,Automático,189880.0,133.0
1.8 VVT-I HYBRID FLEX ALTIS PREMIUM CVT,2025,2026,2000,Automático,187990.0,100.0
1.8 VVT-I HYBRID FLEX ALTIS PREMIUM CVT,2019,2020,97000,Automático,145880.0,116.0
2.0 XEI 16V FLEX 4P AUTOMÁTICO,2012,2013,130000,Automático,62700.0,94.0
1.8 SE-G 16V FLEX 4P AUTOMÁTICO,2009,2010,110000,Automático,59900.0,105.0
2.0 XEI 16V FLEX 4P AUTOMÁTICO,2011,2011,145000,Automático,56800.0,97.0
2.0 XEI 16V FLEX 4P AUTOMÁTICO,2018,2019,89000,Automático,101790.0,99.0
2.0 VVT-IE FLEX ALTIS DIRECT SHIFT,2023,2023,81769,Automático,137990.0,96.0
2.0 VVT-IE FLEX GLI DIRECT SHIFT,2021,2022,36000,Automático,119900.0,105.0
2.0 VVT-IE FLEX GR-S DIRECT SHIFT,2021,2022,104237,Automático,119990.0,94.0
2.0 XEI 16V FLEX 4P AUTOMÁTICO,2016,2016,98000,Automático,86790.0,103.0
2.0 VVT-IE FLEX ALTIS DIRECT SHIFT,2021,2022,55738,Automático,124990.0,92.0
2.0 VVT-IE FLEX XEI DIRECT SHIFT,2020,2021,55000,Automático,119900.0,100.0
2.0 VVT-IE FLEX XEI DIRECT SHIFT,2020,2020,60529,Automático,118980.0,102.0
2.0 VVT-IE FLEX GR-S DIRECT SHIFT,2023,2023,41000,Automático,144890.0,105.0
2.0 XEI 16V FLEX 4P AUTOMÁTICO,2016,2017,129499,Automático,86900.0,99.0
2.0 VVT-IE FLEX XEI DIRECT SHIFT,2022,2023,34000,Automático,134900.0,106.0
1.8 GLI 16V FLEX 4P AUTOMÁTICO,2014,2015,108658,Automático,79990.0,106.0
1.8 GLI UPPER 16V FLEX 4P AUTOMÁTICO,2015,2016,147000,Automático,82900.0,106.0
2.0 VVT-IE FLEX XEI DIRECT SHIFT,2023,2024,29000,Automático,189900.0,133.0
1.8 VVT-I HYBRID FLEX ALTIS PREMIUM CVT,2026,2026,0,Automático,196800.0,104.0
1.8 GLI UPPER 16V FLEX 4P AUTOMÁTICO,2019,2019,107346,Automático,98790.0,112.0
1.8 VVT-I HYBRID FLEX ALTIS PREMIUM CVT,2025,2026,0,Automático,201990.0,107.0
2.0 VVT-IE FLEX XEI DIRECT SHIFT,2022,2023,77389,Automático,116890.0,92.0
2.0 VVT-IE FLEX GLI DIRECT SHIFT,2022,2023,87300,Automático,118700.0,100.0
1.8 VVT-I HYBRID FLEX ALTIS PREMIUM CVT,2021,2022,63504,Automático,155900.0,116.0
2.0 VVT-IE FLEX XEI DIRECT SHIFT,2022,2023,54000,Automático,155900.0,122.0
2.0 XEI 16V FLEX 4P AUTOMÁTICO,2011,2012,119000,Automático,67899.0,107.0
2.0 VVT-IE FLEX GLI DIRECT SHIFT,2019,2020,70000,Automático,119990.0,111.0
1.8 VVT-I HYBRID FLEX ALTIS PREMIUM CVT,2026,2026,0,Automático,209010.0,111.0
2.0 VVT-IE FLEX XEI DIRECT SHIFT,2023,2024,48948,Automático,144890.0,102.0
1.8 VVT-I HYBRID FLEX ALTIS PREMIUM CVT,2026,2026,0,Automático,209010.0,111.0
2.0 XEI 16V FLEX 4P AUTOMÁTICO,2018,2019,160347,Automático,102890.0,100.0
2.0 XEI 16V FLEX 4P AUTOMÁTICO,2018,2019,85406,Automático,105900.0,103.0
2.0 XEI 16V FLEX 4P AUTOMÁTICO,2013,2014,161471,Automático,76900.0,110.0
2.0 XEI 16V FLEX 4P AUTOMÁTICO,2013,2014,119102,Automático,65800.0,94.0
2.0 VVT-IE FLEX XEI DIRECT SHIFT,2023,2024,22340,Automático,149900.0,105.0
1.8 VVT-I HYBRID FLEX ALTIS PREMIUM CVT,2023,2024,31000,Automático,219900.0,133.0
2.0 VVT-IE FLEX GLI DIRECT SHIFT,2022,2023,65000,Automático,119980.0,101.0
2.0 VVT-IE FLEX GR-S DIRECT SHIFT,2022,2023,30500,Manual,144990.0,105.0
2.0 XEI 16V FLEX 4P AUTOMÁTICO,2013,2014,119480,Automático,69800.0,100.0
2.0 XEI 16V FLEX 4P AUTOMÁTICO,2011,2011,121483,Automático,69000.0,118.0
2.0 XEI 16V FLEX 4P AUTOMÁTICO,2011,2012,160303,Automático,56800.0,89.0
1.8 XEI 16V FLEX 4P AUTOMÁTICO,2009,2009,175600,Automático,52200.0,97.0
1.8 VVT-I HYBRID FLEX ALTIS CVT,2024,2024,26000,Automático,169900.0,105.0
2.0 XEI 16V FLEX 4P AUTOMÁTICO,2018,2018,80567,Automático,108790.0,109.0
2.0 VVT-IE FLEX XEI DIRECT SHIFT,2020,2021,60000,Automático,118990.0,99.0
2.0 VVT-IE FLEX XEI DIRECT SHIFT,2023,2023,93000,Automático,119990.0,94.0
2.0 VVT-IE FLEX XEI DIRECT SHIFT,2020,2021,116057,Automático,111890.0,93.0
2.0 VVT-IE FLEX GR-S DIRECT SHIFT,2022,2023,116300,Automático,134980.0,97.0
2.0 XEI 16V FLEX 4P AUTOMÁTICO,2016,2017,146400,Automático,86980.0,99.0
2.0 XEI 16V FLEX 4P AUTOMÁTICO,2013,2014,114499,Automático,84900.0,121.0
2.0 VVT-IE FLEX XEI DIRECT SHIFT,2020,2020,100000,Automático,112900.0,97.0
2.0 VVT-IE FLEX XEI DIRECT SHIFT,2024,2024,15845,Automático,195900.0,137.0
2.0 ALTIS 16V FLEX 4P AUTOMÁTICO,2014,2015,40000,Automático,103000.0,124.0
2.0 VVT-IE FLEX XEI DIRECT SHIFT,2024,2024,16000,Automático,149900.0,105.0
2.0 VVT-IE FLEX GR-S DIRECT SHIFT,2023,2023,69000,Automático,141900.0,102.0
2.0 VVT-IE FLEX XEI DIRECT SHIFT,2019,2020,110000,Automático,114900.0,99.0
1.8 GLI 16V FLEX 4P AUTOMÁTICO,2016,2017,155000,Automático,81000.0,100.0
1.8 VVT-I HYBRID FLEX ALTIS PREMIUM CVT,2026,2026,7300,Automático,193990.0,103.0
2.0 VVT-IE FLEX XEI DIRECT SHIFT,2021,2022,78130,Automático,119900.0,98.0
2.0 VVT-IE FLEX XEI DIRECT SHIFT,2022,2023,40648,Automático,132900.0,104.0
2.0 XRS 16V FLEX 4P AUTOMÁTICO,2017,2018,97000,Automático,103990.0,105.0
1.8 VVT-I HYBRID FLEX ALTIS CVT,2021,2022,85000,Automático,133000.0,100.0
2.0 VVT-IE FLEX XEI DIRECT SHIFT,2019,2020,65000,Automático,119890.0,103.0
2.0 VVT-IE FLEX XEI DIRECT SHIFT,2022,2023,72537,Automático,131900.0,103.0
2.0 XEI 16V FLEX 4P AUTOMÁTICO,2016,2017,120000,Automático,89999.0,102.0
2.0 VVT-IE FLEX XEI DIRECT SHIFT,2023,2023,70000,Automático,127900.0,100.0
2.0 XRS 16V FLEX 4P AUTOMÁTICO,2018,2018,97460,Automático,101900.0,103.0
2.0 VVT-IE FLEX GR-S DIRECT SHIFT,2022,2023,46000,Automático,145900.0,105.0
2.0 VVT-IE FLEX XEI DIRECT SHIFT,2022,2023,87000,Automático,125900.0,99.0
2.0 VVT-IE FLEX XEI DIRECT SHIFT,2020,2021,97477,Automático,114800.0,96.0
2.0 XEI 16V FLEX 4P AUTOMÁTICO,2016,2017,97000,Automático,91890.0,104.0
2.0 XEI 16V FLEX 4P AUTOMÁTICO,2017,2018,151000,Automático,109900.0,110.0
2.0 XEI 16V FLEX 4P AUTOMÁTICO,2019,2019,104300,Automático,109990.0,107.0
2.0 XEI 16V FLEX 4P AUTOMÁTICO,2015,2015,102000,Automático,85900.0,105.0
1.8 GLI 16V FLEX 4P AUTOMÁTICO,2018,2018,91200,Automático,90800.0,107.0
1.8 XLI 16V FLEX 4P MANUAL,2009,2010,221000,Manual,52900.0,104.0
2.0 XEI 16V FLEX 4P AUTOMÁTICO,2016,2016,86068,Automático,88900.0,105.0
1.8 VVT-I HYBRID FLEX ALTIS PREMIUM CVT,2022,2023,56000,Automático,145000.0,100.0
2.0 VVT-IE FLEX GLI DIRECT SHIFT,2021,2022,63113,Automático,110000.0,96.0
2.0 VVT-IE FLEX XEI DIRECT SHIFT,2021,2022,79502,Automático,129900.0,106.0
2.0 XEI 16V FLEX 4P AUTOMÁTICO,2016,2017,130000,Automático,89500.0,101.0
2.0 XEI 16V FLEX 4P AUTOMÁTICO,2014,2015,149000,Automático,82000.0,100.0
2.0 VVT-IE FLEX XEI DIRECT SHIFT,2020,2021,68000,Automático,124000.0,103.0
2.0 XEI 16V FLEX 4P AUTOMÁTICO,2014,2015,225000,Automático,80000.0,98.0
2.0 VVT-IE FLEX XEI DIRECT SHIFT,2024,2024,17700,Automático,145000.0,102.0
1.8 GLI 16V FLEX 4P AUTOMÁTICO,2018,2019,11130,Automático,110000.0,125.0
2.0 XEI 16V FLEX 4P AUTOMÁTICO,2018,2019,157548,Automático,98800.0,96.0
2.0 VVT-IE FLEX XEI DIRECT SHIFT,2023,2024,47000,Automático,142890.0,100.0
2.0 XEI 16V FLEX 4P AUTOMÁTICO,2018,2019,75000,Automático,120000.0,117.0
2.0 XEI 16V FLEX 4P AUTOMÁTICO,2011,2012,127000,Automático,61990.0,98.0
2.0 XEI 16V FLEX 4P AUTOMÁTICO,2015,2016,91000,Automático,86000.0,102.0
1.8 GLI 16V FLEX 4P AUTOMÁTICO,2017,2017,39765,Automático,85000.0,105.0
2.0 XEI 16V FLEX 4P AUTOMÁTICO,2012,2013,117273,Automático,62400.0,94.0
2.0 VVT-IE FLEX XEI DIRECT SHIFT,2022,2023,31125,Automático,126900.0,99.0
1.8 XEI 16V FLEX 4P AUTOMÁTICO,2008,2009,140000,Automático,58900.0,110.0
2.0 VVT-IE FLEX XEI DIRECT SHIFT,2021,2022,76000,Automático,117800.0,96.0
2.0 VVT-IE FLEX XEI DIRECT SHIFT,2023,2024,39000,Automático,139900.0,98.0
2.0 VVT-IE FLEX ALTIS DIRECT SHIFT,2020,2021,98000,Automático,135990.0,104.0
2.0 XEI 16V FLEX 4P AUTOMÁTICO,2012,2013,185000,Automático,69900.0,105.0
2.0 VVT-IE FLEX XEI DIRECT SHIFT,2021,2022,51360,Automático,121990.0,99.0
2.0 VVT-IE FLEX XEI DIRECT SHIFT,2021,2022,75000,Automático,119900.0,98.0
2.0 VVT-IE FLEX XEI DIRECT SHIFT,2020,2021,57150,Automático,119490.0,100.0
2.0 VVT-IE FLEX XEI DIRECT SHIFT,2022,2023,47000,Automático,125900.0,99.0
2.0 VVT-IE FLEX GR-S DIRECT SHIFT,2024,2024,28000,Automático,167990.0,105.0
2.0 VVT-IE FLEX GLI DIRECT SHIFT,2025,2025,8502,Automático,146490.0,101.0
2.0 VVT-IE FLEX GR-S DIRECT SHIFT,2025,2025,25000,Automático,170990.0,97.0
1.8 GLI 16V FLEX 4P AUTOMÁTICO,2012,2013,185000,Automático,67900.0,109.0
2.0 XEI 16V FLEX 4P AUTOMÁTICO,2017,2018,68795,Automático,106490.0,107.0
1.8 SE-G 16V FLEX 4P AUTOMÁTICO,2008,2009,159000,Automático,59990.0,108.0
2.0 VVT-IE FLEX XEI DIRECT SHIFT,2021,2022,46051,Automático,121990.0,99.0
2.0 VVT-IE FLEX XEI DIRECT SHIFT,2025,2026,5639,Automático,158990.0,97.0
2.0 VVT-IE FLEX GR-S DIRECT SHIFT,2023,2023,23634,Automático,144900.0,105.0
1.8 GLI UPPER 16V FLEX 4P AUTOMÁTICO,2018,2019,169900,Automático,97900.0,111.0
2.0 XEI 16V FLEX 4P AUTOMÁTICO,2013,2014,114000,Automático,74900.0,107.0
2.0 VVT-IE FLEX GR-S DIRECT SHIFT,2023,2024,39981,Automático,164890.0,103.0
1.8 GLI 16V FLEX 4P AUTOMÁTICO,2016,2017,115000,Automático,88900.0,109.0
2.0 VVT-IE FLEX XEI DIRECT SHIFT,2025,2026,2100,Automático,179900.0,109.0
2.0 XEI 16V FLEX 4P AUTOMÁTICO,2019,2019,119233,Automático,99990.0,97.0
1.8 GLI 16V FLEX 4P AUTOMÁTICO,2016,2017,65631,Automático,89990.0,111.0
2.0 XEI 16V FLEX 4P AUTOMÁTICO,2015,2016,79650,Automático,97790.0,116.0
2.0 VVT-IE FLEX GLI DIRECT SHIFT,2025,2025,19584,Automático,151890.0,105.0
2.0 XEI 16V FLEX 4P AUTOMÁTICO,2018,2018,78254,Automático,106900.0,107.0
2.0 VVT-IE FLEX XEI DIRECT SHIFT,2024,2024,110000,Automático,129900.0,91.0
2.0 VVT-IE FLEX XEI DIRECT SHIFT,2026,2026,0,Automático,167980.0,102.0
1.8 GLI 16V FLEX 4P AUTOMÁTICO,2017,2018,109339,Automático,89990.0,106.0
2.0 VVT-IE FLEX GLI DIRECT SHIFT,2021,2022,59000,Automático,113770.0,99.0
2.0 XEI 16V FLEX 4P AUTOMÁTICO,2018,2019,111647,Automático,106900.0,104.0
2.0 VVT-IE FLEX XEI DIRECT SHIFT,2022,2023,63650,Automático,126990.0,99.0
2.0 VVT-IE FLEX GR-S DIRECT SHIFT,2022,2023,60568,Automático,138780.0,100.0
2.0 VVT-IE FLEX XEI DIRECT SHIFT,2020,2021,93635,Automático,117990.0,98.0
2.0 VVT-IE FLEX XEI DIRECT SHIFT,2021,2022,96631,Automático,117790.0,96.0
2.0 VVT-IE FLEX XEI DIRECT SHIFT,2020,2021,70000,Automático,125900.0,105.0
2.0 VVT-IE FLEX ALTIS DIRECT SHIFT,2021,2022,70000,Automático,144990.0,106.0
2.0 VVT-IE FLEX XEI DIRECT SHIFT,2024,2025,51891,Automático,154990.0,97.0
2.0 XEI 16V FLEX 4P AUTOMÁTICO,2015,2015,100000,Automático,82900.0,101.0
2.0 VVT-IE FLEX XEI DIRECT SHIFT,2024,2024,29570,Automático,149900.0,105.0
2.0 ALTIS 16V FLEX 4P AUTOMÁTICO,2018,2019,75331,Automático,112790.0,106.0
2.0 VVT-IE FLEX XEI DIRECT SHIFT,2020,2020,61000,Automático,123900.0,106.0
1.8 VVT-I HYBRID FLEX ALTIS PREMIUM CVT,2023,2023,38000,Automático,149900.0,104.0
2.0 VVT-IE FLEX XEI DIRECT SHIFT,2025,2025,19769,Automático,153850.0,96.0
1.8 VVT-I HYBRID FLEX ALTIS PREMIUM CVT,2026,2026,0,Automático,209010.0,111.0
2.0 VVT-IE FLEX XEI DIRECT SHIFT,2025,2026,26743,Automático,179990.0,109.0
2.0 VVT-IE FLEX XEI DIRECT SHIFT,2022,2023,70000,Automático,129890.0,102.0
2.0 VVT-IE FLEX GR-S DIRECT SHIFT,2024,2024,28677,Automático,160000.0,100.0
2.0 VVT-IE FLEX XEI DIRECT SHIFT,2023,2024,32000,Automático,149900.0,105.0
2.0 VVT-IE FLEX ALTIS DIRECT SHIFT,2022,2023,58600,Automático,137950.0,96.0
2.0 VVT-IE FLEX GLI DIRECT SHIFT,2024,2024,63232,Automático,125300.0,100.0
2.0 XEI 16V FLEX 4P AUTOMÁTICO,2019,2019,122937,Automático,99800.0,97.0
2.0 XEI 16V FLEX 4P AUTOMÁTICO,2016,2017,98067,Automático,95600.0,108.0
2.0 VVT-IE FLEX XEI DIRECT SHIFT,2023,2023,81575,Automático,129990.0,102.0
2.0 VVT-IE FLEX XEI DIRECT SHIFT,2020,2020,95434,Automático,117900.0,101.0
1.8 VVT-I HYBRID FLEX ALTIS PREMIUM CVT,2026,2026,0,Automático,209010.0,111.0
2.0 VVT-IE FLEX XEI DIRECT SHIFT,2020,2021,89571,Automático,125900.0,105.0
1.8 VVT-I HYBRID FLEX ALTIS PREMIUM CVT,2026,2026,0,Automático,209010.0,111.0
1.8 VVT-I HYBRID FLEX ALTIS PREMIUM CVT,2026,2026,0,Automático,209010.0,111.0
2.0 VVT-IE FLEX GLI DIRECT SHIFT,2020,2021,65000,Automático,149890.0,136.0
2.0 VVT-IE FLEX XEI DIRECT SHIFT,2023,2023,80200,Automático,132590.0,104.0
2.0 VVT-IE FLEX XEI DIRECT SHIFT,2021,2022,80000,Automático,123000.0,100.0
2.0 VVT-IE FLEX XEI DIRECT SHIFT,2023,2024,57935,Automático,146880.0,103.0
2.0 VVT-IE FLEX XEI DIRECT SHIFT,2021,2022,24157,Automático,124900.0,102.0
2.0 VVT-IE FLEX XEI DIRECT SHIFT,2021,2022,34271,Automático,123900.0,101.0
1.8 GLI 16V FLEX 4P AUTOMÁTICO,2016,2017,79998,Automático,88980.0,110.0
1.8 GLI 16V FLEX 4P AUTOMÁTICO,2011,2012,155500,Automático,65790.0,110.0
2.0 VVT-IE FLEX GLI DIRECT SHIFT,2019,2020,32000,Automático,109900.0,102.0
2.0 VVT-IE FLEX ALTIS PREMIUM DIRECT SHIFT,2025,2025,19760,Automático,178000.0,101.0
2.0 XEI 16V FLEX 4P AUTOMÁTICO,2014,2015,108000,Automático,86800.0,106.0
1.8 GLI 16V FLEX 4P AUTOMÁTICO,2017,2017,102000,Automático,85890.0,106.0
2.0 XEI 16V FLEX 4P AUTOMÁTICO,2017,2018,89000,Automático,99800.0,100.0
1.8 VVT-I HYBRID FLEX ALTIS PREMIUM CVT,2025,2026,0,Automático,196900.0,104.0
2.0 VVT-IE FLEX GLI DIRECT SHIFT,2023,2023,42183,Automático,101799.0,86.0
2.0 VVT-IE FLEX GLI DIRECT SHIFT,2023,2023,42183,Automático,101799.0,86.0
2.0 VVT-IE FLEX GLI DIRECT SHIFT,2023,2023,42183,Automático,101799.0,86.0
1.8 VVT-I HYBRID FLEX ALTIS PREMIUM CVT,2025,2026,0,Automático,196900.0,104.0
2.0 XEI 16V FLEX 4P AUTOMÁTICO,2018,2019,98000,Automático,98990.0,96.0
2.0 VVT-IE FLEX GLI DIRECT SHIFT,2020,2020,66800,Automático,109890.0,102.0
1.8 VVT-I HYBRID FLEX ALTIS CVT,2020,2021,79300,Automático,119990.0,95.0
1.8 VVT-I HYBRID FLEX ALTIS CVT,2020,2020,20300,Automático,159900.0,131.0
2.0 XEI 16V FLEX 4P AUTOMÁTICO,2018,2019,80000,Automático,104990.0,102.0
1.8 VVT-I HYBRID FLEX ALTIS CVT,2022,2023,61293,Automático,141780.0,100.0
2.0 VVT-IE FLEX XEI DIRECT SHIFT,2023,2024,72000,Automático,132980.0,93.0
2.0 VVT-IE FLEX XEI DIRECT SHIFT,2023,2023,37430,Automático,133000.0,104.0
1.8 GLI 16V FLEX 4P AUTOMÁTICO,2018,2019,92000,Automático,91900.0,105.0
2.0 VVT-IE FLEX XEI DIRECT SHIFT,2021,2022,83320,Automático,117990.0,96.0
2.0 XEI 16V FLEX 4P AUTOMÁTICO,2017,2018,102140,Automático,95890.0,96.0
2.0 VVT-IE FLEX GLI DIRECT SHIFT,2023,2023,44727,Automático,128790.0,109.0
2.0 VVT-IE FLEX ALTIS PREMIUM DIRECT SHIFT,2026,2026,0,Automático,199980.0,106.0
2.0 VVT-IE FLEX GLI DIRECT SHIFT,2023,2023,53000,Automático,119800.0,101.0
2.0 XEI 16V FLEX 4P AUTOMÁTICO,2012,2013,168000,Automático,69900.0,105.0
2.0 VVT-IE FLEX GLI DIRECT SHIFT,2021,2022,84000,Automático,109900.0,96.0
2.0 VVT-IE FLEX ALTIS DIRECT SHIFT,2022,2023,58600,Automático,137950.0,96.0
2.0 VVT-IE FLEX GLI DIRECT SHIFT,2024,2024,54581,Automático,123900.0,99.0
1.8 VVT-I HYBRID FLEX ALTIS CVT,2023,2023,103804,Automático,144900.0,102.0
2.0 VVT-IE FLEX XEI DIRECT SHIFT,2025,2026,0,Automático,177320.0,108.0
2.0 VVT-IE FLEX GLI DIRECT SHIFT,2024,2024,37809,Automático,130400.0,104.0
2.0 VVT-IE FLEX XEI DIRECT SHIFT,2024,2024,29942,Automático,149890.0,105.0
2.0 VVT-IE FLEX GLI DIRECT SHIFT,2024,2024,59469,Automático,126000.0,100.0
2.0 VVT-IE FLEX XEI DIRECT SHIFT,2023,2024,49905,Automático,142900.0,100.0
2.0 XEI 16V FLEX 4P AUTOMÁTICO,2012,2013,129500,Automático,61900.0,93.0
1.8 XEI 16V FLEX 4P MANUAL,2009,2010,157000,Manual,53500.0,98.0
2.0 XEI 16V FLEX 4P AUTOMÁTICO,2012,2013,109443,Automático,67498.0,102.0
2.0 XEI 16V FLEX 4P AUTOMÁTICO,2016,2016,143000,Automático,78900.0,93.0
2.0 XEI 16V FLEX 4P AUTOMÁTICO,2013,2014,133000,Automático,66250.0,95.0
1.8 VVT-I HYBRID FLEX ALTIS CVT,2020,2020,124800,Automático,106000.0,87.0
2.0 XEI 16V FLEX 4P AUTOMÁTICO,2014,2014,132000,Automático,68500.0,98.0
1.8 XLI 16V FLEX 4P AUTOMÁTICO,2009,2010,135000,Automático,56000.0,105.0
1.8 XEI 16V FLEX 4P AUTOMÁTICO,2009,2010,140000,Automático,52900.0,95.0
2.0 XEI 16V FLEX 4P AUTOMÁTICO,2018,2019,64640,Automático,108000.0,105.0
2.0 XEI 16V FLEX 4P AUTOMÁTICO,2015,2016,94000,Automático,85500.0,101.0
1.8 XEI 16V GASOLINA 4P MANUAL,1999,1999,230000,Manual,29400.0,135.0
2.0 VVT-IE FLEX XEI DIRECT SHIFT,2022,2023,21182,Automático,129800.0,102.0
1.8 GLI 16V FLEX 4P AUTOMÁTICO,2014,2015,147000,Automático,72000.0,95.0
2.0 XEI 16V FLEX 4P AUTOMÁTICO,2017,2018,89000,Automático,105990.0,106.0
2.0 XEI 16V FLEX 4P AUTOMÁTICO,2015,2016,169000,Automático,82100.0,97.0
2.0 XEI 16V FLEX 4P AUTOMÁTICO,2016,2017,89200,Automático,91900.0,104.0
2.0 VVT-IE FLEX ALTIS PREMIUM DIRECT SHIFT,2025,2025,22000,Automático,179900.0,102.0
1.8 VVT-I HYBRID FLEX ALTIS PREMIUM CVT,2022,2023,59000,Automático,148000.0,102.0
2.0 XRS 16V FLEX 4P AUTOMÁTICO,2012,2013,179000,Manual,68000.0,101.0
2.0 VVT-IE FLEX XEI DIRECT SHIFT,2021,2022,57000,Automático,125000.0,102.0
1.8 GLI 16V FLEX 4P AUTOMÁTICO,2016,2017,93500,Automático,82900.0,102.0
2.0 VVT-IE FLEX XEI DIRECT SHIFT,2023,2024,42800,Automático,142500.0,100.0
2.0 VVT-IE FLEX XEI DIRECT SHIFT,2021,2022,80000,Automático,121900.0,99.0
1.8 GLI 16V FLEX 4P AUTOMÁTICO,2017,2018,77200,Automático,90900.0,107.0
2.0 VVT-IE FLEX XEI DIRECT SHIFT,2021,2022,59500,Automático,125000.0,102.0
2.0 ALTIS 16V FLEX 4P AUTOMÁTICO,2014,2015,24000,Automático,109999.0,132.0
1.8 GLI 16V FLEX 4P AUTOMÁTICO,2016,2017,126000,Automático,83900.0,103.0
1.8 GLI 16V FLEX 4P AUTOMÁTICO,2016,2017,150000,Automático,86000.0,106.0
2.0 VVT-IE FLEX XEI DIRECT SHIFT,2021,2022,71500,Automático,124700.0,102.0
1.8 XEI 16V GASOLINA 4P AUTOMÁTICO,2005,2005,204447,Automático,39900.0,109.0
2.0 VVT-IE FLEX XEI DIRECT SHIFT,2023,2023,60000,Automático,132500.0,104.0
2.0 VVT-IE FLEX GLI DIRECT SHIFT,2022,2023,32000,Automático,116990.0,99.0
1.8 GLI 16V FLEX 4P AUTOMÁTICO,2010,2011,143000,Automático,57000.0,103.0
2.0 VVT-IE FLEX GR-S DIRECT SHIFT,2024,2024,67000,Automático,152000.0,95.0
2.0 XEI 16V FLEX 4P AUTOMÁTICO,2017,2018,71000,Automático,108000.0,108.0
1.8 VVT-I HYBRID FLEX ALTIS CVT,2022,2023,72594,Automático,138490.0,97.0
2.0 XEI 16V FLEX 4P AUTOMÁTICO,2010,2011,216000,Automático,55000.0,94.0
1.8 GLI 16V FLEX 4P AUTOMÁTICO,2017,2018,130000,Automático,88000.0,103.0
2.0 XEI 16V FLEX 4P AUTOMÁTICO,2013,2014,50000,Automático,77000.0,110.0
1.8 VVT-I HYBRID FLEX ALTIS PREMIUM CVT,2021,2022,59000,Automático,179800.0,133.0
1.8 GLI 16V FLEX 4P AUTOMÁTICO,2017,2018,88000,Automático,82500.0,97.0
2.0 XEI 16V FLEX 4P AUTOMÁTICO,2014,2015,98500,Automático,81900.0,100.0
2.0 XEI 16V FLEX 4P AUTOMÁTICO,2019,2019,108000,Automático,101900.0,99.0
2.0 VVT-IE FLEX XEI DIRECT SHIFT,2024,2024,14276,Automático,143000.0,100.0
2.0 XEI 16V FLEX 4P AUTOMÁTICO,2016,2017,112100,Automático,87000.0,99.0
1.8 GLI 16V FLEX 4P AUTOMÁTICO,2017,2018,125000,Automático,78000.0,92.0
2.0 XEI 16V FLEX 4P AUTOMÁTICO,2013,2014,132000,Automático,66900.0,96.0
1.8 GLI 16V FLEX 4P AUTOMÁTICO,2013,2014,49200,Manual,79980.0,123.0
2.0 XEI 16V FLEX 4P AUTOMÁTICO,2017,2018,97000,Automático,97500.0,98.0
2.0 VVT-IE FLEX XEI DIRECT SHIFT,2023,2023,122324,Automático,119000.0,93.0
1.8 VVT-I HYBRID FLEX ALTIS PREMIUM CVT,2023,2023,115000,Automático,130000.0,90.0
2.0 XEI 16V FLEX 4P AUTOMÁTICO,2018,2019,110000,Automático,98500.0,96.0
1.8 GLI UPPER 16V FLEX 4P AUTOMÁTICO,2017,2018,148826,Automático,79900.0,93.0
2.0 XEI 16V FLEX 4P AUTOMÁTICO,2010,2011,103000,Automático,61000.0,104.0
2.0 XEI 16V FLEX 4P AUTOMÁTICO,2013,2014,125000,Automático,69000.0,99.0
2.0 XEI 16V FLEX 4P AUTOMÁTICO,2019,2019,43400,Automático,109000.0,106.0
2.0 VVT-IE FLEX GR-S DIRECT SHIFT,2026,2026,4780,Automático,190000.0,104.0
2.0 XEI 16V FLEX 4P AUTOMÁTICO,2015,2016,114700,Automático,83500.0,99.0
1.8 GLI 16V FLEX 4P AUTOMÁTICO,2019,2019,143,Automático,80000.0,91.0
2.0 XEI 16V FLEX 4P AUTOMÁTICO,2014,2015,120000,Automático,84450.0,103.0
1.8 XEI 16V FLEX 4P AUTOMÁTICO,2004,2004,165200,Automático,41900.0,117.0
2.0 XEI 16V FLEX 4P AUTOMÁTICO,2014,2015,98032,Automático,84500.0,103.0
2.0 VVT-IE FLEX ALTIS DIRECT SHIFT,2023,2023,50800,Automático,145000.0,101.0
2.0 XEI 16V FLEX 4P AUTOMÁTICO,2014,2014,91000,Automático,75900.0,109.0
1.8 GLI 16V FLEX 4P AUTOMÁTICO,2014,2014,164700,Automático,64690.0,100.0
1.8 GLI 16V FLEX 4P AUTOMÁTICO,2017,2018,144000,Automático,81900.0,96.0
2.0 VVT-IE FLEX GR-S DIRECT SHIFT,2024,2024,42000,Automático,157900.0,99.0
1.8 GLI UPPER 16V FLEX 4P AUTOMÁTICO,2017,2018,75000,Automático,94500.0,110.0
2.0 VVT-IE FLEX GR-S DIRECT SHIFT,2021,2022,89000,Automático,124900.0,98.0
2.0 XEI 16V FLEX 4P AUTOMÁTICO,2015,2016,96300,Automático,85000.0,101.0
2.0 VVT-IE FLEX XEI DIRECT SHIFT,2019,2020,88000,Automático,115000.0,99.0
1.8 GLI 16V FLEX 4P AUTOMÁTICO,2017,2017,92000,Automático,82900.0,102.0
1.8 GLI 16V FLEX 4P AUTOMÁTICO,2017,2018,88000,Automático,89000.0,104.0
1.8 XEI 16V FLEX 4P AUTOMÁTICO,2009,2010,203000,Automático,55500.0,100.0
2.0 XEI 16V FLEX 4P AUTOMÁTICO,2018,2019,86000,Automático,104000.0,101.0
2.0 VVT-IE FLEX XEI DIRECT SHIFT,2020,2021,54000,Automático,118840.0,99.0
2.0 XEI 16V FLEX 4P AUTOMÁTICO,2013,2014,127500,Automático,70000.0,100.0
2.0 XEI 16V FLEX 4P AUTOMÁTICO,2015,2016,144643,Automático,84000.0,99.0
1.8 GLI 16V FLEX 4P AUTOMÁTICO,2014,2015,140000,Automático,76900.0,102.0
2.0 VVT-IE FLEX XEI DIRECT SHIFT,2020,2021,71000,Automático,118000.0,98.0
2.0 XEI 16V FLEX 4P AUTOMÁTICO,2017,2018,134000,Automático,89900.0,90.0
1.8 VVT-I HYBRID FLEX ALTIS PREMIUM CVT,2023,2023,44000,Automático,149000.0,103.0
1.8 GLI 16V FLEX 4P AUTOMÁTICO,2017,2018,151000,Automático,83900.0,98.0
1.8 GLI 16V FLEX 4P AUTOMÁTICO,2016,2017,118000,Automático,79900.0,98.0
2.0 VVT-IE FLEX XEI DIRECT SHIFT,2023,2023,26500,Automático,137000.0,107.0
2.0 XEI 16V FLEX 4P AUTOMÁTICO,2017,2018,140000,Automático,93990.0,94.0
2.0 XEI 16V FLEX 4P AUTOMÁTICO,2010,2011,89500,Automático,65000.0,111.0
2.0 ALTIS 16V FLEX 4P AUTOMÁTICO,2018,2019,54057,Automático,112900.0,106.0
2.0 VVT-IE FLEX GR-S DIRECT SHIFT,2024,2025,30000,Automático,174900.0,100.0
1.8 GLI 16V FLEX 4P AUTOMÁTICO,2015,2016,124000,Automático,77000.0,98.0
2.0 XEI 16V FLEX 4P AUTOMÁTICO,2010,2011,175,Automático,58900.0,101.0
2.0 ALTIS 16V FLEX 4P AUTOMÁTICO,2015,2016,141000,Automático,85000.0,99.0
1.8 VVT-I HYBRID FLEX ALTIS PREMIUM CVT,2022,2023,101,Automático,144000.0,100.0
2.0 ALTIS 16V FLEX 4P AUTOMÁTICO,2011,2012,193333,Automático,63000.0,96.0
1.8 GLI 16V FLEX 4P AUTOMÁTICO,2016,2017,147000,Automático,80000.0,99.0
1.8 VVT-I HYBRID FLEX ALTIS PREMIUM CVT,2020,2020,156000,Automático,120000.0,96.0
2.0 VVT-IE FLEX XEI DIRECT SHIFT,2024,2025,20100,Automático,159500.0,100.0
2.0 VVT-IE FLEX XEI DIRECT SHIFT,2020,2021,99000,Automático,110000.0,92.0
2.0 VVT-IE FLEX GR-S DIRECT SHIFT,2023,2024,84000,Automático,151000.0,95.0
1.8 XEI 16V FLEX 4P AUTOMÁTICO,2008,2009,157170,Automático,56500.0,105.0
1.8 SE-G 16V FLEX 4P AUTOMÁTICO,2008,2009,220000,Automático,55900.0,100.0
1.8 VVT-I HYBRID FLEX ALTIS PREMIUM CVT,2025,2025,29000,Automático,184900.0,103.0
1.8 GLI UPPER 16V FLEX 4P AUTOMÁTICO,2016,2017,130000,Automático,78999.0,97.0
2.0 XEI 16V FLEX 4P AUTOMÁTICO,2016,2017,149100,Automático,85000.0,96.0
2.0 XEI 16V FLEX 4P AUTOMÁTICO,2016,2017,102000,Automático,87990.0,100.0
2.0 VVT-IE FLEX GR-S DIRECT SHIFT,2024,2024,39664,Automático,160500.0,101.0
2.0 XEI 16V FLEX 4P AUTOMÁTICO,2019,2019,167000,Automático,90000.0,87.0
2.0 XEI 16V FLEX 4P AUTOMÁTICO,2016,2017,140000,Automático,89900.0,102.0
2.0 VVT-IE FLEX XEI DIRECT SHIFT,2022,2023,37000,Automático,165000.0,129.0
2.0 VVT-IE FLEX ALTIS DIRECT SHIFT,2020,2020,85400,Automático,129888.0,104.0
2.0 XEI 16V FLEX 4P AUTOMÁTICO,2017,2018,163500,Automático,93900.0,94.0
2.0 XEI 16V FLEX 4P AUTOMÁTICO,2018,2018,132000,Automático,98500.0,99.0
2.0 ALTIS 16V FLEX 4P AUTOMÁTICO,2017,2018,106000,Automático,109900.0,107.0
2.0 VVT-IE FLEX GR-S DIRECT SHIFT,2021,2022,110800,Automático,123000.0,96.0
2.0 VVT-IE FLEX GR-S DIRECT SHIFT,2022,2023,60000,Automático,140000.0,101.0
2.0 VVT-IE FLEX ALTIS DIRECT SHIFT,2021,2022,66758,Automático,135500.0,99.0
1.8 GLI 16V FLEX 4P AUTOMÁTICO,2017,2018,124000,Automático,88000.0,103.0
1.8 GLI 16V FLEX 4P AUTOMÁTICO,2016,2017,177000,Automático,80000.0,99.0
2.0 VVT-IE FLEX XEI DIRECT SHIFT,2024,2024,21000,Automático,145000.0,102.0
2.0 XEI 16V FLEX 4P AUTOMÁTICO,2018,2019,78000,Automático,103990.0,101.0
1.8 GLI UPPER 16V FLEX 4P AUTOMÁTICO,2017,2018,93000,Automático,89000.0,104.0
2.0 VVT-IE FLEX XEI DIRECT SHIFT,2024,2024,59800,Automático,143150.0,100.0
1.8 GLI 16V FLEX 4P AUTOMÁTICO,2015,2016,132000,Automático,75900.0,97.0
2.0 XEI 16V FLEX 4P AUTOMÁTICO,2019,2019,102000,Automático,101500.0,99.0
2.0 VVT-IE FLEX XEI DIRECT SHIFT,2023,2024,69000,Automático,140000.0,98.0
2.0 VVT-IE FLEX XEI DIRECT SHIFT,2020,2021,82000,Automático,118999.0,99.0
2.0 VVT-IE FLEX GR-S DIRECT SHIFT,2024,2024,16000,Automático,213000.0,133.0
1.8 XLI 16V FLEX 4P AUTOMÁTICO,2012,2012,215000,Automático,55500.0,96.0
2.0 VVT-IE FLEX XEI DIRECT SHIFT,2023,2024,53000,Automático,137900.0,97.0
1.8 VVT-I HYBRID FLEX ALTIS PREMIUM CVT,2024,2024,39600,Automático,165999.0,100.0
1.8 GLI UPPER 16V FLEX 4P AUTOMÁTICO,2019,2019,213000,Automático,86500.0,98.0
2.0 VVT-IE FLEX XEI DIRECT SHIFT,2023,2024,29849,Automático,141900.0,99.0
2.0 XRS 16V FLEX 4P AUTOMÁTICO,2017,2018,79800,Automático,110000.0,111.0
2.0 VVT-IE FLEX XEI DIRECT SHIFT,2025,2025,16300,Automático,169900.0,107.0
1.8 GLI 16V FLEX 4P AUTOMÁTICO,2016,2017,132000,Automático,81000.0,100.0
2.0 XEI 16V FLEX 4P AUTOMÁTICO,2012,2013,160537,Automático,64800.0,98.0
1.8 GLI 16V FLEX 4P AUTOMÁTICO,2015,2015,150000,Automático,76000.0,101.0
2.0 XEI 16V FLEX 4P AUTOMÁTICO,2016,2017,107000,Automático,92000.0,104.0
2.0 VVT-IE FLEX GLI DIRECT SHIFT,2020,2020,95000,Automático,107990.0,100.0
2.0 XRS 16V FLEX 4P AUTOMÁTICO,2017,2018,161000,Automático,99000.0,100.0
2.0 VVT-IE FLEX XEI DIRECT SHIFT,2020,2021,93000,Automático,117777.0,98.0
1.8 GLI 16V FLEX 4P AUTOMÁTICO,2012,2013,205000,Automático,61898.0,99.0
1.8 GLI UPPER 16V FLEX 4P AUTOMÁTICO,2016,2017,190000,Automático,80000.0,98.0
2.0 XEI 16V FLEX 4P AUTOMÁTICO,2016,2016,136700,Automático,88900.0,105.0
2.0 VVT-IE FLEX GR-S DIRECT SHIFT,2023,2024,65000,Automático,155500.0,97.0
2.0 VVT-IE FLEX XEI DIRECT SHIFT,2019,2020,107000,Automático,115999.0,100.0
2.0 XEI 16V FLEX 4P AUTOMÁTICO,2019,2019,100000,Automático,105000.0,102.0
1.8 VVT-I HYBRID FLEX ALTIS PREMIUM CVT,2023,2023,27500,Automático,160000.0,111.0
2.0 VVT-IE FLEX XEI DIRECT SHIFT,2023,2023,62000,Automático,129699.0,102.0
2.0 XEI 16V FLEX 4P AUTOMÁTICO,2018,2019,149000,Automático,103900.0,101.0
2.0 VVT-IE FLEX XEI DIRECT SHIFT,2022,2023,133500,Automático,121900.0,95.0
1.8 GLI 16V FLEX 4P AUTOMÁTICO,2018,2019,120000,Automático,89000.0,101.0
2.0 VVT-IE FLEX XEI DIRECT SHIFT,2024,2024,38500,Automático,145888.0,102.0
2.0 VVT-IE FLEX XEI DIRECT SHIFT,2023,2023,31000,Automático,140000.0,110.0
2.0 VVT-IE FLEX XEI DIRECT SHIFT,2023,2023,30000,Automático,170000.0,133.0
2.0 XEI 16V FLEX 4P AUTOMÁTICO,2014,2015,125500,Automático,82900.0,101.0
2.0 VVT-IE FLEX ALTIS DIRECT SHIFT,2020,2021,68000,Automático,135000.0,104.0
2.0 VVT-IE FLEX XEI DIRECT SHIFT,2021,2022,65600,Automático,127000.0,103.0
2.0 VVT-IE FLEX XEI DIRECT SHIFT,2025,2025,2566,Automático,174990.0,110.0
2.0 VVT-IE FLEX ALTIS DIRECT SHIFT,2022,2023,119000,Automático,146900.0,102.0
2.0 VVT-IE FLEX XEI DIRECT SHIFT,2023,2023,58300,Automático,127900.0,100.0
2.0 VVT-IE FLEX XEI DIRECT SHIFT,2023,2023,52000,Automático,128900.0,101.0
1.8 VVT-I HYBRID FLEX ALTIS PREMIUM CVT,2023,2024,62000,Automático,167000.0,101.0
2.0 XEI 16V FLEX 4P AUTOMÁTICO,2017,2018,106000,Automático,103000.0,103.0
2.0 XRS 16V FLEX 4P AUTOMÁTICO,2013,2014,151000,Automático,69900.0,102.0
2.0 VVT-IE FLEX XEI DIRECT SHIFT,2023,2023,80000,Automático,159900.0,125.0
1.8 VVT-I HYBRID FLEX ALTIS PREMIUM CVT,2021,2022,120000,Automático,136900.0,101.0
2.0 VVT-IE FLEX XEI DIRECT SHIFT,2023,2024,71500,Automático,140000.0,98.0
2.0 VVT-IE FLEX GR-S DIRECT SHIFT,2021,2022,73000,Automático,135990.0,107.0
2.0 VVT-IE FLEX XEI DIRECT SHIFT,2023,2024,65091,Automático,143500.0,101.0
2.0 VVT-IE FLEX XEI DIRECT SHIFT,2022,2023,70000,Automático,130000.0,102.0
2.0 VVT-IE FLEX GR-S DIRECT SHIFT,2021,2022,85000,Automático,129000.0,101.0
1.8 VVT-I HYBRID FLEX ALTIS CVT,2022,2023,169000,Automático,139000.0,98.0
2.0 VVT-IE FLEX XEI DIRECT SHIFT,2023,2023,60500,Automático,126900.0,99.0
1.8 GLI UPPER 16V FLEX 4P AUTOMÁTICO,2018,2019,178000,Automático,91000.0,103.0
1.8 GLI 16V FLEX 4P AUTOMÁTICO,2016,2017,51000,Automático,90900.0,112.0
2.0 VVT-IE FLEX XEI DIRECT SHIFT,2020,2021,84600,Automático,122900.0,103.0
2.0 VVT-IE FLEX GR-S DIRECT SHIFT,2023,2024,35882,Automático,166000.0,104.0
2.0 VVT-IE FLEX XEI DIRECT SHIFT,2021,2022,58700,Automático,124900.0,102.0
2.0 VVT-IE FLEX XEI DIRECT SHIFT,2022,2023,86500,Automático,130000.0,102.0
2.0 VVT-IE FLEX GR-S DIRECT SHIFT,2022,2023,42000,Automático,140000.0,101.0
2.0 VVT-IE FLEX XEI DIRECT SHIFT,2022,2023,64000,Automático,143000.0,112.0
1.8 VVT-I HYBRID FLEX ALTIS PREMIUM CVT,2022,2023,65200,Automático,144500.0,100.0
2.0 VVT-IE FLEX GLI DIRECT SHIFT,2025,2025,26000,Automático,148000.0,102.0
1.8 VVT-I HYBRID FLEX ALTIS PREMIUM CVT,2021,2022,75500,Automático,149900.0,111.0
1.8 GLI 16V FLEX 4P AUTOMÁTICO,2010,2011,193000,Automático,52000.0,94.0
2.0 VVT-IE FLEX ALTIS DIRECT SHIFT,2024,2024,22771,Automático,160000.0,98.0
2.0 VVT-IE FLEX XEI DIRECT SHIFT,2021,2022,18400,Automático,127000.0,103.0
1.8 GLI 16V FLEX 4P AUTOMÁTICO,2017,2017,163000,Automático,77000.0,95.0
2.0 XEI 16V FLEX 4P AUTOMÁTICO,2014,2015,179000,Automático,68990.0,84.0
2.0 VVT-IE FLEX GR-S DIRECT SHIFT,2024,2024,8900,Automático,166000.0,104.0
1.8 GLI 16V FLEX 4P AUTOMÁTICO,2016,2017,78000,Automático,80000.0,99.0
2.0 VVT-IE FLEX XEI DIRECT SHIFT,2025,2026,2310,Automático,170000.0,103.0
1.8 VVT-I HYBRID FLEX ALTIS PREMIUM CVT,2023,2023,25500,Automático,144990.0,100.0
2.0 VVT-IE FLEX XEI DIRECT SHIFT,2024,2024,25000,Automático,142900.0,100.0
2.0 XEI 16V FLEX 4P AUTOMÁTICO,2010,2011,199000,Automático,57000.0,97.0
2.0 XEI 16V FLEX 4P AUTOMÁTICO,2015,2016,210000,Automático,78000.0,92.0
2.0 VVT-IE FLEX XEI DIRECT SHIFT,2021,2022,44000,Automático,149900.0,122.0
2.0 VVT-IE FLEX XEI DIRECT SHIFT,2023,2024,36000,Automático,138900.0,97.0
1.8 VVT-I HYBRID FLEX ALTIS PREMIUM CVT,2022,2023,69500,Automático,138500.0,96.0
2.0 VVT-IE FLEX XEI DIRECT SHIFT,2019,2020,55000,Automático,118500.0,102.0
2.0 VVT-IE FLEX XEI DIRECT SHIFT,2022,2023,93000,Automático,118400.0,93.0
1.8 VVT-I HYBRID FLEX ALTIS PREMIUM CVT,2020,2021,61000,Automático,139990.0,108.0
2.0 XEI 16V FLEX 4P AUTOMÁTICO,2017,2018,128000,Automático,102075.0,103.0
2.0 VVT-IE FLEX XEI DIRECT SHIFT,2021,2022,44333,Automático,130000.0,106.0
2.0 VVT-IE FLEX XEI DIRECT SHIFT,2023,2023,53000,Automático,128000.0,100.0
2.0 VVT-IE FLEX XEI DIRECT SHIFT,2024,2024,48000,Automático,144990.0,102.0
2.0 VVT-IE FLEX XEI DIRECT SHIFT,2023,2023,64000,Automático,130000.0,102.0
2.0 VVT-IE FLEX XEI DIRECT SHIFT,2023,2023,70000,Automático,135000.0,106.0
2.0 VVT-IE FLEX XEI DIRECT SHIFT,2020,2021,107000,Automático,135000.0,113.0
2.0 VVT-IE FLEX XEI DIRECT SHIFT,2022,2023,74332,Automático,125990.0,99.0
2.0 XEI 16V FLEX 4P AUTOMÁTICO,2018,2019,143338,Automático,105990.0,103.0
2.0 VVT-IE FLEX XEI DIRECT SHIFT,2022,2023,39982,Automático,132990.0,104.0
2.0 VVT-IE FLEX XEI DIRECT SHIFT,2019,2020,53491,Automático,149880.0,129.0
2.0 XEI 16V FLEX 4P AUTOMÁTICO,2018,2019,162700,Automático,96990.0,94.0
2.0 XEI 16V FLEX 4P AUTOMÁTICO,2019,2019,108573,Automático,108900.0,106.0
2.0 XEI 16V FLEX 4P AUTOMÁTICO,2019,2019,7590,Automático,119900.0,117.0
1.8 VVT-I HYBRID FLEX ALTIS CVT,2020,2021,98000,Automático,123800.0,98.0
2.0 VVT-IE FLEX XEI DIRECT SHIFT,2021,2022,80000,Automático,119990.0,98.0
2.0 VVT-IE FLEX XEI DIRECT SHIFT,2024,2024,53900,Automático,143000.0,100.0
1.8 GLI UPPER 16V FLEX 4P AUTOMÁTICO,2017,2018,89000,Automático,91900.0,107.0
2.0 VVT-IE FLEX XEI DIRECT SHIFT,2021,2022,115285,Automático,120590.0,98.0
2.0 VVT-IE FLEX XEI DIRECT SHIFT,2022,2023,53595,Automático,137490.0,108.0
2.0 VVT-IE FLEX XEI DIRECT SHIFT,2023,2023,64955,Automático,133290.0,104.0
1.8 GLI 16V FLEX 4P AUTOMÁTICO,2010,2011,154990,Automático,57890.0,104.0
2.0 ALTIS 16V FLEX 4P AUTOMÁTICO,2013,2013,185363,Automático,71990.0,107.0
1.8 VVT-I HYBRID FLEX ALTIS PREMIUM CVT,2025,2026,4000,Automático,192900.0,102.0
2.0 VVT-IE FLEX ALTIS DIRECT SHIFT,2022,2023,47858,Automático,149890.0,105.0
2.0 VVT-IE FLEX GLI DIRECT SHIFT,2019,2020,80482,Automático,113900.0,106.0
2.0 XEI 16V FLEX 4P AUTOMÁTICO,2017,2018,119602,Automático,105900.0,106.0
2.0 VVT-IE FLEX XEI DIRECT SHIFT,2021,2022,89869,Automático,120890.0,98.0
2.0 VVT-IE FLEX ALTIS DIRECT SHIFT,2022,2023,69111,Automático,189900.0,132.0
2.0 VVT-IE FLEX XEI DIRECT SHIFT,2023,2024,48400,Automático,138990.0,97.0
1.8 VVT-I HYBRID FLEX ALTIS PREMIUM CVT,2025,2026,14799,Automático,179800.0,95.0
1.8 VVT-I HYBRID FLEX ALTIS CVT,2022,2023,102258,Automático,144990.0,102.0
2.0 VVT-IE FLEX XEI DIRECT SHIFT,2021,2022,80512,Automático,122900.0,100.0
1.8 VVT-I HYBRID FLEX ALTIS PREMIUM CVT,2025,2026,0,Automático,204320.0,108.0
2.0 VVT-IE FLEX XEI DIRECT SHIFT,2022,2022,80512,Automático,122900.0,100.0
1.8 VVT-I HYBRID FLEX ALTIS PREMIUM CVT,2024,2024,41161,Automático,169900.0,103.0
2.0 VVT-IE FLEX XEI DIRECT SHIFT,2022,2023,57179,Automático,129590.0,101.0
2.0 VVT-IE FLEX XEI DIRECT SHIFT,2026,2026,0,Automático,175620.0,107.0
2.0 VVT-IE FLEX ALTIS DIRECT SHIFT,2022,2023,49000,Automático,145990.0,102.0
1.8 GLI 16V FLEX 4P AUTOMÁTICO,2017,2017,104682,Automático,94900.0,117.0
2.0 VVT-IE FLEX XEI DIRECT SHIFT,2021,2022,43986,Automático,130490.0,106.0
2.0 VVT-IE FLEX XEI DIRECT SHIFT,2023,2024,92544,Automático,129900.0,91.0
2.0 VVT-IE FLEX XEI DIRECT SHIFT,2022,2023,87000,Automático,132000.0,103.0
2.0 ALTIS 16V FLEX 4P AUTOMÁTICO,2011,2012,215000,Automático,63800.0,98.0
2.0 ALTIS 16V FLEX 4P AUTOMÁTICO,2018,2018,122000,Automático,108900.0,106.0
2.0 VVT-IE FLEX GLI DIRECT SHIFT,2020,2020,42933,Automático,124790.0,116.0
1.8 VVT-I HYBRID FLEX ALTIS PREMIUM CVT,2024,2024,11605,Automático,171190.0,103.0
1.8 VVT-I HYBRID FLEX ALTIS PREMIUM CVT,2021,2022,49900,Automático,178890.0,133.0
1.8 GLI 16V FLEX 4P AUTOMÁTICO,2017,2018,128000,Automático,84899.0,100.0
1.8 GLI UPPER 16V FLEX 4P AUTOMÁTICO,2019,2019,97346,Automático,98790.0,112.0
1.8 SE-G 16V FLEX 4P AUTOMÁTICO,2009,2009,182000,Automático,59888.0,107.0
2.0 XEI 16V FLEX 4P AUTOMÁTICO,2014,2015,138501,Automático,79990.0,98.0
2.0 VVT-IE FLEX XEI DIRECT SHIFT,2022,2023,575,Automático,132590.0,104.0
2.0 VVT-IE FLEX XEI DIRECT SHIFT,2022,2023,57179,Automático,126790.0,99.0
1.8 VVT-I HYBRID FLEX ALTIS CVT,2022,2023,8402,Automático,165590.0,116.0
2.0 VVT-IE FLEX XEI DIRECT SHIFT,2022,2023,39909,Automático,136790.0,107.0
2.0 VVT-IE FLEX XEI DIRECT SHIFT,2023,2024,95500,Automático,139900.0,98.0
1.8 VVT-I HYBRID FLEX ALTIS CVT,2022,2023,8402,Automático,165590.0,116.0
1.8 VVT-I HYBRID FLEX ALTIS CVT,2022,2023,8402,Automático,165590.0,116.0
2.0 VVT-IE FLEX XEI DIRECT SHIFT,2022,2023,123000,Automático,127000.0,99.0
2.0 VVT-IE FLEX XEI DIRECT SHIFT,2022,2023,64037,Automático,121890.0,95.0
2.0 VVT-IE FLEX ALTIS DIRECT SHIFT,2023,2023,71650,Automático,138990.0,97.0
1.8 VVT-I HYBRID FLEX ALTIS CVT,2023,2023,72376,Automático,143890.0,101.0
2.0 VVT-IE FLEX XEI DIRECT SHIFT,2022,2023,66930,Automático,126890.0,99.0
2.0 VVT-IE FLEX ALTIS DIRECT SHIFT,2024,2024,69000,Automático,165900.0,102.0
2.0 VVT-IE FLEX XEI DIRECT SHIFT,2026,2026,0,Automático,177010.0,108.0
2.0 VVT-IE FLEX XEI DIRECT SHIFT,2026,2026,0,Automático,177010.0,108.0
2.0 VVT-IE FLEX XEI DIRECT SHIFT,2023,2023,48538,Automático,125900.0,99.0
2.0 VVT-IE FLEX XEI DIRECT SHIFT,2021,2022,55117,Automático,125990.0,103.0
2.0 VVT-IE FLEX XEI DIRECT SHIFT,2022,2023,68351,Automático,133900.0,105.0
2.0 VVT-IE FLEX ALTIS DIRECT SHIFT,2024,2024,24000,Automático,163999.0,100.0
1.8 VVT-I HYBRID FLEX ALTIS PREMIUM CVT,2020,2021,46600,Automático,134980.0,104.0
2.0 VVT-IE FLEX GR-S DIRECT SHIFT,2024,2024,17000,Automático,169890.0,106.0
2.0 XEI 16V FLEX 4P AUTOMÁTICO,2018,2019,145537,Automático,103900.0,101.0
2.0 XEI 16V FLEX 4P AUTOMÁTICO,2016,2017,143000,Automático,85900.0,97.0
2.0 VVT-IE FLEX XEI DIRECT SHIFT,2021,2022,70975,Automático,120900.0,98.0
1.8 VVT-I HYBRID FLEX ALTIS PREMIUM CVT,2022,2023,40388,Automático,172900.0,120.0
1.8 VVT-I HYBRID FLEX ALTIS PREMIUM CVT,2020,2020,143802,Automático,130900.0,104.0
1.8 GLI 16V FLEX 4P AUTOMÁTICO,2016,2017,150482,Automático,84900.0,105.0
2.0 VVT-IE FLEX XEI DIRECT SHIFT,2021,2022,62136,Automático,120900.0,98.0
2.0 XEI 16V FLEX 4P AUTOMÁTICO,2018,2019,79000,Automático,108900.0,106.0
2.0 XEI 16V FLEX 4P AUTOMÁTICO,2011,2012,78000,Automático,74990.0,118.0
1.8 GLI 16V FLEX 4P AUTOMÁTICO,2011,2012,155503,Automático,67900.0,114.0
1.8 GLI 16V FLEX 4P AUTOMÁTICO,2017,2017,100100,Automático,75900.0,93.0
1.8 GLI 16V FLEX 4P AUTOMÁTICO,2014,2015,96000,Automático,78499.0,104.0
2.0 VVT-IE FLEX XEI DIRECT SHIFT,2021,2022,49000,Automático,118890.0,97.0
2.0 ALTIS 16V FLEX 4P AUTOMÁTICO,2011,2012,132479,Automático,70890.0,108.0
2.0 VVT-IE FLEX ALTIS DIRECT SHIFT,2021,2022,80253,Automático,130000.0,95.0
2.0 XEI 16V FLEX 4P AUTOMÁTICO,2015,2016,122000,Automático,81800.0,97.0
2.0 VVT-IE FLEX XEI DIRECT SHIFT,2023,2023,20662,Automático,127900.0,100.0
1.8 VVT-I HYBRID FLEX ALTIS PREMIUM CVT,2023,2023,40918,Automático,149990.0,104.0
1.8 VVT-I HYBRID FLEX ALTIS PREMIUM CVT,2021,2022,90486,Automático,129900.0,96.0
2.0 VVT-IE FLEX XEI DIRECT SHIFT,2021,2021,63068,Automático,123000.0,103.0
2.0 XRS 16V FLEX 4P AUTOMÁTICO,2017,2018,91750,Automático,102900.0,104.0
2.0 VVT-IE FLEX XEI DIRECT SHIFT,2022,2023,38815,Automático,129990.0,102.0
2.0 VVT-IE FLEX XEI DIRECT SHIFT,2023,2023,44604,Automático,128990.0,101.0
2.0 XEI 16V FLEX 4P AUTOMÁTICO,2015,2016,137000,Automático,79000.0,94.0
2.0 XEI 16V FLEX 4P AUTOMÁTICO,2014,2015,176000,Automático,69900.0,85.0
2.0 XRS 16V FLEX 4P AUTOMÁTICO,2018,2019,57000,Automático,105000.0,103.0
1.8 XEI 16V FLEX 4P AUTOMÁTICO,2002,2003,182934,Automático,37000.0,115.0
1.8 GLI 16V FLEX 4P AUTOMÁTICO,2013,2014,117000,Automático,66000.0,102.0
2.0 XEI 16V FLEX 4P AUTOMÁTICO,2010,2011,220000,Automático,55000.0,94.0
1.8 GLI UPPER 16V FLEX 4P AUTOMÁTICO,2017,2018,158765,Automático,75000.0,87.0
2.0 XEI 16V FLEX 4P AUTOMÁTICO,2015,2016,59000,Automático,90000.0,107.0
1.8 SE-G 16V FLEX 4P AUTOMÁTICO,2008,2009,180000,Automático,59900.0,107.0
2.0 XEI 16V FLEX 4P AUTOMÁTICO,2012,2013,195000,Automático,65000.0,98.0
1.8 VVT-I HYBRID FLEX ALTIS PREMIUM CVT,2023,2023,37500,Automático,146990.0,102.0
1.8 GLI 16V FLEX 4P AUTOMÁTICO,2016,2017,91000,Automático,82900.0,102.0
2.0 VVT-IE FLEX XEI DIRECT SHIFT,2024,2024,45000,Automático,139890.0,98.0
1.8 GLI 16V FLEX 4P AUTOMÁTICO,2013,2014,205700,Automático,65000.0,100.0
2.0 VVT-IE FLEX XEI DIRECT SHIFT,2024,2024,10500,Automático,199000.0,140.0
2.0 ALTIS 16V FLEX 4P AUTOMÁTICO,2018,2018,89066,Automático,112900.0,110.0
2.0 VVT-IE FLEX ALTIS DIRECT SHIFT,2022,2023,33500,Automático,144900.0,101.0
2.0 VVT-IE FLEX XEI DIRECT SHIFT,2022,2023,46812,Automático,130000.0,102.0
2.0 XEI 16V FLEX 4P AUTOMÁTICO,2018,2018,82841,Automático,80000.0,80.0
2.0 VVT-IE FLEX GR-S DIRECT SHIFT,2025,2025,15000,Automático,174000.0,99.0
2.0 VVT-IE FLEX GLI DIRECT SHIFT,2025,2025,11000,Automático,140000.0,97.0
2.0 XEI 16V FLEX 4P AUTOMÁTICO,2013,2014,89000,Automático,68000.0,97.0
1.8 GLI 16V FLEX 4P AUTOMÁTICO,2015,2016,145000,Automático,72900.0,93.0
1.8 XLI 16V FLEX 4P AUTOMÁTICO,2010,2010,184000,Automático,49900.0,93.0
1.8 GLI 16V FLEX 4P AUTOMÁTICO,2017,2018,61400,Automático,87500.0,103.0
2.0 VVT-IE FLEX XEI DIRECT SHIFT,2024,2024,101000,Automático,125900.0,88.0
1.8 GLI 16V FLEX 4P AUTOMÁTICO,2016,2017,106000,Automático,78000.0,96.0
2.0 XEI 16V FLEX 4P AUTOMÁTICO,2015,2016,108000,Automático,79000.0,94.0
2.0 VVT-IE FLEX XEI DIRECT SHIFT,2024,2024,29000,Automático,142650.0,100.0
2.0 XEI 16V FLEX 4P AUTOMÁTICO,2010,2011,210000,Automático,53000.0,91.0
1.8 GLI 16V FLEX 4P AUTOMÁTICO,2012,2012,118000,Automático,60000.0,100.0
2.0 VVT-IE FLEX XEI DIRECT SHIFT,2020,2021,80000,Automático,119990.0,100.0
2.0 VVT-IE FLEX XEI DIRECT SHIFT,2021,2022,80000,Automático,115000.0,94.0
1.8 GLI 16V FLEX 4P AUTOMÁTICO,2014,2015,104784,Automático,74890.0,99.0
2.0 XEI 16V FLEX 4P AUTOMÁTICO,2011,2012,132000,Automático,58900.0,93.0
2.0 XEI 16V FLEX 4P AUTOMÁTICO,2014,2015,127000,Automático,79900.0,97.0
2.0 XRS 16V FLEX 4P AUTOMÁTICO,2012,2013,96000,Automático,69000.0,103.0
1.8 VVT-I HYBRID FLEX ALTIS PREMIUM CVT,2022,2023,138000,Automático,135000.0,93.0
1.8 GLI 16V FLEX 4P AUTOMÁTICO,2011,2012,217871,Automático,54999.0,92.0
2.0 XEI 16V FLEX 4P AUTOMÁTICO,2018,2019,101800,Automático,100300.0,98.0
2.0 VVT-IE FLEX XEI DIRECT SHIFT,2024,2024,12030,Automático,148000.0,104.0
2.0 VVT-IE FLEX XEI DIRECT SHIFT,2022,2023,30000,Automático,130500.0,102.0
2.0 XEI 16V FLEX 4P AUTOMÁTICO,2011,2012,92300,Automático,66500.0,105.0
2.0 DYNAMIC 16V FLEX 4P AUTOMÁTICO,2016,2017,102000,Automático,85000.0,95.0
2.0 VVT-IE FLEX XEI DIRECT SHIFT,2023,2024,22000,Automático,143800.0,101.0
1.8 GLI 16V FLEX 4P AUTOMÁTICO,2017,2018,104864,Automático,84900.0,100.0
2.0 ALTIS 16V FLEX 4P AUTOMÁTICO,2016,2017,122000,Automático,88500.0,98.0
2.0 ALTIS 16V FLEX 4P AUTOMÁTICO,2015,2016,129000,Automático,84900.0,99.0
1.8 GLI 16V FLEX 4P AUTOMÁTICO,2016,2017,84000,Automático,80000.0,99.0
1.8 VVT-I HYBRID FLEX ALTIS CVT,2019,2020,202000,Automático,112000.0,92.0
1.8 VVT-I HYBRID FLEX ALTIS CVT,2023,2023,120,Automático,140000.0,98.0
2.0 XEI 16V FLEX 4P AUTOMÁTICO,2015,2016,150000,Automático,78000.0,92.0
2.0 VVT-IE FLEX XEI DIRECT SHIFT,2021,2022,33000,Automático,124000.0,101.0
2.0 VVT-IE FLEX GR-S DIRECT SHIFT,2021,2022,38000,Automático,134990.0,106.0
1.8 GLI UPPER 16V FLEX 4P AUTOMÁTICO,2017,2018,113000,Automático,83500.0,97.0
2.0 VVT-IE FLEX GLI DIRECT SHIFT,2025,2025,8987,Automático,151900.0,105.0
2.0 XEI 16V FLEX 4P AUTOMÁTICO,2017,2018,95579,Automático,98900.0,99.0
2.0 XEI 16V FLEX 4P AUTOMÁTICO,2010,2011,136500,Automático,58300.0,100.0
2.0 XEI 16V FLEX 4P AUTOMÁTICO,2014,2015,148000,Automático,80000.0,98.0
2.0 VVT-IE FLEX XEI DIRECT SHIFT,2025,2025,23000,Automático,149790.0,94.0
2.0 XRS 16V FLEX 4P AUTOMÁTICO,2017,2018,145000,Automático,93000.0,94.0
2.0 XEI 16V FLEX 4P AUTOMÁTICO,2016,2017,100000,Automático,89900.0,102.0
1.8 GLI UPPER 16V FLEX 4P AUTOMÁTICO,2018,2019,181000,Automático,82490.0,93.0
2.0 XEI 16V FLEX 4P AUTOMÁTICO,2013,2014,195000,Automático,65900.0,94.0
2.0 ALTIS 16V FLEX 4P AUTOMÁTICO,2014,2015,179100,Automático,79000.0,95.0
2.0 XEI 16V FLEX 4P AUTOMÁTICO,2016,2017,92300,Automático,87900.0,100.0
1.8 VVT-I HYBRID FLEX ALTIS PREMIUM CVT,2025,2026,3000,Automático,192000.0,102.0
2.0 XEI 16V FLEX 4P AUTOMÁTICO,2015,2016,95000,Automático,84900.0,101.0
1.8 GLI 16V FLEX 4P AUTOMÁTICO,2015,2016,100000,Automático,78000.0,99.0
2.0 VVT-IE FLEX XEI DIRECT SHIFT,2022,2023,90524,Automático,119900.0,94.0
1.8 GLI UPPER 16V FLEX 4P AUTOMÁTICO,2016,2017,134000,Automático,79900.0,98.0
1.8 GLI UPPER 16V FLEX 4P AUTOMÁTICO,2018,2019,98900,Automático,86980.0,98.0
2.0 VVT-IE FLEX ALTIS DIRECT SHIFT,2019,2020,40000,Automático,149000.0,119.0
2.0 VVT-IE FLEX XEI DIRECT SHIFT,2022,2023,48000,Automático,127000.0,99.0
1.8 GLI 16V FLEX 4P AUTOMÁTICO,2016,2017,122000,Automático,79900.0,98.0
2.0 ALTIS 16V FLEX 4P AUTOMÁTICO,2011,2012,213000,Automático,62900.0,96.0
1.8 VVT-I HYBRID FLEX ALTIS PREMIUM CVT,2023,2024,107300,Automático,149900.0,91.0
2.0 VVT-IE FLEX XEI DIRECT SHIFT,2025,2025,15200,Automático,156900.0,98.0
2.0 VVT-IE FLEX ALTIS DIRECT SHIFT,2019,2020,109000,Automático,124880.0,100.0
2.0 VVT-IE FLEX XEI DIRECT SHIFT,2024,2024,40000,Automático,138500.0,97.0
2.0 VVT-IE FLEX GLI DIRECT SHIFT,2022,2023,23762,Automático,123900.0,105.0
2.0 XEI 16V FLEX 4P AUTOMÁTICO,2017,2018,175000,Automático,93900.0,94.0
1.8 GLI 16V FLEX 4P AUTOMÁTICO,2019,2019,139000,Automático,82000.0,93.0
2.0 XEI 16V FLEX 4P AUTOMÁTICO,2018,2018,87000,Automático,100000.0,100.0
2.0 XEI 16V FLEX 4P AUTOMÁTICO,2014,2015,43500,Automático,88900.0,108.0
2.0 XEI 16V FLEX 4P AUTOMÁTICO,2011,2012,180000,Automático,62000.0,98.0
2.0 VVT-IE FLEX XEI DIRECT SHIFT,2022,2023,55000,Automático,124800.0,98.0
1.8 GLI 16V FLEX 4P AUTOMÁTICO,2014,2015,156000,Automático,71900.0,95.0
1.8 GLI 16V FLEX 4P AUTOMÁTICO,2013,2014,59898,Automático,75000.0,116.0
2.0 VVT-IE FLEX XEI DIRECT SHIFT,2019,2020,101250,Automático,112000.0,96.0
2.0 XEI 16V FLEX 4P AUTOMÁTICO,2017,2018,83000,Automático,102000.0,102.0
2.0 XEI 16V FLEX 4P AUTOMÁTICO,2011,2011,173000,Automático,60800.0,104.0
1.8 GLI 16V FLEX 4P AUTOMÁTICO,2016,2016,77000,Automático,86500.0,110.0
2.0 XEI 16V FLEX 4P AUTOMÁTICO,2012,2013,179000,Automático,63800.0,96.0
2.0 XEI 16V FLEX 4P AUTOMÁTICO,2016,2017,156000,Automático,81990.0,93.0
2.0 VVT-IE FLEX XEI DIRECT SHIFT,2022,2023,59500,Automático,125900.0,99.0
2.0 VVT-IE FLEX ALTIS DIRECT SHIFT,2024,2024,37257,Automático,163000.0,100.0
1.8 VVT-I HYBRID FLEX ALTIS CVT,2021,2022,108000,Automático,122000.0,92.0
2.0 XEI 16V FLEX 4P AUTOMÁTICO,2017,2018,64500,Automático,110000.0,110.0
2.0 VVT-IE FLEX GLI DIRECT SHIFT,2020,2021,93100,Automático,103000.0,93.0
2.0 VVT-IE FLEX XEI DIRECT SHIFT,2021,2022,69000,Automático,117000.0,95.0
2.0 VVT-IE FLEX XEI DIRECT SHIFT,2023,2023,35000,Automático,129399.0,101.0
2.0 XEI 16V FLEX 4P AUTOMÁTICO,2016,2017,143000,Automático,87000.0,99.0
2.0 XEI 16V FLEX 4P AUTOMÁTICO,2019,2019,74000,Automático,101500.0,99.0
1.8 GLI 16V FLEX 4P AUTOMÁTICO,2017,2018,128000,Automático,84900.0,100.0
2.0 XEI 16V FLEX 4P AUTOMÁTICO,2015,2015,137100,Automático,84900.0,104.0
2.0 VVT-IE FLEX XEI DIRECT SHIFT,2023,2024,29700,Automático,144990.0,102.0
2.0 VVT-IE FLEX XEI DIRECT SHIFT,2022,2023,42200,Automático,130000.0,102.0
1.8 GLI 16V FLEX 4P AUTOMÁTICO,2017,2018,144500,Automático,82900.0,97.0
2.0 VVT-IE FLEX XEI DIRECT SHIFT,2019,2020,73000,Automático,125990.0,108.0
2.0 VVT-IE FLEX XEI DIRECT SHIFT,2021,2022,87000,Automático,112990.0,92.0
2.0 XEI 16V FLEX 4P AUTOMÁTICO,2016,2017,106000,Automático,90000.0,102.0
2.0 VVT-IE FLEX XEI DIRECT SHIFT,2022,2023,60000,Automático,127000.0,99.0
2.0 XEI 16V FLEX 4P AUTOMÁTICO,2017,2018,88000,Automático,101000.0,101.0
1.8 XEI 16V GASOLINA 4P AUTOMÁTICO,2000,2000,191000,Automático,25000.0,106.0
2.0 XEI 16V FLEX 4P AUTOMÁTICO,2016,2017,94000,Automático,92000.0,104.0
2.0 ALTIS 16V FLEX 4P AUTOMÁTICO,2015,2016,137000,Automático,89000.0,104.0
2.0 XEI 16V FLEX 4P AUTOMÁTICO,2014,2015,127000,Automático,80500.0,98.0
2.0 VVT-IE FLEX XEI DIRECT SHIFT,2023,2024,42000,Automático,138500.0,97.0
2.0 VVT-IE FLEX GR-S DIRECT SHIFT,2024,2024,27000,Automático,205500.0,129.0
2.0 VVT-IE FLEX GR-S DIRECT SHIFT,2021,2022,39500,Automático,175000.0,137.0
1.8 VVT-I HYBRID FLEX ALTIS PREMIUM CVT,2022,2023,93000,Automático,138900.0,96.0
2.0 XEI 16V FLEX 4P AUTOMÁTICO,2014,2014,118000,Automático,73000.0,104.0
1.8 GLI 16V FLEX 4P AUTOMÁTICO,2016,2016,123000,Automático,82000.0,105.0
1.8 VVT-I HYBRID FLEX ALTIS PREMIUM CVT,2025,2025,15000,Automático,192000.0,107.0
2.0 XEI 16V FLEX 4P AUTOMÁTICO,2018,2019,54000,Automático,122800.0,119.0
2.0 XEI 16V FLEX 4P AUTOMÁTICO,2018,2018,110000,Automático,99900.0,100.0
2.0 VVT-IE FLEX GR-S DIRECT SHIFT,2021,2022,104000,Automático,127000.0,99.0
1.8 VVT-I HYBRID FLEX ALTIS PREMIUM CVT,2021,2022,98000,Automático,132500.0,98.0
2.0 XEI 16V FLEX 4P AUTOMÁTICO,2017,2017,120000,Automático,87999.0,100.0
1.8 VVT-I HYBRID FLEX ALTIS CVT,2021,2022,125000,Automático,132000.0,99.0
2.0 XEI 16V FLEX 4P AUTOMÁTICO,2018,2019,84000,Automático,104000.0,101.0
2.0 VVT-IE FLEX GLI DIRECT SHIFT,2020,2020,89000,Automático,108990.0,101.0
2.0 XEI 16V FLEX 4P AUTOMÁTICO,2014,2015,152000,Automático,83000.0,101.0
1.8 GLI 16V FLEX 4P AUTOMÁTICO,2016,2017,95980,Automático,88000.0,108.0
1.8 VVT-I HYBRID FLEX ALTIS PREMIUM CVT,2023,2023,98500,Automático,132900.0,92.0
1.8 GLI 16V FLEX 4P AUTOMÁTICO,2017,2018,65300,Automático,90000.0,106.0
2.0 XEI 16V FLEX 4P AUTOMÁTICO,2015,2016,113907,Automático,84500.0,100.0
1.8 GLI 16V FLEX 4P AUTOMÁTICO,2018,2018,122279,Automático,84000.0,99.0
2.0 VVT-IE FLEX ALTIS DIRECT SHIFT,2020,2020,108000,Automático,128500.0,103.0
2.0 ALTIS 16V FLEX 4P AUTOMÁTICO,2015,2016,140000,Automático,89690.0,105.0
2.0 VVT-IE FLEX GR-S DIRECT SHIFT,2021,2022,78000,Automático,128890.0,101.0
2.0 XEI 16V FLEX 4P AUTOMÁTICO,2015,2016,149000,Automático,85500.0,101.0
2.0 VVT-IE FLEX XEI DIRECT SHIFT,2023,2024,51000,Automático,137900.0,97.0
1.8 VVT-I HYBRID FLEX ALTIS PREMIUM CVT,2021,2022,64000,Automático,149000.0,110.0
1.8 GLI UPPER 16V FLEX 4P AUTOMÁTICO,2016,2017,176000,Automático,81000.0,100.0
2.0 XEI 16V FLEX 4P AUTOMÁTICO,2017,2017,97320,Automático,94500.0,107.0
2.0 VVT-IE FLEX XEI DIRECT SHIFT,2019,2020,92000,Automático,118000.0,101.0
2.0 VVT-IE FLEX ALTIS DIRECT SHIFT,2023,2024,41700,Automático,165900.0,102.0
2.0 VVT-IE FLEX XEI DIRECT SHIFT,2019,2020,100000,Automático,119000.0,102.0
2.0 XRS 16V FLEX 4P AUTOMÁTICO,2012,2013,174000,Manual,74000.0,110.0
2.0 VVT-IE FLEX XEI DIRECT SHIFT,2020,2020,56000,Automático,137900.0,118.0
2.0 VVT-IE FLEX XEI DIRECT SHIFT,2019,2020,95122,Automático,119000.0,102.0
2.0 XEI 16V FLEX 4P AUTOMÁTICO,2014,2015,36000,Automático,93500.0,114.0
2.0 XEI 16V FLEX 4P AUTOMÁTICO,2016,2017,107000,Automático,89900.0,102.0
2.0 VVT-IE FLEX GLI DIRECT SHIFT,2024,2024,34000,Automático,179900.0,143.0
2.0 XEI 16V FLEX 4P AUTOMÁTICO,2019,2019,111000,Automático,102000.0,99.0
2.0 VVT-IE FLEX GR-S DIRECT SHIFT,2023,2023,62000,Automático,133000.0,96.0
2.0 VVT-IE FLEX XEI DIRECT SHIFT,2021,2022,141000,Automático,120500.0,98.0
2.0 VVT-IE FLEX XEI DIRECT SHIFT,2024,2024,69442,Automático,139900.0,98.0
2.0 VVT-IE FLEX XEI DIRECT SHIFT,2024,2024,30000,Automático,148000.0,104.0
1.8 GLI 16V FLEX 4P AUTOMÁTICO,2015,2016,97000,Automático,85000.0,108.0
1.8 GLI 16V FLEX 4P AUTOMÁTICO,2014,2015,120000,Automático,77700.0,103.0
2.0 VVT-IE FLEX XEI DIRECT SHIFT,2023,2023,54318,Automático,126500.0,99.0
2.0 XEI 16V FLEX 4P AUTOMÁTICO,2017,2018,140000,Automático,98000.0,98.0
2.0 VVT-IE FLEX ALTIS DIRECT SHIFT,2020,2020,57000,Automático,167000.0,134.0
2.0 VVT-IE FLEX XEI DIRECT SHIFT,2024,2024,39500,Automático,143100.0,100.0
2.0 XEI 16V FLEX 4P AUTOMÁTICO,2011,2012,161000,Automático,69000.0,109.0
2.0 VVT-IE FLEX XEI DIRECT SHIFT,2024,2024,22000,Automático,198000.0,139.0
2.0 XEI 16V FLEX 4P AUTOMÁTICO,2015,2015,168000,Automático,84990.0,104.0
1.8 VVT-I HYBRID FLEX ALTIS PREMIUM CVT,2020,2020,65000,Automático,137000.0,109.0
2.0 XEI 16V FLEX 4P AUTOMÁTICO,2017,2018,129000,Automático,97900.0,98.0
2.0 ALTIS 16V FLEX 4P AUTOMÁTICO,2014,2015,144000,Automático,83500.0,100.0
1.8 VVT-I HYBRID FLEX ALTIS PREMIUM CVT,2025,2026,5500,Automático,190000.0,101.0
2.0 VVT-IE FLEX GLI DIRECT SHIFT,2021,2022,53000,Automático,147900.0,129.0
1.8 GLI 16V FLEX 4P AUTOMÁTICO,2015,2015,161854,Automático,78900.0,104.0
1.8 VVT-I HYBRID FLEX ALTIS CVT,2021,2022,49500,Automático,143000.0,107.0
2.0 XEI 16V FLEX 4P AUTOMÁTICO,2018,2019,170000,Automático,99900.0,97.0
2.0 VVT-IE FLEX XEI DIRECT SHIFT,2022,2023,95000,Automático,123000.0,96.0
2.0 VVT-IE FLEX ALTIS DIRECT SHIFT,2024,2024,29300,Automático,170000.0,104.0
2.0 VVT-IE FLEX XEI DIRECT SHIFT,2022,2023,63725,Automático,130000.0,102.0
2.0 VVT-IE FLEX XEI DIRECT SHIFT,2021,2022,89000,Automático,119990.0,98.0
2.0 VVT-IE FLEX ALTIS DIRECT SHIFT,2021,2022,57000,Automático,139900.0,103.0
2.0 VVT-IE FLEX XEI DIRECT SHIFT,2021,2022,97500,Automático,114900.0,94.0
2.0 VVT-IE FLEX XEI DIRECT SHIFT,2023,2023,66500,Automático,130000.0,102.0
2.0 XEI 16V FLEX 4P AUTOMÁTICO,2017,2018,109000,Automático,104000.0,104.0
2.0 XEI 16V FLEX 4P AUTOMÁTICO,2016,2017,92000,Automático,91900.0,104.0
1.8 GLI 16V FLEX 4P AUTOMÁTICO,2017,2018,131500,Automático,84000.0,99.0
2.0 XEI 16V FLEX 4P AUTOMÁTICO,2012,2012,184500,Automático,65900.0,104.0
2.0 XEI 16V FLEX 4P AUTOMÁTICO,2016,2017,126000,Automático,89000.0,101.0
2.0 VVT-IE FLEX ALTIS DIRECT SHIFT,2022,2023,27580,Automático,189900.0,132.0
2.0 VVT-IE FLEX ALTIS DIRECT SHIFT,2020,2020,49000,Automático,168000.0,134.0
2.0 XEI 16V FLEX 4P AUTOMÁTICO,2014,2015,140000,Automático,84000.0,102.0
1.8 GLI UPPER 16V FLEX 4P AUTOMÁTICO,2017,2018,143000,Automático,83000.0,97.0
2.0 XEI 16V FLEX 4P AUTOMÁTICO,2010,2011,223000,Automático,58900.0,101.0
2.0 VVT-IE FLEX XEI DIRECT SHIFT,2023,2023,57000,Automático,125990.0,99.0
1.8 VVT-I HYBRID FLEX ALTIS PREMIUM CVT,2021,2022,105000,Automático,132990.0,99.0
1.8 GLI UPPER 16V FLEX 4P AUTOMÁTICO,2017,2018,127651,Automático,85800.0,100.0
2.0 VVT-IE FLEX GLI DIRECT SHIFT,2021,2022,124000,Automático,110000.0,96.0
2.0 VVT-IE FLEX XEI DIRECT SHIFT,2021,2022,73000,Automático,119900.0,98.0
1.8 VVT-I HYBRID FLEX ALTIS PREMIUM CVT,2021,2022,58239,Automático,145000.0,107.0
1.8 GLI 16V FLEX 4P AUTOMÁTICO,2017,2018,129500,Automático,85499.0,100.0
2.0 XEI 16V FLEX 4P AUTOMÁTICO,2016,2017,149000,Automático,88000.0,100.0
2.0 XEI 16V FLEX 4P AUTOMÁTICO,2014,2015,147000,Automático,84900.0,104.0
2.0 VVT-IE FLEX XEI DIRECT SHIFT,2021,2022,108000,Automático,119500.0,97.0
1.8 VVT-I HYBRID FLEX ALTIS CVT,2022,2023,100000,Automático,139000.0,98.0
2.0 VVT-IE FLEX XEI DIRECT SHIFT,2020,2021,118000,Automático,116500.0,97.0
2.0 VVT-IE FLEX XEI DIRECT SHIFT,2021,2022,100500,Automático,120000.0,98.0
2.0 VVT-IE FLEX XEI DIRECT SHIFT,2021,2022,91000,Automático,121000.0,99.0
2.0 XEI 16V FLEX 4P AUTOMÁTICO,2018,2018,115786,Automático,103000.0,103.0
1.8 VVT-I HYBRID FLEX ALTIS PREMIUM CVT,2020,2021,83200,Automático,165000.0,127.0
2.0 VVT-IE FLEX XEI DIRECT SHIFT,2024,2025,49000,Automático,192000.0,120.0
2.0 VVT-IE FLEX XEI DIRECT SHIFT,2021,2022,95000,Automático,122000.0,99.0
1.8 GLI UPPER 16V FLEX 4P AUTOMÁTICO,2019,2019,66000,Automático,92500.0,104.0
2.0 VVT-IE FLEX XEI DIRECT SHIFT,2022,2023,60000,Automático,127000.0,99.0
1.8 VVT-I HYBRID FLEX ALTIS CVT,2020,2021,180000,Automático,127000.0,100.0
2.0 VVT-IE FLEX XEI DIRECT SHIFT,2024,2024,53000,Automático,143000.0,100.0
1.8 GLI UPPER 16V FLEX 4P AUTOMÁTICO,2017,2018,118000,Automático,90000.0,105.0
2.0 VVT-IE FLEX XEI DIRECT SHIFT,2022,2023,58500,Automático,132900.0,104.0
2.0 VVT-IE FLEX XEI DIRECT SHIFT,2023,2023,65000,Automático,130990.0,103.0
2.0 XEI 16V FLEX 4P AUTOMÁTICO,2015,2016,91000,Automático,82900.0,98.0
2.0 XEI 16V FLEX 4P AUTOMÁTICO,2011,2012,137000,Automático,62000.0,98.0
1.8 GLI 16V FLEX 4P AUTOMÁTICO,2017,2018,156000,Automático,82600.0,97.0
1.8 VVT-I HYBRID FLEX ALTIS PREMIUM CVT,2022,2023,91600,Automático,169900.0,117.0
2.0 XEI 16V FLEX 4P AUTOMÁTICO,2017,2018,64400,Automático,106000.0,106.0
1.8 GLI UPPER 16V FLEX 4P AUTOMÁTICO,2018,2018,127000,Automático,88000.0,102.0
2.0 VVT-IE FLEX GR-S DIRECT SHIFT,2022,2023,37000,Automático,139000.0,100.0
2.0 XEI 16V FLEX 4P AUTOMÁTICO,2013,2014,120800,Automático,74900.0,107.0
2.0 VVT-IE FLEX XEI DIRECT SHIFT,2022,2023,81000,Automático,126900.0,99.0
1.8 GLI UPPER 16V FLEX 4P AUTOMÁTICO,2019,2019,165000,Automático,83000.0,94.0
2.0 VVT-IE FLEX XEI DIRECT SHIFT,2020,2021,78000,Automático,119500.0,100.0
2.0 VVT-IE FLEX GR-S DIRECT SHIFT,2022,2023,35500,Automático,135000.0,97.0
2.0 VVT-IE FLEX ALTIS DIRECT SHIFT,2022,2023,55000,Automático,142000.0,99.0
2.0 VVT-IE FLEX XEI DIRECT SHIFT,2022,2023,80000,Automático,129200.0,101.0
1.8 VVT-I HYBRID FLEX ALTIS CVT,2021,2022,93000,Automático,155000.0,116.0
2.0 VVT-IE FLEX XEI DIRECT SHIFT,2022,2023,54775,Automático,155000.0,121.0
1.8 VVT-I HYBRID FLEX ALTIS PREMIUM CVT,2022,2023,61000,Automático,169000.0,117.0
1.8 XEI 16V GASOLINA 4P AUTOMÁTICO,2004,2004,175500,Automático,42500.0,119.0
2.0 VVT-IE FLEX ALTIS DIRECT SHIFT,2021,2022,120000,Automático,159990.0,117.0
1.8 GLI 16V FLEX 4P AUTOMÁTICO,2017,2017,86900,Automático,85900.0,106.0
2.0 XEI 16V FLEX 4P AUTOMÁTICO,2017,2018,215000,Automático,99783.0,100.0
2.0 VVT-IE FLEX GR-S DIRECT SHIFT,2023,2024,56500,Automático,159900.0,100.0
2.0 VVT-IE FLEX XEI DIRECT SHIFT,2020,2021,87000,Automático,120000.0,100.0
2.0 VVT-IE FLEX XEI DIRECT SHIFT,2023,2024,50000,Automático,140999.0,99.0
1.8 VVT-I HYBRID FLEX ALTIS PREMIUM CVT,2022,2023,135600,Automático,145000.0,100.0
1.8 VVT-I HYBRID FLEX ALTIS CVT,2019,2020,64000,Automático,149900.0,122.0
1.8 SE-G 16V FLEX 4P AUTOMÁTICO,2009,2010,130000,Automático,53000.0,93.0
2.0 VVT-IE FLEX XEI DIRECT SHIFT,2024,2024,24022,Automático,115000.0,81.0
1.8 XLI 16V GASOLINA 4P AUTOMÁTICO,2002,2002,182669,Automático,26000.0,94.0
2.0 VVT-IE FLEX XEI DIRECT SHIFT,2025,2025,8500,Automático,154000.0,97.0
2.0 XEI 16V FLEX 4P AUTOMÁTICO,2011,2012,120200,Automático,63500.0,100.0
1.8 VVT-I HYBRID FLEX ALTIS CVT,2021,2022,199,Automático,125000.0,94.0
2.0 VVT-IE FLEX XEI DIRECT SHIFT,2021,2021,58000,Automático,118890.0,99.0
2.0 XEI 16V FLEX 4P AUTOMÁTICO,2014,2015,85000,Automático,82500.0,101.0
1.8 VVT-I HYBRID FLEX ALTIS CVT,2020,2021,80500,Automático,125000.0,99.0
1.8 VVT-I HYBRID FLEX ALTIS PREMIUM CVT,2020,2020,32280,Automático,133900.0,107.0
1.8 VVT-I HYBRID FLEX ALTIS PREMIUM CVT,2022,2023,43000,Automático,137800.0,95.0
1.8 VVT-I HYBRID FLEX ALTIS CVT,2021,2022,88000,Automático,119999.0,90.0
1.8 GLI 16V FLEX 4P AUTOMÁTICO,2017,2018,179500,Automático,78990.0,93.0
2.0 XEI 16V FLEX 4P AUTOMÁTICO,2014,2015,124000,Automático,78800.0,96.0
2.0 VVT-IE FLEX XEI DIRECT SHIFT,2022,2023,18200,Automático,137000.0,107.0
2.0 VVT-IE FLEX XEI DIRECT SHIFT,2022,2023,25600,Automático,138000.0,108.0
2.0 VVT-IE FLEX XEI DIRECT SHIFT,2020,2020,68900,Automático,116900.0,100.0
2.0 XEI 16V FLEX 4P AUTOMÁTICO,2017,2018,112000,Automático,97499.0,98.0
2.0 VVT-IE FLEX XEI DIRECT SHIFT,2023,2023,11500,Automático,149000.0,117.0
2.0 XEI 16V FLEX 4P AUTOMÁTICO,2015,2016,123000,Automático,83900.0,99.0
1.8 VVT-I HYBRID FLEX ALTIS PREMIUM CVT,2019,2020,153000,Automático,120000.0,96.0
2.0 VVT-IE FLEX XEI DIRECT SHIFT,2024,2024,29000,Automático,146000.0,102.0
2.0 VVT-IE FLEX XEI DIRECT SHIFT,2023,2024,5030,Automático,149500.0,105.0
2.0 XEI 16V FLEX 4P AUTOMÁTICO,2016,2017,185000,Automático,85900.0,97.0
2.0 VVT-IE FLEX XEI DIRECT SHIFT,2020,2021,64190,Automático,119999.0,100.0
2.0 VVT-IE FLEX XEI DIRECT SHIFT,2022,2023,44100,Automático,130500.0,102.0
1.8 GLI UPPER 16V FLEX 4P AUTOMÁTICO,2018,2019,135000,Automático,87990.0,99.0
2.0 VVT-IE FLEX XEI DIRECT SHIFT,2022,2023,57000,Automático,127500.0,100.0
2.0 XEI 16V FLEX 4P AUTOMÁTICO,2015,2016,108148,Automático,89900.0,106.0
2.0 VVT-IE FLEX GR-S DIRECT SHIFT,2025,2026,2298,Automático,189790.0,104.0
1.8 XEI 16V FLEX 4P AUTOMÁTICO,2008,2009,111000,Automático,59900.0,111.0
2.0 XEI 16V FLEX 4P AUTOMÁTICO,2011,2012,115000,Automático,64990.0,102.0
2.0 VVT-IE FLEX XEI DIRECT SHIFT,2024,2025,9000,Automático,164999.0,103.0
2.0 XRS 16V FLEX 4P AUTOMÁTICO,2017,2018,112712,Automático,99900.0,101.0
2.0 VVT-IE FLEX ALTIS DIRECT SHIFT,2021,2022,63761,Automático,139950.0,103.0
2.0 XEI 16V FLEX 4P AUTOMÁTICO,2017,2018,105000,Automático,98800.0,99.0
2.0 VVT-IE FLEX XEI DIRECT SHIFT,2020,2021,34500,Automático,115900.0,97.0
1.8 GLI 16V FLEX 4P AUTOMÁTICO,2016,2016,90811,Automático,78990.0,101.0
2.0 VVT-IE FLEX GLI DIRECT SHIFT,2020,2020,84600,Automático,125000.0,116.0
2.0 VVT-IE FLEX XEI DIRECT SHIFT,2019,2020,56000,Automático,121990.0,105.0
2.0 VVT-IE FLEX XEI DIRECT SHIFT,2024,2024,42453,Automático,144990.0,102.0
2.0 VVT-IE FLEX GLI DIRECT SHIFT,2024,2025,3000,Automático,146900.0,102.0
2.0 XEI 16V FLEX 4P AUTOMÁTICO,2018,2019,123000,Automático,103590.0,101.0
2.0 VVT-IE FLEX XEI DIRECT SHIFT,2021,2022,40000,Automático,155000.0,126.0
2.0 VVT-IE FLEX XEI DIRECT SHIFT,2023,2023,24419,Automático,127990.0,100.0
2.0 VVT-IE FLEX GLI DIRECT SHIFT,2022,2023,56670,Automático,118890.0,101.0
1.8 GLI 16V FLEX 4P AUTOMÁTICO,2015,2016,132000,Automático,81900.0,104.0
2.0 VVT-IE FLEX GLI DIRECT SHIFT,2025,2025,200,Automático,147900.0,102.0
1.8 XLI 16V FLEX 4P AUTOMÁTICO,2010,2011,106400,Automático,59899.0,108.0
1.8 VVT-I HYBRID FLEX ALTIS PREMIUM CVT,2022,2023,63000,Automático,149990.0,104.0
2.0 XEI 16V FLEX 4P AUTOMÁTICO,2018,2019,66582,Automático,104990.0,102.0
2.0 VVT-IE FLEX ALTIS DIRECT SHIFT,2020,2021,52000,Automático,139900.0,107.0
2.0 VVT-IE FLEX XEI DIRECT SHIFT,2022,2023,75059,Automático,139900.0,110.0
2.0 VVT-IE FLEX XEI DIRECT SHIFT,2024,2024,20005,Automático,143900.0,101.0
2.0 XEI 16V FLEX 4P AUTOMÁTICO,2011,2012,110000,Automático,66899.0,105.0
2.0 VVT-IE FLEX XEI DIRECT SHIFT,2020,2021,108000,Automático,121900.0,102.0
2.0 VVT-IE FLEX XEI DIRECT SHIFT,2020,2021,75000,Automático,119790.0,100.0
2.0 VVT-IE FLEX GR-S DIRECT SHIFT,2024,2024,33848,Automático,161990.0,101.0
2.0 XEI 16V FLEX 4P AUTOMÁTICO,2014,2014,146304,Automático,78990.0,113.0
2.0 VVT-IE FLEX XEI DIRECT SHIFT,2024,2024,35000,Automático,151900.0,106.0
2.0 VVT-IE FLEX ALTIS DIRECT SHIFT,2022,2023,64750,Automático,149590.0,104.0
2.0 XEI 16V FLEX 4P AUTOMÁTICO,2019,2019,150000,Automático,107900.0,105.0
2.0 VVT-IE FLEX ALTIS DIRECT SHIFT,2023,2024,42780,Automático,163900.0,100.0
2.0 VVT-IE FLEX XEI DIRECT SHIFT,2022,2023,79456,Automático,128900.0,101.0
1.8 VVT-I HYBRID FLEX ALTIS PREMIUM CVT,2023,2024,104396,Automático,165890.0,100.0
2.0 VVT-IE FLEX XEI DIRECT SHIFT,2021,2022,94603,Automático,123990.0,101.0
2.0 VVT-IE FLEX XEI DIRECT SHIFT,2022,2023,89200,Automático,127990.0,100.0
2.0 VVT-IE FLEX XEI DIRECT SHIFT,2019,2020,72601,Automático,118800.0,102.0
2.0 XEI 16V FLEX 4P AUTOMÁTICO,2014,2015,130476,Automático,82900.0,101.0
1.8 VVT-I HYBRID FLEX ALTIS CVT,2019,2020,89184,Automático,127990.0,105.0
2.0 XEI 16V FLEX 4P AUTOMÁTICO,2013,2014,173206,Automático,69900.0,100.0
1.8 GLI 16V FLEX 4P AUTOMÁTICO,2016,2017,143700,Automático,79990.0,99.0
2.0 VVT-IE FLEX GR-S DIRECT SHIFT,2021,2022,49895,Automático,129000.0,101.0
1.8 GLI 16V FLEX 4P AUTOMÁTICO,2016,2017,150000,Automático,87900.0,108.0
2.0 VVT-IE FLEX GLI DIRECT SHIFT,2024,2024,38902,Automático,127300.0,101.0
2.0 VVT-IE FLEX GLI DIRECT SHIFT,2023,2024,33924,Automático,127300.0,101.0
2.0 VVT-IE FLEX XEI DIRECT SHIFT,2023,2023,66177,Automático,130500.0,102.0
1.8 XEI 16V FLEX 4P AUTOMÁTICO,2008,2009,213000,Automático,59900.0,111.0
2.0 VVT-IE FLEX GR-S DIRECT SHIFT,2021,2022,53000,Automático,131900.0,103.0
2.0 VVT-IE FLEX XEI DIRECT SHIFT,2023,2023,77071,Automático,133090.0,104.0
2.0 VVT-IE FLEX XEI DIRECT SHIFT,2020,2021,61677,Automático,120990.0,101.0
2.0 VVT-IE FLEX XEI DIRECT SHIFT,2024,2025,28000,Automático,199990.0,125.0
2.0 VVT-IE FLEX XEI DIRECT SHIFT,2023,2023,57000,Automático,133090.0,104.0
2.0 VVT-IE FLEX XEI DIRECT SHIFT,2023,2023,27065,Automático,143790.0,113.0
2.0 VVT-IE FLEX GLI DIRECT SHIFT,2024,2024,47525,Automático,123500.0,98.0
2.0 VVT-IE FLEX XEI DIRECT SHIFT,2021,2022,70000,Automático,123800.0,101.0
2.0 VVT-IE FLEX XEI DIRECT SHIFT,2021,2022,62000,Automático,122790.0,100.0
2.0 VVT-IE FLEX XEI DIRECT SHIFT,2022,2023,88524,Automático,132390.0,104.0
2.0 VVT-IE FLEX XEI DIRECT SHIFT,2022,2023,54397,Automático,133090.0,104.0
2.0 VVT-IE FLEX XEI DIRECT SHIFT,2023,2023,77071,Automático,133090.0,104.0
2.0 VVT-IE FLEX XEI DIRECT SHIFT,2024,2024,53181,Automático,142200.0,100.0
2.0 VVT-IE FLEX GLI DIRECT SHIFT,2025,2025,30762,Automático,152800.0,106.0
2.0 VVT-IE FLEX XEI DIRECT SHIFT,2023,2023,18048,Automático,142590.0,112.0
2.0 VVT-IE FLEX XEI DIRECT SHIFT,2024,2025,13318,Automático,159390.0,100.0
2.0 XEI 16V FLEX 4P AUTOMÁTICO,2013,2014,109000,Automático,71900.0,103.0
1.8 XLI 16V FLEX 4P MANUAL,2010,2011,140000,Manual,54900.0,100.0
2.0 VVT-IE FLEX XEI DIRECT SHIFT,2021,2022,45000,Automático,122890.0,100.0
1.8 GLI 16V FLEX 4P AUTOMÁTICO,2015,2016,95000,Automático,80800.0,103.0
1.8 VVT-I HYBRID FLEX ALTIS PREMIUM CVT,2023,2023,29100,Automático,147990.0,102.0
2.0 XEI 16V FLEX 4P AUTOMÁTICO,2011,2012,125306,Automático,63990.0,101.0
2.0 VVT-IE FLEX GR-S DIRECT SHIFT,2021,2022,78000,Automático,129990.0,102.0
2.0 XEI 16V FLEX 4P AUTOMÁTICO,2011,2012,131000,Automático,64990.0,102.0
2.0 XEI 16V FLEX 4P AUTOMÁTICO,2013,2014,82000,Automático,74900.0,107.0
2.0 VVT-IE FLEX XEI DIRECT SHIFT,2020,2020,99435,Automático,116900.0,100.0
1.8 GLI UPPER 16V FLEX 4P AUTOMÁTICO,2017,2018,108000,Automático,89900.0,105.0
2.0 VVT-IE FLEX XEI DIRECT SHIFT,2025,2025,1200,Automático,219990.0,138.0
2.0 VVT-IE FLEX GLI DIRECT SHIFT,2021,2022,98000,Automático,116700.0,102.0
1.8 XEI 16V FLEX 4P MANUAL,2009,2009,73000,Manual,54900.0,106.0
1.8 GLI 16V FLEX 4P AUTOMÁTICO,2015,2016,100000,Automático,82900.0,106.0
2.0 VVT-IE FLEX XEI DIRECT SHIFT,2025,2025,13000,Automático,155990.0,98.0
2.0 VVT-IE FLEX ALTIS PREMIUM DIRECT SHIFT,2025,2025,4644,Automático,182790.0,103.0
2.0 VVT-IE FLEX GR-S DIRECT SHIFT,2024,2024,25500,Automático,159900.0,100.0
1.8 VVT-I HYBRID FLEX ALTIS PREMIUM CVT,2019,2020,58000,Automático,124999.0,100.0
1.8 GLI 16V FLEX 4P AUTOMÁTICO,2016,2017,112000,Automático,86990.0,107.0
1.8 XEI 16V FLEX 4P AUTOMÁTICO,2009,2010,190000,Automático,58900.0,106.0
1.8 GLI 16V FLEX 4P AUTOMÁTICO,2009,2010,130000,Automático,56900.0,106.0
2.0 XEI 16V FLEX 4P AUTOMÁTICO,2012,2013,159310,Automático,71990.0,108.0
2.0 XEI 16V FLEX 4P AUTOMÁTICO,2012,2013,224652,Automático,61900.0,93.0
2.0 ALTIS 16V FLEX 4P AUTOMÁTICO,2012,2013,135000,Automático,66490.0,98.0
1.8 XLI 16V FLEX 4P AUTOMÁTICO,2012,2013,165000,Automático,63900.0,100.0
2.0 ALTIS 16V FLEX 4P AUTOMÁTICO,2013,2014,144000,Automático,77990.0,108.0
2.0 XEI 16V FLEX 4P AUTOMÁTICO,2011,2012,106210,Automático,65900.0,104.0
2.0 XEI 16V FLEX 4P AUTOMÁTICO,2015,2016,148000,Automático,86000.0,102.0
2.0 VVT-IE FLEX XEI DIRECT SHIFT,2024,2024,20070,Automático,146900.0,103.0
2.0 XEI 16V FLEX 4P AUTOMÁTICO,2016,2017,110000,Automático,89900.0,102.0
2.0 VVT-IE FLEX GR-S DIRECT SHIFT,2022,2023,51000,Automático,155000.0,112.0
2.0 VVT-IE FLEX XEI DIRECT SHIFT,2019,2020,58682,Automático,121900.0,105.0
2.0 VVT-IE FLEX XEI DIRECT SHIFT,2020,2021,30000,Automático,118990.0,99.0
1.8 GLI 16V FLEX 4P AUTOMÁTICO,2012,2013,170000,Automático,61990.0,99.0
2.0 XRS 16V FLEX 4P AUTOMÁTICO,2017,2018,91358,Automático,103990.0,105.0
2.0 VVT-IE FLEX GR-S DIRECT SHIFT,2025,2025,5842,Automático,171900.0,98.0
1.8 GLI 16V FLEX 4P AUTOMÁTICO,2013,2014,97000,Automático,80000.0,123.0
2.0 XEI 16V FLEX 4P AUTOMÁTICO,2013,2014,129000,Automático,69900.0,100.0
2.0 VVT-IE FLEX XEI DIRECT SHIFT,2020,2020,151000,Automático,104900.0,90.0
2.0 XEI 16V FLEX 4P AUTOMÁTICO,2014,2014,92000,Automático,72790.0,104.0
2.0 XEI 16V FLEX 4P AUTOMÁTICO,2011,2012,230000,Automático,66790.0,105.0
2.0 XEI 16V FLEX 4P AUTOMÁTICO,2014,2015,150000,Automático,77750.0,95.0
2.0 XEI 16V FLEX 4P AUTOMÁTICO,2014,2015,150000,Automático,77750.0,95.0
2.0 XEI 16V FLEX 4P AUTOMÁTICO,2014,2015,150000,Automático,77750.0,95.0
2.0 XEI 16V FLEX 4P AUTOMÁTICO,2010,2011,164726,Automático,63900.0,109.0
1.8 GLI 16V FLEX 4P AUTOMÁTICO,2013,2014,108000,Automático,64900.0,100.0
2.0 XEI 16V FLEX 4P AUTOMÁTICO,2016,2016,70323,Automático,95900.0,114.0
2.0 VVT-IE FLEX GR-S DIRECT SHIFT,2024,2025,14000,Automático,175000.0,100.0
1.8 GLI 16V FLEX 4P AUTOMÁTICO,2010,2011,130000,Automático,57499.0,104.0
2.0 VVT-IE FLEX XEI DIRECT SHIFT,2019,2020,69200,Automático,115900.0,99.0
2.0 VVT-IE FLEX XEI DIRECT SHIFT,2024,2024,14000,Automático,154900.0,109.0
2.0 XEI 16V FLEX 4P AUTOMÁTICO,2013,2014,100000,Automático,81900.0,117.0
2.0 VVT-IE FLEX XEI DIRECT SHIFT,2023,2024,49000,Automático,139900.0,98.0
1.8 GLI UPPER 16V FLEX 4P AUTOMÁTICO,2017,2017,98000,Automático,79990.0,98.0
1.8 VVT-I HYBRID FLEX ALTIS CVT,2022,2023,21000,Automático,184900.0,130.0
2.0 XEI 16V FLEX 4P AUTOMÁTICO,2013,2014,106000,Automático,71990.0,103.0
2.0 XEI 16V FLEX 4P AUTOMÁTICO,2019,2019,101200,Automático,108900.0,106.0
2.0 VVT-IE FLEX GLI DIRECT SHIFT,2025,2025,12000,Automático,146900.0,102.0
2.0 VVT-IE FLEX XEI DIRECT SHIFT,2019,2020,80000,Automático,112990.0,97.0
2.0 VVT-IE FLEX XEI DIRECT SHIFT,2022,2023,68000,Automático,122900.0,96.0
1.8 XEI 16V FLEX 4P MANUAL,2008,2009,133120,Manual,53990.0,104.0
1.8 GLI 16V FLEX 4P AUTOMÁTICO,2013,2014,128789,Automático,69900.0,108.0
1.8 GLI 16V FLEX 4P AUTOMÁTICO,2016,2017,119000,Automático,79900.0,98.0
2.0 XEI 16V FLEX 4P AUTOMÁTICO,2015,2016,119000,Automático,83900.0,99.0
1.8 VVT-I HYBRID FLEX ALTIS CVT,2020,2020,187751,Automático,109990.0,90.0
1.8 VVT-I HYBRID FLEX ALTIS PREMIUM CVT,2021,2022,120000,Automático,129900.0,96.0
2.0 VVT-IE FLEX GLI DIRECT SHIFT,2021,2022,28029,Automático,116000.0,101.0
2.0 XEI 16V FLEX 4P AUTOMÁTICO,2014,2015,88850,Automático,85900.0,105.0
1.8 VVT-I HYBRID FLEX ALTIS PREMIUM CVT,2024,2024,24750,Automático,175888.0,106.0
2.0 VVT-IE FLEX GLI DIRECT SHIFT,2025,2025,9100,Automático,144800.0,100.0
1.8 SE-G 16V GASOLINA 4P AUTOMÁTICO,2003,2004,229419,Automático,38900.0,108.0
2.0 VVT-IE FLEX XEI DIRECT SHIFT,2025,2025,9200,Automático,159900.0,100.0
1.8 GLI 16V FLEX 4P AUTOMÁTICO,2017,2017,149000,Automático,74990.0,92.0
1.8 XEI 16V GASOLINA 4P AUTOMÁTICO,2006,2006,171524,Automático,40900.0,106.0
2.0 XRS 16V FLEX 4P AUTOMÁTICO,2012,2013,118000,Automático,73900.0,110.0
1.8 GLI 16V FLEX 4P AUTOMÁTICO,2012,2013,178000,Automático,64890.0,104.0
2.0 VVT-IE FLEX GR-S DIRECT SHIFT,2025,2025,4700,Automático,179900.0,102.0
2.0 VVT-IE FLEX XEI DIRECT SHIFT,2023,2023,54037,Automático,126900.0,99.0
2.0 VVT-IE FLEX GR-S DIRECT SHIFT,2024,2024,25726,Automático,158900.0,100.0
1.8 VVT-I HYBRID FLEX ALTIS PREMIUM CVT,2023,2023,48080,Automático,142990.0,99.0
1.8 GLI 16V FLEX 4P AUTOMÁTICO,2013,2014,149000,Automático,67900.0,105.0
1.8 GLI 16V FLEX 4P AUTOMÁTICO,2015,2016,151759,Automático,79890.0,102.0
2.0 VVT-IE FLEX ALTIS DIRECT SHIFT,2023,2023,29000,Automático,144900.0,101.0
2.0 VVT-IE FLEX XEI DIRECT SHIFT,2020,2021,49880,Automático,124900.0,104.0
1.8 XEI 16V GASOLINA 4P AUTOMÁTICO,2000,2001,181000,Automático,39990.0,146.0
2.0 VVT-IE FLEX GR-S DIRECT SHIFT,2023,2023,17694,Automático,147900.0,107.0
1.8 VVT-I HYBRID FLEX ALTIS CVT,2020,2021,79300,Automático,119990.0,95.0
2.0 XEI 16V FLEX 4P AUTOMÁTICO,2018,2019,57264,Automático,114900.0,112.0
1.8 GLI 16V FLEX 4P AUTOMÁTICO,2013,2014,153505,Automático,64700.0,100.0
2.0 VVT-IE FLEX GLI DIRECT SHIFT,2019,2020,43000,Automático,110900.0,103.0
1.8 VVT-I HYBRID FLEX ALTIS PREMIUM CVT,2025,2025,10000,Automático,179900.0,100.0
1.8 GLI UPPER 16V FLEX 4P AUTOMÁTICO,2018,2019,131000,Automático,86990.0,98.0
1.8 XEI 16V FLEX 4P AUTOMÁTICO,2009,2009,176000,Automático,54900.0,102.0
1.8 XEI 16V FLEX 4P AUTOMÁTICO,2009,2010,174100,Automático,55990.0,101.0
2.0 VVT-IE FLEX XEI DIRECT SHIFT,2022,2023,47916,Automático,124900.0,98.0
2.0 XEI 16V FLEX 4P AUTOMÁTICO,2014,2014,151000,Automático,71900.0,103.0
2.0 VVT-IE FLEX XEI DIRECT SHIFT,2024,2024,18000,Automático,149000.0,104.0
2.0 XEI 16V FLEX 4P AUTOMÁTICO,2015,2016,92000,Automático,84990.0,101.0
2.0 VVT-IE FLEX XEI DIRECT SHIFT,2019,2020,58000,Automático,117990.0,101.0
2.0 VVT-IE FLEX GLI DIRECT SHIFT,2025,2025,9600,Automático,146900.0,102.0
2.0 XEI 16V FLEX 4P AUTOMÁTICO,2010,2011,161287,Automático,59490.0,102.0
2.0 XEI 16V FLEX 4P AUTOMÁTICO,2015,2015,145000,Automático,84900.0,104.0
2.0 XEI 16V FLEX 4P AUTOMÁTICO,2012,2013,146000,Automático,69900.0,105.0
2.0 VVT-IE FLEX GLI DIRECT SHIFT,2020,2021,99806,Automático,98900.0,90.0
2.0 VVT-IE FLEX GR-S DIRECT SHIFT,2025,2025,18856,Automático,183900.0,105.0
2.0 ALTIS 16V FLEX 4P AUTOMÁTICO,2017,2018,108695,Automático,105990.0,103.0
2.0 VVT-IE FLEX XEI DIRECT SHIFT,2021,2022,68761,Automático,123900.0,101.0
2.0 VVT-IE FLEX GR-S DIRECT SHIFT,2025,2025,6823,Automático,178890.0,102.0
2.0 VVT-IE FLEX GLI DIRECT SHIFT,2025,2025,11500,Automático,145900.0,101.0
1.8 GLI 16V FLEX 4P AUTOMÁTICO,2015,2016,85000,Automático,81900.0,104.0
2.0 VVT-IE FLEX GR-S DIRECT SHIFT,2021,2022,57000,Automático,134800.0,106.0
1.8 GLI 16V FLEX 4P AUTOMÁTICO,2015,2016,92232,Automático,81900.0,104.0
2.0 XEI 16V FLEX 4P AUTOMÁTICO,2016,2017,77618,Automático,92890.0,105.0
2.0 XEI 16V FLEX 4P AUTOMÁTICO,2018,2019,61965,Automático,120900.0,118.0
2.0 VVT-IE FLEX ALTIS DIRECT SHIFT,2021,2022,56681,Automático,138900.0,102.0
2.0 VVT-IE FLEX XEI DIRECT SHIFT,2019,2020,71764,Automático,118890.0,102.0
2.0 VVT-IE FLEX XEI DIRECT SHIFT,2020,2020,100000,Automático,115990.0,99.0
2.0 VVT-IE FLEX ALTIS DIRECT SHIFT,2022,2023,25623,Automático,150000.0,105.0
2.0 VVT-IE FLEX GR-S DIRECT SHIFT,2022,2023,68000,Manual,143990.0,104.0
2.0 VVT-IE FLEX XEI DIRECT SHIFT,2021,2022,49000,Automático,118990.0,97.0
1.8 GLI 16V FLEX 4P AUTOMÁTICO,2016,2017,83500,Automático,87990.0,108.0
1.8 XLI 16V FLEX 4P AUTOMÁTICO,2008,2009,161436,Automático,58990.0,116.0
1.8 GLI 16V FLEX 4P AUTOMÁTICO,2017,2018,121000,Automático,84900.0,100.0
2.0 VVT-IE FLEX GR-S DIRECT SHIFT,2025,2025,12167,Automático,176900.0,101.0
2.0 VVT-IE FLEX XEI DIRECT SHIFT,2019,2020,65000,Automático,118900.0,102.0
2.0 VVT-IE FLEX XEI DIRECT SHIFT,2024,2025,14000,Automático,159900.0,100.0
1.8 VVT-I HYBRID FLEX ALTIS PREMIUM CVT,2020,2021,90686,Automático,129500.0,100.0
2.0 XEI 16V FLEX 4P AUTOMÁTICO,2017,2018,137985,Automático,89990.0,90.0
2.0 VVT-IE FLEX XEI DIRECT SHIFT,2024,2024,28000,Automático,144900.0,102.0
2.0 XEI 16V FLEX 4P AUTOMÁTICO,2015,2015,91225,Automático,83900.0,102.0
2.0 ALTIS 16V FLEX 4P AUTOMÁTICO,2011,2012,115454,Automático,74900.0,115.0
2.0 XEI 16V FLEX 4P AUTOMÁTICO,2019,2019,56000,Automático,108800.0,106.0
1.8 GLI 16V FLEX 4P AUTOMÁTICO,2012,2013,117000,Automático,65900.0,106.0
2.0 VVT-IE FLEX XEI DIRECT SHIFT,2025,2025,11159,Automático,162990.0,102.0
1.8 XEI 16V GASOLINA 4P AUTOMÁTICO,2007,2007,207000,Automático,44990.0,110.0
2.0 VVT-IE FLEX XEI DIRECT SHIFT,2025,2025,17000,Automático,212000.0,133.0
2.0 XEI 16V FLEX 4P AUTOMÁTICO,2018,2018,84824,Automático,113600.0,114.0
2.0 XEI 16V FLEX 4P AUTOMÁTICO,2011,2012,187000,Automático,67500.0,106.0
2.0 ALTIS 16V FLEX 4P AUTOMÁTICO,2014,2015,179017,Automático,84900.0,102.0
2.0 VVT-IE FLEX XEI DIRECT SHIFT,2025,2025,7377,Automático,159900.0,100.0
2.0 VVT-IE FLEX GR-S DIRECT SHIFT,2025,2026,2298,Automático,189790.0,104.0
2.0 VVT-IE FLEX XEI DIRECT SHIFT,2024,2024,7000,Automático,207900.0,146.0
2.0 XEI 16V FLEX 4P AUTOMÁTICO,2014,2015,141000,Automático,82900.0,101.0
1.8 SE-G 16V FLEX 4P AUTOMÁTICO,2008,2009,220389,Automático,57900.0,104.0
1.8 VVT-I HYBRID FLEX ALTIS CVT,2022,2022,59480,Automático,148790.0,112.0
1.8 VVT-I HYBRID FLEX ALTIS PREMIUM CVT,2024,2025,40000,Automático,172900.0,96.0
1.8 GLI 16V FLEX 4P AUTOMÁTICO,2015,2016,159300,Automático,79900.0,102.0
2.0 VVT-IE FLEX XEI DIRECT SHIFT,2025,2025,7377,Automático,163900.0,103.0
2.0 VVT-IE FLEX XEI DIRECT SHIFT,2019,2020,56000,Automático,121990.0,105.0
2.0 XEI 16V FLEX 4P AUTOMÁTICO,2019,2019,84550,Automático,104900.0,102.0
2.0 VVT-IE FLEX XEI DIRECT SHIFT,2021,2022,62000,Automático,126990.0,103.0
1.8 SE-G 16V FLEX 4P AUTOMÁTICO,2008,2009,170000,Automático,59900.0,107.0
2.0 XEI 16V FLEX 4P AUTOMÁTICO,2014,2015,35000,Automático,95888.0,117.0
1.8 VVT-I HYBRID FLEX ALTIS CVT,2020,2020,143000,Automático,114890.0,94.0
2.0 VVT-IE FLEX XEI DIRECT SHIFT,2019,2020,58000,Automático,119900.0,103.0
1.8 VVT-I HYBRID FLEX ALTIS PREMIUM CVT,2025,2026,0,Automático,198990.0,106.0
2.0 VVT-IE FLEX XEI DIRECT SHIFT,2024,2024,110000,Automático,129900.0,91.0
2.0 VVT-IE FLEX GR-S DIRECT SHIFT,2025,2025,6823,Automático,178890.0,102.0
2.0 VVT-IE FLEX XEI DIRECT SHIFT,2021,2022,31723,Automático,123990.0,101.0
2.0 XEI 16V FLEX 4P AUTOMÁTICO,2015,2016,110405,Automático,88997.0,105.0
1.8 GLI 16V FLEX 4P AUTOMÁTICO,2015,2016,88100,Automático,81000.0,103.0
2.0 XEI 16V FLEX 4P AUTOMÁTICO,2019,2019,175800,Automático,96900.0,94.0
1.8 VVT-I HYBRID FLEX ALTIS PREMIUM CVT,2022,2023,61379,Automático,145980.0,101.0
2.0 VVT-IE FLEX XEI DIRECT SHIFT,2025,2025,16000,Automático,159990.0,100.0
1.8 GLI 16V FLEX 4P AUTOMÁTICO,2011,2012,197920,Automático,63899.0,107.0
2.0 VVT-IE FLEX XEI DIRECT SHIFT,2019,2020,56000,Automático,121990.0,105.0
2.0 XEI 16V FLEX 4P AUTOMÁTICO,2016,2017,120000,Automático,89900.0,102.0
2.0 XEI 16V FLEX 4P AUTOMÁTICO,2016,2016,140000,Automático,89800.0,106.0
2.0 VVT-IE FLEX XEI DIRECT SHIFT,2022,2023,89000,Automático,120980.0,95.0
2.0 XEI 16V FLEX 4P AUTOMÁTICO,2015,2016,80950,Automático,95900.0,114.0
1.8 XEI 16V FLEX 4P AUTOMÁTICO,2008,2009,149000,Automático,56900.0,106.0
2.0 VVT-IE FLEX XEI DIRECT SHIFT,2022,2023,48495,Automático,159990.0,125.0
1.8 GLI UPPER 16V FLEX 4P AUTOMÁTICO,2018,2018,100000,Automático,99900.0,116.0
2.0 VVT-IE FLEX XEI DIRECT SHIFT,2021,2022,49000,Automático,126000.0,103.0
2.0 VVT-IE FLEX ALTIS DIRECT SHIFT,2023,2023,10686,Automático,205990.0,144.0
2.0 VVT-IE FLEX XEI DIRECT SHIFT,2023,2024,63550,Automático,139800.0,98.0
1.8 SE-G 16V FLEX 4P AUTOMÁTICO,2008,2009,184487,Automático,59900.0,107.0
1.6 XLI 16V GASOLINA 4P AUTOMÁTICO,2007,2007,195556,Automático,44900.0,121.0
2.0 VVT-IE FLEX ALTIS PREMIUM DIRECT SHIFT,2025,2025,1931,Automático,189900.0,107.0
2.0 VVT-IE FLEX GLI DIRECT SHIFT,2020,2021,107839,Automático,107800.0,98.0
2.0 XEI 16V FLEX 4P AUTOMÁTICO,2011,2012,165000,Automático,67900.0,107.0
2.0 VVT-IE FLEX XEI DIRECT SHIFT,2024,2024,17000,Automático,142990.0,100.0
2.0 VVT-IE FLEX XEI DIRECT SHIFT,2020,2021,66000,Automático,119980.0,100.0
2.0 VVT-IE FLEX XEI DIRECT SHIFT,2024,2024,109998,Automático,129900.0,91.0
2.0 XEI 16V FLEX 4P AUTOMÁTICO,2017,2018,113000,Automático,99900.0,100.0
2.0 XEI 16V FLEX 4P AUTOMÁTICO,2015,2015,126997,Automático,86890.0,106.0
2.0 XEI 16V FLEX 4P AUTOMÁTICO,2017,2018,142000,Automático,98800.0,99.0
2.0 XEI 16V FLEX 4P AUTOMÁTICO,2011,2012,191000,Automático,65990.0,104.0
1.8 GLI 16V FLEX 4P AUTOMÁTICO,2012,2012,155866,Automático,59900.0,100.0
2.0 XEI 16V FLEX 4P AUTOMÁTICO,2015,2016,151000,Automático,86900.0,103.0
2.0 VVT-IE FLEX XEI DIRECT SHIFT,2020,2020,54191,Automático,119900.0,103.0
1.8 GLI 16V FLEX 4P AUTOMÁTICO,2014,2014,47000,Automático,76990.0,119.0
2.0 XEI 16V FLEX 4P AUTOMÁTICO,2015,2016,97000,Automático,86900.0,103.0
2.0 XEI 16V FLEX 4P AUTOMÁTICO,2019,2019,92000,Automático,106900.0,104.0
1.8 SE-G 16V FLEX 4P AUTOMÁTICO,2008,2009,134200,Automático,57800.0,104.0
2.0 VVT-IE FLEX XEI DIRECT SHIFT,2025,2026,0,Automático,174990.0,106.0
2.0 VVT-IE FLEX XEI DIRECT SHIFT,2023,2023,44792,Automático,129900.0,102.0
1.8 GLI 16V FLEX 4P AUTOMÁTICO,2016,2017,218504,Automático,78990.0,97.0
2.0 VVT-IE FLEX GR-S DIRECT SHIFT,2024,2025,34000,Automático,174900.0,100.0
2.0 XEI 16V FLEX 4P AUTOMÁTICO,2012,2013,192629,Automático,70900.0,107.0
2.0 XEI 16V FLEX 4P AUTOMÁTICO,2013,2014,157000,Automático,74900.0,107.0
2.0 VVT-IE FLEX XEI DIRECT SHIFT,2024,2024,70421,Automático,136900.0,96.0
2.0 VVT-IE FLEX XEI DIRECT SHIFT,2024,2024,89773,Automático,134900.0,95.0
1.8 GLI UPPER 16V FLEX 4P AUTOMÁTICO,2017,2018,148825,Automático,83800.0,97.0
2.0 ALTIS 16V FLEX 4P AUTOMÁTICO,2018,2019,67423,Automático,108990.0,102.0
1.8 VVT-I HYBRID FLEX ALTIS PREMIUM CVT,2025,2026,7200,Automático,188890.0,100.0
2.0 XEI 16V FLEX 4P AUTOMÁTICO,2018,2018,63000,Automático,109890.0,110.0
1.8 VVT-I HYBRID FLEX ALTIS PREMIUM CVT,2021,2021,66000,Automático,166990.0,129.0
2.0 XRS 16V FLEX 4P AUTOMÁTICO,2017,2018,77650,Automático,105900.0,107.0
2.0 VVT-IE FLEX GR-S DIRECT SHIFT,2025,2025,6823,Automático,178890.0,102.0
2.0 ALTIS 16V FLEX 4P AUTOMÁTICO,2018,2019,149000,Automático,109900.0,103.0
2.0 XRS 16V FLEX 4P AUTOMÁTICO,2013,2014,168000,Automático,71900.0,105.0
2.0 XRS 16V FLEX 4P AUTOMÁTICO,2018,2018,63000,Automático,112000.0,113.0
2.0 XEI 16V FLEX 4P AUTOMÁTICO,2014,2015,132293,Automático,83990.0,102.0
1.8 VVT-I HYBRID FLEX ALTIS PREMIUM CVT,2023,2024,57950,Automático,168800.0,102.0
2.0 VVT-IE FLEX GR-S DIRECT SHIFT,2024,2025,19220,Automático,189890.0,108.0
1.8 VVT-I HYBRID FLEX ALTIS PREMIUM CVT,2025,2026,1250,Automático,199000.0,106.0
2.0 XEI 16V FLEX 4P AUTOMÁTICO,2019,2019,90510,Automático,104900.0,102.0
1.8 VVT-I HYBRID FLEX ALTIS CVT,2020,2021,44000,Automático,140900.0,111.0
1.8 XLI 16V FLEX 4P AUTOMÁTICO,2008,2009,213000,Automático,49900.0,98.0
2.0 VVT-IE FLEX GR-S DIRECT SHIFT,2026,2026,160,Automático,191900.0,105.0
2.0 ALTIS 16V FLEX 4P AUTOMÁTICO,2014,2014,222222,Automático,73900.0,103.0
2.0 XEI 16V FLEX 4P AUTOMÁTICO,2019,2019,88000,Automático,99900.0,97.0
2.0 XEI 16V FLEX 4P AUTOMÁTICO,2016,2017,135000,Automático,88880.0,101.0
2.0 XEI 16V FLEX 4P AUTOMÁTICO,2016,2016,118000,Automático,87900.0,104.0
2.0 XEI 16V FLEX 4P AUTOMÁTICO,2014,2015,118000,Automático,85900.0,105.0
2.0 VVT-IE FLEX XEI DIRECT SHIFT,2019,2020,65000,Automático,119900.0,103.0
2.0 XEI 16V FLEX 4P AUTOMÁTICO,2019,2019,105000,Automático,106000.0,103.0
2.0 VVT-IE FLEX GR-S DIRECT SHIFT,2021,2022,73000,Automático,126900.0,99.0
1.8 GLI 16V FLEX 4P AUTOMÁTICO,2018,2018,89000,Automático,89900.0,106.0
2.0 VVT-IE FLEX XEI DIRECT SHIFT,2023,2023,30928,Automático,138790.0,109.0
2.0 VVT-IE FLEX XEI DIRECT SHIFT,2020,2021,128854,Automático,115880.0,97.0
2.0 VVT-IE FLEX XEI DIRECT SHIFT,2023,2024,15000,Automático,145900.0,102.0
2.0 VVT-IE FLEX ALTIS DIRECT SHIFT,2019,2020,133018,Automático,119890.0,96.0
2.0 VVT-IE FLEX XEI DIRECT SHIFT,2021,2022,97118,Automático,129900.0,106.0
2.0 VVT-IE FLEX XEI DIRECT SHIFT,2023,2023,102779,Automático,119900.0,94.0
2.0 VVT-IE FLEX XEI DIRECT SHIFT,2019,2020,79409,Automático,112990.0,97.0
2.0 VVT-IE FLEX GR-S DIRECT SHIFT,2024,2024,39000,Automático,164800.0,103.0
1.8 VVT-I HYBRID FLEX ALTIS CVT,2023,2023,40000,Automático,139900.0,98.0
2.0 VVT-IE FLEX GLI DIRECT SHIFT,2025,2025,13602,Automático,149990.0,104.0
2.0 XEI 16V FLEX 4P AUTOMÁTICO,2014,2015,160000,Automático,81990.0,100.0
2.0 XEI 16V FLEX 4P AUTOMÁTICO,2012,2013,123904,Automático,69900.0,105.0
2.0 VVT-IE FLEX XEI DIRECT SHIFT,2024,2024,39100,Automático,143900.0,101.0
1.8 VVT-I HYBRID FLEX ALTIS PREMIUM CVT,2023,2023,10000,Automático,164900.0,114.0
2.0 XEI 16V FLEX 4P AUTOMÁTICO,2014,2015,143000,Automático,82900.0,101.0
2.0 VVT-IE FLEX GLI DIRECT SHIFT,2022,2023,31979,Automático,119990.0,101.0
2.0 XEI 16V FLEX 4P AUTOMÁTICO,2018,2019,142940,Automático,98900.0,96.0
2.0 VVT-IE FLEX GR-S DIRECT SHIFT,2022,2023,60637,Automático,143980.0,104.0
2.0 VVT-IE FLEX ALTIS DIRECT SHIFT,2020,2021,67000,Automático,136900.0,105.0
2.0 VVT-IE FLEX ALTIS DIRECT SHIFT,2020,2021,50685,Automático,159900.0,123.0
2.0 XEI 16V FLEX 4P AUTOMÁTICO,2015,2016,183000,Automático,83900.0,99.0
2.0 VVT-IE FLEX XEI DIRECT SHIFT,2024,2024,16881,Automático,148900.0,104.0
2.0 XEI 16V FLEX 4P AUTOMÁTICO,2017,2018,99000,Automático,103900.0,104.0
2.0 VVT-IE FLEX ALTIS DIRECT SHIFT,2023,2024,23005,Automático,169900.0,104.0
2.0 VVT-IE FLEX XEI DIRECT SHIFT,2021,2022,64000,Automático,122900.0,100.0
1.8 GLI UPPER 16V FLEX 4P AUTOMÁTICO,2017,2018,105000,Automático,89990.0,105.0
2.0 XEI 16V FLEX 4P AUTOMÁTICO,2014,2015,165000,Automático,79990.0,98.0
2.0 VVT-IE FLEX ALTIS DIRECT SHIFT,2021,2022,52472,Automático,140990.0,103.0
2.0 VVT-IE FLEX GLI DIRECT SHIFT,2022,2023,95000,Automático,114990.0,97.0
1.8 GLI 16V FLEX 4P AUTOMÁTICO,2017,2018,95000,Automático,89900.0,106.0
2.0 XEI 16V FLEX 4P AUTOMÁTICO,2018,2018,102716,Automático,94900.0,95.0
1.8 GLI 16V FLEX 4P AUTOMÁTICO,2014,2015,118359,Automático,77900.0,103.0
1.8 GLI UPPER 16V FLEX 4P AUTOMÁTICO,2018,2019,127227,Automático,86990.0,98.0
2.0 XEI 16V FLEX 4P AUTOMÁTICO,2018,2019,103000,Automático,102990.0,100.0
2.0 XRS 16V FLEX 4P AUTOMÁTICO,2017,2018,102788,Automático,109990.0,111.0
2.0 VVT-IE FLEX XEI DIRECT SHIFT,2020,2021,70000,Automático,119990.0,100.0
1.8 GLI 16V FLEX 4P AUTOMÁTICO,2016,2017,105000,Automático,86790.0,107.0
2.0 VVT-IE FLEX XEI DIRECT SHIFT,2024,2025,19300,Automático,159900.0,100.0
2.0 VVT-IE FLEX XEI DIRECT SHIFT,2020,2021,40888,Automático,129890.0,108.0
2.0 VVT-IE FLEX XEI DIRECT SHIFT,2022,2023,66930,Automático,126890.0,99.0
2.0 XEI 16V FLEX 4P AUTOMÁTICO,2013,2014,95900,Automático,77900.0,111.0
2.0 VVT-IE FLEX XEI DIRECT SHIFT,2025,2026,4754,Automático,167900.0,102.0
2.0 XEI 16V FLEX 4P AUTOMÁTICO,2015,2016,97400,Automático,88900.0,105.0
2.0 VVT-IE FLEX XEI DIRECT SHIFT,2019,2020,82000,Automático,119900.0,103.0
2.0 VVT-IE FLEX XEI DIRECT SHIFT,2020,2021,40888,Automático,129890.0,108.0
1.8 GLI 16V FLEX 4P AUTOMÁTICO,2010,2011,200000,Automático,63900.0,115.0
1.8 VVT-I HYBRID FLEX ALTIS PREMIUM CVT,2020,2021,63353,Automático,171900.0,133.0
2.0 VVT-IE FLEX XEI DIRECT SHIFT,2020,2021,116000,Automático,112890.0,94.0
2.0 VVT-IE FLEX XEI DIRECT SHIFT,2020,2021,33000,Automático,119900.0,100.0
1.8 GLI 16V FLEX 4P AUTOMÁTICO,2011,2012,147000,Automático,62800.0,105.0
1.8 XEI 16V GASOLINA 4P AUTOMÁTICO,2006,2006,80000,Automático,48900.0,127.0
2.0 VVT-IE FLEX ALTIS DIRECT SHIFT,2021,2022,99000,Automático,135900.0,100.0
2.0 XEI 16V FLEX 4P AUTOMÁTICO,2019,2019,95000,Automático,105900.0,103.0
2.0 VVT-IE FLEX XEI DIRECT SHIFT,2021,2022,34600,Automático,161800.0,132.0
2.0 VVT-IE FLEX ALTIS DIRECT SHIFT,2021,2022,63000,Automático,129990.0,95.0
2.0 VVT-IE FLEX XEI DIRECT SHIFT,2021,2021,87483,Automático,119800.0,100.0
2.0 VVT-IE FLEX XEI DIRECT SHIFT,2021,2022,35821,Automático,129790.0,106.0
1.8 XEI 16V FLEX 4P MANUAL,2009,2010,149000,Manual,63900.0,117.0
2.0 VVT-IE FLEX XEI DIRECT SHIFT,2022,2023,100163,Automático,120890.0,95.0
2.0 XEI 16V FLEX 4P AUTOMÁTICO,2013,2014,119000,Automático,77900.0,111.0
2.0 VVT-IE FLEX ALTIS DIRECT SHIFT,2024,2024,0,Automático,147900.0,91.0
2.0 VVT-IE FLEX XEI DIRECT SHIFT,2023,2023,29800,Automático,126900.0,99.0
1.8 GLI 16V FLEX 4P AUTOMÁTICO,2019,2019,88000,Automático,92990.0,106.0
1.8 XEI 16V FLEX 4P MANUAL,2008,2009,210386,Manual,58900.0,113.0
2.0 ALTIS 16V FLEX 4P AUTOMÁTICO,2013,2014,51800,Automático,84990.0,118.0
2.0 XEI 16V FLEX 4P AUTOMÁTICO,2013,2014,109000,Automático,71900.0,103.0
1.8 XEI 16V FLEX 4P AUTOMÁTICO,2007,2008,226000,Automático,45990.0,107.0
2.0 VVT-IE FLEX XEI DIRECT SHIFT,2022,2023,50861,Automático,124900.0,98.0
2.0 VVT-IE FLEX XEI DIRECT SHIFT,2025,2025,2500,Automático,167000.0,105.0
2.0 XEI 16V FLEX 4P AUTOMÁTICO,2014,2014,101552,Automático,77900.0,111.0
1.8 GLI 16V FLEX 4P AUTOMÁTICO,2016,2017,74100,Automático,86900.0,107.0
2.0 VVT-IE FLEX XEI DIRECT SHIFT,2025,2025,20405,Automático,162900.0,102.0
1.8 GLI 16V FLEX 4P AUTOMÁTICO,2017,2018,131500,Automático,83777.0,98.0
2.0 XEI 16V FLEX 4P AUTOMÁTICO,2018,2018,50000,Automático,110990.0,111.0
2.0 VVT-IE FLEX XEI DIRECT SHIFT,2020,2021,69000,Automático,121900.0,102.0
2.0 XEI 16V FLEX 4P AUTOMÁTICO,2014,2015,138000,Automático,86900.0,106.0
2.0 XEI 16V FLEX 4P AUTOMÁTICO,2018,2019,90000,Automático,102900.0,100.0
1.8 GLI UPPER 16V FLEX 4P AUTOMÁTICO,2018,2019,97201,Automático,89790.0,101.0
2.0 XEI 16V FLEX 4P AUTOMÁTICO,2011,2012,174050,Automático,67990.0,107.0
2.0 XEI 16V FLEX 4P AUTOMÁTICO,2017,2018,61000,Automático,104900.0,105.0
2.0 XEI 16V FLEX 4P AUTOMÁTICO,2018,2019,109900,Automático,103900.0,101.0
1.8 GLI 16V FLEX 4P AUTOMÁTICO,2015,2016,102504,Automático,85000.0,108.0
2.0 XEI 16V FLEX 4P AUTOMÁTICO,2016,2017,115217,Automático,99900.0,113.0
2.0 XRS 16V FLEX 4P AUTOMÁTICO,2017,2018,80321,Automático,119890.0,121.0
2.0 VVT-IE FLEX GLI DIRECT SHIFT,2019,2020,38644,Automático,110890.0,103.0
2.0 VVT-IE FLEX GR-S DIRECT SHIFT,2025,2025,10300,Automático,181900.0,104.0
2.0 XEI 16V FLEX 4P AUTOMÁTICO,2013,2013,149000,Automático,63490.0,96.0
2.0 XEI 16V FLEX 4P AUTOMÁTICO,2017,2018,138121,Automático,108800.0,109.0
2.0 VVT-IE FLEX XEI DIRECT SHIFT,2023,2023,82157,Automático,125990.0,99.0
1.8 SE-G 16V GASOLINA 4P AUTOMÁTICO,2005,2005,157000,Automático,42900.0,112.0
2.0 VVT-IE FLEX GR-S DIRECT SHIFT,2021,2022,85114,Automático,127900.0,100.0
2.0 VVT-IE FLEX XEI DIRECT SHIFT,2025,2025,12400,Automático,159900.0,100.0
2.0 XEI 16V FLEX 4P AUTOMÁTICO,2018,2019,77000,Automático,103900.0,101.0
1.8 GLI 16V FLEX 4P AUTOMÁTICO,2017,2018,97041,Automático,85900.0,101.0
2.0 VVT-IE FLEX XEI DIRECT SHIFT,2022,2023,82000,Automático,125990.0,99.0
2.0 VVT-IE FLEX XEI DIRECT SHIFT,2023,2023,88850,Automático,133000.0,104.0
2.0 VVT-IE FLEX XEI DIRECT SHIFT,2020,2020,92000,Automático,119900.0,103.0
2.0 VVT-IE FLEX GR-S DIRECT SHIFT,2023,2023,46000,Automático,139500.0,101.0
1.8 GLI 16V FLEX 4P AUTOMÁTICO,2010,2011,164746,Automático,63900.0,115.0
1.8 VVT-I HYBRID FLEX ALTIS PREMIUM CVT,2026,2026,0,Automático,196790.0,104.0
2.0 XEI 16V FLEX 4P AUTOMÁTICO,2017,2018,83000,Automático,107900.0,108.0
2.0 VVT-IE FLEX XEI DIRECT SHIFT,2023,2024,88478,Automático,127990.0,90.0
2.0 XEI 16V FLEX 4P AUTOMÁTICO,2014,2015,138501,Automático,79990.0,98.0
2.0 XEI 16V FLEX 4P AUTOMÁTICO,2010,2011,210000,Automático,60900.0,104.0
2.0 VVT-IE FLEX XEI DIRECT SHIFT,2020,2021,79000,Automático,120900.0,101.0
2.0 VVT-IE FLEX XEI DIRECT SHIFT,2025,2025,1552,Automático,163899.0,103.0
2.0 XEI 16V FLEX 4P AUTOMÁTICO,2013,2014,163000,Automático,75900.0,109.0
2.0 XEI 16V FLEX 4P AUTOMÁTICO,2017,2018,97600,Automático,96900.0,97.0
2.0 VVT-IE FLEX XEI DIRECT SHIFT,2022,2023,81000,Automático,125900.0,99.0
2.0 XEI 16V FLEX 4P AUTOMÁTICO,2018,2019,98000,Automático,107888.0,105.0
1.8 GLI 16V FLEX 4P AUTOMÁTICO,2018,2018,100000,Automático,85890.0,101.0
2.0 VVT-IE FLEX XEI DIRECT SHIFT,2020,2021,40888,Automático,129890.0,108.0
1.8 VVT-I HYBRID FLEX ALTIS PREMIUM CVT,2020,2021,61510,Automático,130777.0,101.0
1.8 GLI 16V FLEX 4P AUTOMÁTICO,2015,2016,120000,Automático,84888.0,108.0
2.0 XEI 16V FLEX 4P AUTOMÁTICO,2011,2012,124533,Automático,65000.0,102.0
1.8 SE-G 16V FLEX 4P AUTOMÁTICO,2008,2009,210000,Automático,61900.0,111.0
2.0 ALTIS 16V FLEX 4P AUTOMÁTICO,2011,2012,222211,Automático,66990.0,102.0
2.0 VVT-IE FLEX XEI DIRECT SHIFT,2024,2024,104000,Automático,134890.0,95.0
2.0 VVT-IE FLEX XEI DIRECT SHIFT,2022,2022,59887,Automático,149900.0,122.0
2.0 VVT-IE FLEX XEI DIRECT SHIFT,2025,2025,14990,Automático,163900.0,103.0
1.8 GLI UPPER 16V FLEX 4P AUTOMÁTICO,2018,2018,148826,Automático,83900.0,98.0
2.0 VVT-IE FLEX ALTIS DIRECT SHIFT,2019,2020,63638,Automático,124900.0,100.0
1.8 GLI 16V FLEX 4P AUTOMÁTICO,2013,2014,95000,Automático,65900.0,102.0
2.0 VVT-IE FLEX XEI DIRECT SHIFT,2024,2024,28000,Automático,149900.0,105.0
2.0 XEI 16V FLEX 4P AUTOMÁTICO,2017,2018,124505,Automático,99990.0,100.0
2.0 XEI 16V FLEX 4P AUTOMÁTICO,2014,2014,129747,Automático,72900.0,104.0
2.0 VVT-IE FLEX XEI DIRECT SHIFT,2022,2023,53000,Automático,125770.0,98.0
2.0 XEI 16V FLEX 4P AUTOMÁTICO,2015,2016,128000,Automático,87900.0,104.0
2.0 XEI 16V FLEX 4P AUTOMÁTICO,2015,2015,158000,Automático,84900.0,104.0
2.0 VVT-IE FLEX GR-S DIRECT SHIFT,2024,2024,31398,Automático,161490.0,101.0
1.8 VVT-I HYBRID FLEX ALTIS PREMIUM CVT,2020,2021,88860,Automático,137490.0,106.0
2.0 VVT-IE FLEX ALTIS DIRECT SHIFT,2024,2024,14000,Automático,162877.0,100.0
1.8 GLI 16V FLEX 4P AUTOMÁTICO,2013,2014,153590,Automático,67800.0,104.0
2.0 VVT-IE FLEX XEI DIRECT SHIFT,2020,2021,57500,Automático,138800.0,116.0
2.0 VVT-IE FLEX XEI DIRECT SHIFT,2023,2023,121461,Automático,119900.0,94.0
2.0 XEI 16V FLEX 4P AUTOMÁTICO,2018,2018,53815,Automático,105990.0,106.0
1.8 GLI 16V FLEX 4P AUTOMÁTICO,2011,2012,193000,Automático,62900.0,105.0
2.0 VVT-IE FLEX XEI DIRECT SHIFT,2023,2023,43000,Automático,129900.0,102.0
1.8 GLI 16V FLEX 4P AUTOMÁTICO,2016,2016,111711,Automático,79890.0,102.0
2.0 XRS 16V FLEX 4P AUTOMÁTICO,2017,2018,97478,Automático,103900.0,105.0
1.8 GLI 16V FLEX 4P AUTOMÁTICO,2018,2019,83000,Automático,91900.0,105.0
1.8 GLI 16V FLEX 4P AUTOMÁTICO,2017,2017,109000,Automático,83900.0,103.0
2.0 VVT-IE FLEX XEI DIRECT SHIFT,2024,2024,36612,Automático,148790.0,104.0
2.0 XEI 16V FLEX 4P AUTOMÁTICO,2013,2014,179091,Automático,75000.0,107.0
2.0 XEI 16V FLEX 4P AUTOMÁTICO,2014,2015,89550,Automático,94800.0,116.0
2.0 XEI 16V FLEX 4P AUTOMÁTICO,2018,2019,116281,Automático,105900.0,103.0
1.8 GLI 16V FLEX 4P AUTOMÁTICO,2015,2016,140000,Automático,82900.0,106.0
2.0 XEI 16V FLEX 4P AUTOMÁTICO,2015,2016,79687,Automático,86900.0,103.0
2.0 XEI 16V FLEX 4P AUTOMÁTICO,2014,2015,152000,Automático,82900.0,101.0
2.0 VVT-IE FLEX XEI DIRECT SHIFT,2023,2024,32000,Automático,148800.0,104.0
1.8 GLI UPPER 16V FLEX 4P AUTOMÁTICO,2018,2019,93000,Automático,90900.0,103.0
1.8 GLI 16V FLEX 4P AUTOMÁTICO,2015,2016,175000,Automático,80900.0,103.0
2.0 VVT-IE FLEX ALTIS DIRECT SHIFT,2022,2023,93250,Automático,149990.0,105.0
1.8 VVT-I HYBRID FLEX ALTIS PREMIUM CVT,2026,2026,136,Automático,196000.0,104.0
2.0 XEI 16V FLEX 4P AUTOMÁTICO,2013,2014,195000,Automático,69900.0,100.0
1.8 GLI 16V FLEX 4P AUTOMÁTICO,2016,2017,186000,Automático,84990.0,105.0
2.0 XEI 16V FLEX 4P AUTOMÁTICO,2014,2014,120000,Automático,85900.0,123.0
2.0 XEI 16V FLEX 4P AUTOMÁTICO,2011,2012,107000,Automático,69900.0,110.0
2.0 VVT-IE FLEX GR-S DIRECT SHIFT,2021,2022,78000,Automático,129900.0,102.0
2.0 VVT-IE FLEX ALTIS DIRECT SHIFT,2022,2023,63000,Automático,142900.0,100.0
2.0 VVT-IE FLEX GLI DIRECT SHIFT,2021,2022,83000,Automático,109990.0,96.0
2.0 XEI 16V FLEX 4P AUTOMÁTICO,2015,2016,140501,Automático,88999.0,105.0
2.0 VVT-IE FLEX GLI DIRECT SHIFT,2020,2021,77107,Automático,105490.0,96.0
2.0 VVT-IE FLEX ALTIS DIRECT SHIFT,2020,2021,78000,Automático,129900.0,100.0
2.0 XEI 16V FLEX 4P AUTOMÁTICO,2014,2015,164500,Automático,80900.0,99.0
2.0 VVT-IE FLEX XEI DIRECT SHIFT,2021,2022,83000,Automático,143880.0,117.0
1.8 GLI 16V FLEX 4P AUTOMÁTICO,2013,2014,91000,Automático,79900.0,123.0
1.8 GLI 16V FLEX 4P AUTOMÁTICO,2017,2018,148877,Automático,83900.0,98.0
2.0 VVT-IE FLEX XEI DIRECT SHIFT,2019,2020,70000,Automático,125990.0,108.0
2.0 XEI 16V FLEX 4P AUTOMÁTICO,2017,2018,110000,Automático,99990.0,100.0
2.0 VVT-IE FLEX XEI DIRECT SHIFT,2023,2024,21000,Automático,143900.0,101.0
2.0 XEI 16V FLEX 4P AUTOMÁTICO,2018,2019,105946,Automático,108800.0,106.0
2.0 XEI 16V FLEX 4P AUTOMÁTICO,2016,2017,85500,Automático,94900.0,108.0
2.0 VVT-IE FLEX XEI DIRECT SHIFT,2022,2023,25000,Automático,135900.0,106.0
2.0 VVT-IE FLEX ALTIS DIRECT SHIFT,2023,2023,47983,Automático,189900.0,132.0
2.0 XEI 16V FLEX 4P AUTOMÁTICO,2012,2013,175000,Automático,69990.0,105.0
1.8 GLI UPPER 16V FLEX 4P AUTOMÁTICO,2019,2019,88466,Automático,93900.0,106.0
1.8 VVT-I HYBRID FLEX ALTIS PREMIUM CVT,2019,2020,69171,Automático,124900.0,99.0
2.0 VVT-IE FLEX XEI DIRECT SHIFT,2019,2020,56000,Automático,121990.0,105.0
2.0 XEI 16V FLEX 4P AUTOMÁTICO,2011,2012,107000,Automático,69900.0,110.0
2.0 VVT-IE FLEX GLI DIRECT SHIFT,2022,2023,61000,Automático,122890.0,104.0
2.0 VVT-IE FLEX XEI DIRECT SHIFT,2020,2021,100000,Automático,121900.0,102.0
2.0 VVT-IE FLEX XEI DIRECT SHIFT,2023,2024,31777,Automático,149800.0,105.0
2.0 VVT-IE FLEX XEI DIRECT SHIFT,2022,2023,70000,Automático,129900.0,102.0
2.0 XEI 16V FLEX 4P AUTOMÁTICO,2014,2015,160928,Automático,87800.0,107.0
1.8 GLI UPPER 16V FLEX 4P AUTOMÁTICO,2016,2017,85755,Automático,87900.0,108.0
2.0 XEI 16V FLEX 4P AUTOMÁTICO,2017,2017,140000,Automático,88900.0,101.0
1.8 GLI UPPER 16V FLEX 4P AUTOMÁTICO,2018,2019,116115,Automático,91990.0,104.0
1.8 VVT-I HYBRID FLEX ALTIS PREMIUM CVT,2023,2024,38000,Automático,168990.0,102.0
2.0 VVT-IE FLEX XEI DIRECT SHIFT,2021,2022,59200,Automático,126900.0,103.0
1.8 GLI 16V FLEX 4P AUTOMÁTICO,2015,2015,78496,Automático,87900.0,116.0
2.0 XEI 16V FLEX 4P AUTOMÁTICO,2019,2019,80471,Automático,107900.0,105.0
2.0 VVT-IE FLEX XEI DIRECT SHIFT,2026,2026,0,Automático,168900.0,103.0
2.0 VVT-IE FLEX XEI DIRECT SHIFT,2024,2024,17000,Automático,142990.0,100.0
2.0 VVT-IE FLEX XEI DIRECT SHIFT,2020,2021,93899,Automático,117490.0,98.0
2.0 VVT-IE FLEX GLI DIRECT SHIFT,2025,2025,14000,Automático,149900.0,104.0
2.0 VVT-IE FLEX XEI DIRECT SHIFT,2021,2022,49759,Automático,122990.0,100.0
2.0 VVT-IE FLEX XEI DIRECT SHIFT,2019,2020,97000,Automático,117900.0,101.0
2.0 XEI 16V FLEX 4P AUTOMÁTICO,2014,2014,152000,Automático,74900.0,107.0
2.0 VVT-IE FLEX XEI DIRECT SHIFT,2021,2022,63200,Automático,129900.0,106.0
2.0 VVT-IE FLEX GR-S DIRECT SHIFT,2025,2026,0,Automático,203790.0,112.0
2.0 VVT-IE FLEX GR-S DIRECT SHIFT,2024,2024,16329,Automático,164900.0,103.0
2.0 XEI 16V FLEX 4P AUTOMÁTICO,2018,2019,115000,Automático,109900.0,107.0
2.0 VVT-IE FLEX ALTIS DIRECT SHIFT,2022,2023,69111,Automático,189900.0,132.0
2.0 XEI 16V FLEX 4P AUTOMÁTICO,2018,2018,82000,Automático,107900.0,108.0
2.0 VVT-IE FLEX XEI DIRECT SHIFT,2026,2026,0,Automático,169800.0,103.0
2.0 VVT-IE FLEX XEI DIRECT SHIFT,2022,2023,15580,Automático,137800.0,108.0
1.8 VVT-I HYBRID FLEX ALTIS PREMIUM CVT,2026,2026,100,Automático,204900.0,109.0
2.0 VVT-IE FLEX XEI DIRECT SHIFT,2025,2025,11500,Automático,159900.0,100.0
2.0 VVT-IE FLEX XEI DIRECT SHIFT,2024,2024,29726,Automático,142900.0,100.0
1.8 GLI 16V FLEX 4P AUTOMÁTICO,2016,2017,129000,Automático,82870.0,102.0
2.0 XEI 16V FLEX 4P AUTOMÁTICO,2019,2019,108954,Automático,105990.0,103.0
2.0 VVT-IE FLEX XEI DIRECT SHIFT,2021,2022,45919,Automático,124900.0,102.0
2.0 XEI 16V FLEX 4P AUTOMÁTICO,2014,2015,108308,Automático,84900.0,104.0
2.0 XEI 16V FLEX 4P AUTOMÁTICO,2018,2019,101000,Automático,104900.0,102.0
2.0 VVT-IE FLEX XEI DIRECT SHIFT,2019,2020,39900,Automático,124900.0,107.0
2.0 VVT-IE FLEX XEI DIRECT SHIFT,2022,2023,67000,Automático,133900.0,105.0
1.8 GLI 16V FLEX 4P AUTOMÁTICO,2013,2014,150000,Automático,65900.0,102.0
1.8 SE-G 16V FLEX 4P AUTOMÁTICO,2010,2010,112000,Automático,62900.0,110.0
2.0 XEI 16V FLEX 4P AUTOMÁTICO,2019,2019,94560,Automático,105900.0,103.0
2.0 VVT-IE FLEX XEI DIRECT SHIFT,2022,2023,14216,Automático,139900.0,110.0
2.0 VVT-IE FLEX XEI DIRECT SHIFT,2020,2020,96226,Automático,118900.0,102.0
1.8 GLI 16V FLEX 4P AUTOMÁTICO,2017,2017,107000,Automático,85900.0,106.0
2.0 VVT-IE FLEX ALTIS DIRECT SHIFT,2023,2024,43000,Automático,166900.0,102.0
2.0 VVT-IE FLEX XEI DIRECT SHIFT,2024,2024,17000,Automático,142990.0,100.0
2.0 VVT-IE FLEX XEI DIRECT SHIFT,2022,2023,28550,Automático,135800.0,106.0
2.0 XEI 16V FLEX 4P AUTOMÁTICO,2013,2013,170000,Automático,68990.0,104.0
1.8 VVT-I HYBRID FLEX ALTIS CVT,2024,2024,73000,Automático,162900.0,100.0
2.0 VVT-IE FLEX XEI DIRECT SHIFT,2023,2023,29243,Automático,134990.0,106.0
2.0 XEI 16V FLEX 4P AUTOMÁTICO,2011,2012,179000,Automático,65900.0,104.0
2.0 VVT-IE FLEX XEI DIRECT SHIFT,2019,2020,79409,Automático,112990.0,97.0
2.0 XEI 16V FLEX 4P AUTOMÁTICO,2018,2018,102716,Automático,94900.0,95.0
2.0 VVT-IE FLEX GR-S DIRECT SHIFT,2023,2023,47500,Automático,135900.0,98.0
2.0 VVT-IE FLEX GR-S DIRECT SHIFT,2023,2023,47500,Automático,135900.0,98.0
1.8 SE-G 16V GASOLINA 4P AUTOMÁTICO,2002,2003,222254,Automático,38890.0,111.0
1.8 VVT-I HYBRID FLEX ALTIS PREMIUM CVT,2020,2021,51600,Automático,179900.0,139.0
2.0 XEI 16V FLEX 4P AUTOMÁTICO,2013,2014,97186,Automático,79900.0,114.0
2.0 VVT-IE FLEX GLI DIRECT SHIFT,2025,2025,33011,Automático,143900.0,100.0
1.8 VVT-I HYBRID FLEX ALTIS PREMIUM CVT,2022,2023,36600,Automático,148900.0,103.0
2.0 VVT-IE FLEX XEI DIRECT SHIFT,2019,2020,72000,Automático,118900.0,102.0
2.0 VVT-IE FLEX ALTIS PREMIUM DIRECT SHIFT,2025,2026,10000,Automático,189000.0,100.0
2.0 VVT-IE FLEX XEI DIRECT SHIFT,2021,2022,150000,Automático,118900.0,97.0
2.0 VVT-IE FLEX GLI DIRECT SHIFT,2025,2025,100,Automático,147900.0,102.0
1.8 VVT-I HYBRID FLEX ALTIS PREMIUM CVT,2020,2021,33000,Automático,132900.0,103.0
2.0 VVT-IE FLEX GLI DIRECT SHIFT,2021,2022,99026,Automático,109900.0,96.0
2.0 VVT-IE FLEX XEI DIRECT SHIFT,2023,2024,48261,Automático,139900.0,98.0
1.8 VVT-I HYBRID FLEX ALTIS CVT,2022,2023,100000,Automático,165800.0,117.0
2.0 VVT-IE FLEX GR-S DIRECT SHIFT,2024,2024,35000,Automático,158890.0,100.0
2.0 XEI 16V FLEX 4P AUTOMÁTICO,2011,2012,107000,Automático,69900.0,110.0
2.0 VVT-IE FLEX XEI DIRECT SHIFT,2022,2023,41652,Automático,127900.0,100.0
2.0 VVT-IE FLEX XEI DIRECT SHIFT,2023,2024,72800,Automático,131890.0,92.0
2.0 XEI 16V FLEX 4P AUTOMÁTICO,2013,2014,177000,Automático,74900.0,107.0
2.0 XEI 16V FLEX 4P AUTOMÁTICO,2015,2016,189064,Automático,86900.0,103.0
2.0 XEI 16V FLEX 4P AUTOMÁTICO,2017,2018,159000,Automático,104990.0,105.0
2.0 VVT-IE FLEX XEI DIRECT SHIFT,2023,2023,92000,Automático,122990.0,96.0
2.0 VVT-IE FLEX XEI DIRECT SHIFT,2022,2023,59101,Automático,122990.0,96.0
2.0 VVT-IE FLEX XEI DIRECT SHIFT,2024,2024,30000,Automático,142990.0,100.0
2.0 VVT-IE FLEX XEI DIRECT SHIFT,2022,2023,65683,Automático,125900.0,99.0
2.0 XEI 16V FLEX 4P AUTOMÁTICO,2015,2015,140000,Automático,84900.0,104.0
2.0 XEI 16V FLEX 4P AUTOMÁTICO,2014,2015,186772,Manual,79000.0,96.0
1.8 VVT-I HYBRID FLEX ALTIS CVT,2020,2020,107386,Automático,122900.0,100.0
2.0 VVT-IE FLEX ALTIS DIRECT SHIFT,2021,2022,86123,Automático,136900.0,100.0
2.0 VVT-IE FLEX XEI DIRECT SHIFT,2023,2024,81664,Automático,135990.0,95.0
1.8 GLI 16V FLEX 4P AUTOMÁTICO,2016,2016,102000,Automático,82990.0,106.0
2.0 ALTIS 16V FLEX 4P AUTOMÁTICO,2011,2012,170000,Automático,69990.0,107.0
2.0 ALTIS 16V FLEX 4P AUTOMÁTICO,2014,2015,129988,Automático,85000.0,102.0
2.0 VVT-IE FLEX XEI DIRECT SHIFT,2025,2025,15596,Automático,159900.0,100.0
2.0 XEI 16V FLEX 4P AUTOMÁTICO,2018,2019,135000,Automático,107900.0,105.0
2.0 VVT-IE FLEX XEI DIRECT SHIFT,2020,2021,87000,Automático,121990.0,102.0
1.8 VVT-I HYBRID FLEX ALTIS CVT,2019,2020,91442,Automático,122890.0,100.0
2.0 VVT-IE FLEX XEI DIRECT SHIFT,2020,2021,82000,Automático,124800.0,104.0
2.0 VVT-IE FLEX XEI DIRECT SHIFT,2024,2024,20000,Automático,149900.0,105.0
2.0 ALTIS 16V FLEX 4P AUTOMÁTICO,2017,2018,116000,Automático,107900.0,105.0
2.0 VVT-IE FLEX GLI DIRECT SHIFT,2019,2020,38644,Automático,110890.0,103.0
2.0 VVT-IE FLEX XEI DIRECT SHIFT,2024,2024,17000,Automático,142990.0,100.0
2.0 VVT-IE FLEX XEI DIRECT SHIFT,2023,2023,48393,Automático,134900.0,106.0
2.0 VVT-IE FLEX XEI DIRECT SHIFT,2024,2024,25103,Automático,151900.0,106.0
2.0 VVT-IE FLEX XEI DIRECT SHIFT,2023,2024,20090,Automático,150990.0,106.0
1.8 GLI 16V FLEX 4P AUTOMÁTICO,2014,2015,112000,Automático,81900.0,108.0
1.8 VVT-I HYBRID FLEX ALTIS PREMIUM CVT,2023,2024,38000,Automático,168990.0,102.0
1.8 GLI 16V FLEX 4P AUTOMÁTICO,2016,2017,125000,Automático,83300.0,103.0
2.0 VVT-IE FLEX XEI DIRECT SHIFT,2022,2023,107205,Automático,129900.0,102.0
2.0 XEI 16V FLEX 4P AUTOMÁTICO,2018,2019,79000,Automático,112900.0,110.0
2.0 ALTIS 16V FLEX 4P AUTOMÁTICO,2014,2015,108136,Automático,88800.0,107.0
1.8 VVT-I HYBRID FLEX ALTIS PREMIUM CVT,2023,2024,60000,Automático,165900.0,100.0
2.0 XEI 16V FLEX 4P AUTOMÁTICO,2018,2018,65000,Automático,110000.0,110.0
2.0 XEI 16V FLEX 4P AUTOMÁTICO,2015,2016,105000,Automático,88990.0,105.0
1.8 GLI 16V FLEX 4P AUTOMÁTICO,2017,2018,92000,Automático,99000.0,116.0
2.0 VVT-IE FLEX XEI DIRECT SHIFT,2026,2026,0,Automático,169800.0,103.0
2.0 XEI 16V FLEX 4P AUTOMÁTICO,2010,2011,180000,Automático,69500.0,119.0
1.8 XEI 16V FLEX 4P AUTOMÁTICO,2009,2010,171396,Automático,61990.0,112.0
2.0 VVT-IE FLEX ALTIS DIRECT SHIFT,2022,2023,69111,Automático,189900.0,132.0
1.8 GLI 16V FLEX 4P MANUAL,2013,2014,167672,Manual,64900.0,103.0
2.0 VVT-IE FLEX XEI DIRECT SHIFT,2020,2021,78000,Automático,122900.0,103.0
1.8 VVT-I HYBRID FLEX ALTIS PREMIUM CVT,2022,2023,57617,Automático,138990.0,96.0
2.0 VVT-IE FLEX XEI DIRECT SHIFT,2021,2022,73800,Automático,125800.0,102.0
2.0 VVT-IE FLEX GR-S DIRECT SHIFT,2023,2023,36771,Automático,139900.0,101.0
1.8 XEI 16V FLEX 4P AUTOMÁTICO,2005,2006,199278,Automático,45900.0,119.0
2.0 XRS 16V FLEX 4P AUTOMÁTICO,2017,2018,80321,Automático,119890.0,121.0
2.0 VVT-IE FLEX GLI DIRECT SHIFT,2022,2023,80000,Automático,124990.0,106.0
2.0 VVT-IE FLEX XEI DIRECT SHIFT,2021,2022,89000,Automático,119890.0,98.0
2.0 VVT-IE FLEX XEI DIRECT SHIFT,2024,2024,70174,Automático,135890.0,95.0
2.0 VVT-IE FLEX XEI DIRECT SHIFT,2024,2025,70389,Automático,154890.0,97.0
2.0 VVT-IE FLEX GR-S DIRECT SHIFT,2021,2022,84866,Automático,131900.0,103.0
2.0 VVT-IE FLEX XEI DIRECT SHIFT,2026,2026,0,Automático,169990.0,103.0
2.0 XEI 16V FLEX 4P AUTOMÁTICO,2018,2018,91572,Automático,105900.0,106.0
2.0 XEI 16V FLEX 4P AUTOMÁTICO,2018,2019,65101,Automático,111900.0,109.0
1.8 GLI 16V FLEX 4P AUTOMÁTICO,2011,2012,120000,Automático,64990.0,109.0
2.0 VVT-IE FLEX ALTIS DIRECT SHIFT,2023,2023,49500,Automático,187700.0,131.0
1.8 VVT-I HYBRID FLEX ALTIS PREMIUM CVT,2023,2023,48080,Automático,142990.0,99.0
2.0 VVT-IE FLEX XEI DIRECT SHIFT,2019,2020,79409,Automático,112990.0,97.0
1.8 VVT-I HYBRID FLEX ALTIS PREMIUM CVT,2023,2024,38000,Automático,168990.0,102.0
2.0 VVT-IE FLEX GLI DIRECT SHIFT,2023,2024,55000,Automático,125899.0,100.0
2.0 VVT-IE FLEX GLI DIRECT SHIFT,2025,2025,33011,Automático,143900.0,100.0
2.0 VVT-IE FLEX XEI DIRECT SHIFT,2021,2022,93516,Automático,118900.0,97.0
1.8 XEI 16V FLEX 4P AUTOMÁTICO,2009,2010,202450,Automático,59900.0,108.0
2.0 XEI 16V FLEX 4P AUTOMÁTICO,2014,2014,125000,Automático,72900.0,104.0
2.0 XEI 16V FLEX 4P AUTOMÁTICO,2016,2017,123000,Automático,99900.0,113.0
2.0 VVT-IE FLEX GLI DIRECT SHIFT,2025,2025,33011,Automático,143900.0,100.0
2.0 VVT-IE FLEX XEI DIRECT SHIFT,2019,2020,56500,Automático,145900.0,125.0
2.0 ALTIS 16V FLEX 4P AUTOMÁTICO,2016,2017,169000,Automático,96900.0,108.0
2.0 VVT-IE FLEX XEI DIRECT SHIFT,2021,2022,35821,Automático,129790.0,106.0
2.0 VVT-IE FLEX XEI DIRECT SHIFT,2025,2025,20405,Automático,162900.0,102.0
1.8 GLI UPPER 16V FLEX 4P AUTOMÁTICO,2017,2017,90000,Automático,93900.0,115.0
1.8 VVT-I HYBRID FLEX ALTIS PREMIUM CVT,2022,2023,57617,Automático,138990.0,96.0
1.8 VVT-I HYBRID FLEX ALTIS PREMIUM CVT,2022,2023,57617,Automático,138990.0,96.0
2.0 VVT-IE FLEX XEI DIRECT SHIFT,2023,2023,65999,Automático,123990.0,97.0
2.0 VVT-IE FLEX XEI DIRECT SHIFT,2023,2024,56000,Automático,141890.0,99.0
2.0 VVT-IE FLEX XEI DIRECT SHIFT,2021,2021,135610,Automático,115900.0,97.0
2.0 XEI 16V FLEX 4P AUTOMÁTICO,2013,2013,164000,Automático,71900.0,108.0
1.6 XLI 16V GASOLINA 4P AUTOMÁTICO,2006,2007,209000,Automático,37900.0,102.0
2.0 VVT-IE FLEX XEI DIRECT SHIFT,2021,2022,50000,Automático,124890.0,102.0
2.0 VVT-IE FLEX XEI DIRECT SHIFT,2023,2024,33586,Automático,149900.0,105.0
2.0 VVT-IE FLEX XEI DIRECT SHIFT,2022,2023,34222,Automático,138790.0,109.0
2.0 XEI 16V FLEX 4P AUTOMÁTICO,2014,2015,145900,Automático,79900.0,97.0
2.0 VVT-IE FLEX XEI DIRECT SHIFT,2019,2020,79409,Automático,112990.0,97.0
2.0 XEI 16V FLEX 4P AUTOMÁTICO,2015,2016,117497,Automático,95000.0,113.0
1.8 SE-G 16V GASOLINA 4P AUTOMÁTICO,2007,2007,174810,Automático,43900.0,105.0
2.0 XEI 16V FLEX 4P AUTOMÁTICO,2017,2018,188000,Automático,104990.0,105.0
2.0 VVT-IE FLEX GLI DIRECT SHIFT,2021,2022,95000,Automático,119900.0,105.0
1.8 GLI 16V FLEX 4P AUTOMÁTICO,2013,2014,229000,Automático,64990.0,100.0
1.8 VVT-I HYBRID FLEX ALTIS PREMIUM CVT,2026,2026,0,Automático,198900.0,106.0
1.8 VVT-I HYBRID FLEX ALTIS PREMIUM CVT,2023,2024,53557,Automático,167990.0,101.0
2.0 VVT-IE FLEX GR-S DIRECT SHIFT,2025,2025,25000,Automático,169900.0,97.0
2.0 VVT-IE FLEX XEI DIRECT SHIFT,2021,2022,79430,Automático,121990.0,99.0
2.0 VVT-IE FLEX ALTIS PREMIUM DIRECT SHIFT,2026,2026,0,Automático,209320.0,111.0
2.0 VVT-IE FLEX GR-S DIRECT SHIFT,2022,2023,87000,Automático,135800.0,98.0
2.0 XEI 16V FLEX 4P AUTOMÁTICO,2012,2013,95260,Automático,73900.0,111.0
2.0 XEI 16V FLEX 4P AUTOMÁTICO,2018,2019,100000,Automático,110990.0,108.0
1.8 GLI 16V FLEX 4P AUTOMÁTICO,2018,2018,100000,Automático,92990.0,109.0
2.0 XEI 16V FLEX 4P AUTOMÁTICO,2016,2017,100000,Automático,92900.0,105.0
1.8 GLI 16V FLEX 4P AUTOMÁTICO,2009,2010,150000,Automático,56900.0,106.0
2.0 XEI 16V FLEX 4P AUTOMÁTICO,2010,2011,170000,Automático,62900.0,107.0
2.0 VVT-IE FLEX XEI DIRECT SHIFT,2024,2024,36612,Automático,148790.0,104.0
1.8 VVT-I HYBRID FLEX ALTIS PREMIUM CVT,2023,2024,38000,Automático,168990.0,102.0
1.8 VVT-I HYBRID FLEX ALTIS PREMIUM CVT,2023,2024,38000,Automático,168990.0,102.0
1.8 XEI 16V FLEX 4P AUTOMÁTICO,2009,2010,179000,Automático,59990.0,108.0
2.0 VVT-IE FLEX GLI DIRECT SHIFT,2025,2025,33011,Automático,143900.0,100.0
1.8 GLI 16V FLEX 4P AUTOMÁTICO,2017,2017,159887,Automático,83990.0,103.0
2.0 XEI 16V FLEX 4P AUTOMÁTICO,2014,2015,123060,Automático,83890.0,102.0
2.0 VVT-IE FLEX XEI DIRECT SHIFT,2023,2023,37000,Automático,129990.0,102.0
2.0 XEI 16V FLEX 4P AUTOMÁTICO,2014,2015,135000,Automático,83990.0,102.0
1.8 GLI 16V FLEX 4P AUTOMÁTICO,2016,2017,123000,Automático,88790.0,109.0
2.0 VVT-IE FLEX XEI DIRECT SHIFT,2024,2024,59000,Automático,146900.0,103.0
1.8 VVT-I HYBRID FLEX ALTIS PREMIUM CVT,2023,2024,38000,Automático,168990.0,102.0
2.0 VVT-IE FLEX XEI DIRECT SHIFT,2024,2024,25640,Automático,199000.0,140.0
2.0 VVT-IE FLEX GLI DIRECT SHIFT,2024,2024,62038,Automático,123890.0,99.0
2.0 VVT-IE FLEX XEI DIRECT SHIFT,2020,2021,106000,Automático,121790.0,102.0
2.0 VVT-IE FLEX XEI DIRECT SHIFT,2026,2026,0,Automático,172900.0,105.0
2.0 VVT-IE FLEX ALTIS DIRECT SHIFT,2022,2023,98243,Automático,138990.0,97.0
2.0 VVT-IE FLEX GR-S DIRECT SHIFT,2025,2026,0,Automático,203790.0,112.0
1.8 VVT-I HYBRID FLEX ALTIS PREMIUM CVT,2025,2026,0,Automático,209010.0,111.0
1.8 GLI 16V FLEX 4P AUTOMÁTICO,2016,2017,25946,Automático,97900.0,121.0
2.0 VVT-IE FLEX XEI DIRECT SHIFT,2023,2024,24496,Automático,142790.0,100.0
2.0 VVT-IE FLEX XEI DIRECT SHIFT,2019,2020,62395,Automático,116990.0,100.0
2.0 VVT-IE FLEX XEI DIRECT SHIFT,2024,2024,25233,Automático,143900.0,101.0
2.0 VVT-IE FLEX XEI DIRECT SHIFT,2024,2024,115000,Automático,138900.0,97.0
2.0 VVT-IE FLEX XEI DIRECT SHIFT,2022,2023,78319,Automático,130900.0,103.0
2.0 VVT-IE FLEX XEI DIRECT SHIFT,2020,2020,99000,Automático,117790.0,101.0
2.0 XEI 16V FLEX 4P AUTOMÁTICO,2013,2014,188619,Automático,71900.0,103.0
2.0 VVT-IE FLEX XEI DIRECT SHIFT,2019,2020,106993,Automático,118000.0,101.0
1.8 GLI 16V FLEX 4P AUTOMÁTICO,2016,2017,168000,Automático,82880.0,102.0
2.0 VVT-IE FLEX GLI DIRECT SHIFT,2025,2025,33011,Automático,143900.0,100.0
1.8 GLI 16V FLEX 4P AUTOMÁTICO,2012,2013,134560,Automático,65990.0,106.0
1.8 VVT-I HYBRID FLEX ALTIS PREMIUM CVT,2020,2020,54300,Automático,175990.0,140.0
2.0 VVT-IE FLEX XEI DIRECT SHIFT,2026,2026,0,Automático,169990.0,103.0
2.0 VVT-IE FLEX XEI DIRECT SHIFT,2019,2020,79409,Automático,112990.0,97.0
2.0 VVT-IE FLEX XEI DIRECT SHIFT,2024,2024,36300,Automático,145900.0,102.0
1.8 VVT-I HYBRID FLEX ALTIS PREMIUM CVT,2022,2023,56700,Automático,151990.0,105.0
2.0 XEI 16V FLEX 4P AUTOMÁTICO,2018,2019,137378,Automático,104900.0,102.0
1.8 SE-G 16V GASOLINA 4P AUTOMÁTICO,2005,2006,222435,Automático,47900.0,118.0
2.0 VVT-IE FLEX XEI DIRECT SHIFT,2024,2025,70389,Automático,154890.0,97.0
2.0 VVT-IE FLEX GLI DIRECT SHIFT,2025,2025,33011,Automático,143900.0,100.0
2.0 ALTIS 16V FLEX 4P AUTOMÁTICO,2011,2012,93000,Automático,84900.0,130.0
1.8 GLI 16V FLEX 4P AUTOMÁTICO,2017,2018,105000,Automático,85899.0,101.0
2.0 VVT-IE FLEX XEI DIRECT SHIFT,2025,2025,20405,Automático,162900.0,102.0
2.0 VVT-IE FLEX XEI DIRECT SHIFT,2023,2023,52900,Automático,128990.0,101.0
2.0 VVT-IE FLEX ALTIS DIRECT SHIFT,2022,2023,61099,Automático,149990.0,105.0
2.0 ALTIS 16V FLEX 4P AUTOMÁTICO,2017,2018,123889,Automático,105880.0,103.0
2.0 VVT-IE FLEX XEI DIRECT SHIFT,2019,2020,70000,Automático,119900.0,103.0
2.0 VVT-IE FLEX XEI DIRECT SHIFT,2022,2023,56800,Automático,167790.0,131.0
1.8 VVT-I HYBRID FLEX ALTIS PREMIUM CVT,2020,2021,94386,Automático,142900.0,110.0
2.0 VVT-IE FLEX GR-S DIRECT SHIFT,2026,2026,0,Automático,202890.0,111.0
2.0 VVT-IE FLEX GR-S DIRECT SHIFT,2025,2025,0,Automático,199700.0,114.0
2.0 VVT-IE FLEX XEI DIRECT SHIFT,2026,2026,2000,Automático,171000.0,104.0
2.0 VVT-IE FLEX XEI DIRECT SHIFT,2023,2024,63650,Automático,139790.0,98.0
1.8 GLI 16V FLEX 4P AUTOMÁTICO,2015,2016,92000,Automático,84890.0,108.0
2.0 XEI 16V FLEX 4P AUTOMÁTICO,2015,2015,99800,Automático,89900.0,110.0
2.0 XEI 16V FLEX 4P AUTOMÁTICO,2016,2016,144000,Automático,92990.0,110.0
2.0 VVT-IE FLEX XEI DIRECT SHIFT,2021,2022,71000,Automático,123900.0,101.0
2.0 XEI 16V FLEX 4P AUTOMÁTICO,2018,2018,103000,Automático,105900.0,106.0
2.0 XEI 16V FLEX 4P AUTOMÁTICO,2018,2019,94921,Automático,109900.0,107.0
2.0 VVT-IE FLEX ALTIS DIRECT SHIFT,2024,2024,48369,Automático,167900.0,103.0
2.0 XEI 16V FLEX 4P AUTOMÁTICO,2015,2016,102000,Automático,89900.0,106.0
2.0 VVT-IE FLEX GLI DIRECT SHIFT,2019,2020,58800,Automático,129900.0,121.0
2.0 XEI 16V FLEX 4P AUTOMÁTICO,2015,2015,168000,Automático,83990.0,102.0
2.0 XEI 16V FLEX 4P AUTOMÁTICO,2013,2014,159000,Automático,71900.0,103.0
2.0 VVT-IE FLEX XEI DIRECT SHIFT,2019,2020,62000,Automático,139790.0,120.0
1.8 VVT-I HYBRID FLEX ALTIS PREMIUM CVT,2025,2025,21275,Automático,189900.0,106.0
1.8 VVT-I HYBRID FLEX ALTIS PREMIUM CVT,2021,2022,85129,Automático,135990.0,101.0
2.0 VVT-IE FLEX GLI DIRECT SHIFT,2025,2025,33011,Automático,143900.0,100.0
2.0 VVT-IE FLEX GR-S DIRECT SHIFT,2023,2023,51559,Automático,145900.0,105.0
2.0 VVT-IE FLEX XEI DIRECT SHIFT,2025,2025,8800,Automático,154990.0,97.0
2.0 VVT-IE FLEX XEI DIRECT SHIFT,2019,2020,97000,Automático,117900.0,101.0
2.0 VVT-IE FLEX XEI DIRECT SHIFT,2022,2022,68908,Automático,123900.0,101.0
1.8 VVT-I HYBRID FLEX ALTIS CVT,2023,2023,84422,Automático,149900.0,105.0
2.0 VVT-IE FLEX GLI DIRECT SHIFT,2025,2025,19304,Automático,149990.0,104.0
2.0 VVT-IE FLEX GR-S DIRECT SHIFT,2022,2023,68448,Automático,143990.0,104.0
1.8 GLI 16V FLEX 4P AUTOMÁTICO,2017,2017,76771,Automático,83800.0,103.0
2.0 VVT-IE FLEX XEI DIRECT SHIFT,2024,2024,17000,Automático,142990.0,100.0
2.0 XEI 16V FLEX 4P AUTOMÁTICO,2018,2019,65714,Automático,117900.0,115.0
2.0 VVT-IE FLEX GR-S DIRECT SHIFT,2024,2024,100500,Automático,159000.0,100.0
2.0 XEI 16V FLEX 4P AUTOMÁTICO,2011,2012,112501,Automático,68900.0,108.0
2.0 VVT-IE FLEX XEI DIRECT SHIFT,2023,2023,23000,Automático,132900.0,104.0
1.8 VVT-I HYBRID FLEX ALTIS PREMIUM CVT,2022,2023,57617,Automático,138990.0,96.0
2.0 VVT-IE FLEX XEI DIRECT SHIFT,2019,2020,96000,Automático,118900.0,102.0
1.8 VVT-I HYBRID FLEX ALTIS PREMIUM CVT,2023,2024,35000,Automático,168900.0,102.0
1.8 GLI 16V FLEX 4P AUTOMÁTICO,2015,2016,135000,Automático,79990.0,102.0
2.0 VVT-IE FLEX GLI DIRECT SHIFT,2023,2024,34534,Automático,128300.0,102.0
1.8 GLI 16V FLEX 4P AUTOMÁTICO,2014,2015,167628,Automático,78990.0,105.0
2.0 VVT-IE FLEX XEI DIRECT SHIFT,2022,2022,81995,Automático,123900.0,101.0
2.0 VVT-IE FLEX XEI DIRECT SHIFT,2023,2023,65000,Automático,129990.0,102.0
2.0 VVT-IE FLEX XEI DIRECT SHIFT,2020,2020,101,Automático,127900.0,110.0
1.8 VVT-I HYBRID FLEX ALTIS PREMIUM CVT,2021,2022,78000,Automático,140900.0,104.0
2.0 XEI 16V FLEX 4P AUTOMÁTICO,2015,2016,104000,Automático,94900.0,112.0
2.0 VVT-IE FLEX XEI DIRECT SHIFT,2024,2024,33000,Automático,147900.0,104.0
2.0 VVT-IE FLEX XEI DIRECT SHIFT,2024,2024,70174,Automático,135890.0,95.0
2.0 XEI 16V FLEX 4P AUTOMÁTICO,2015,2016,123711,Automático,83990.0,99.0
2.0 XEI 16V FLEX 4P AUTOMÁTICO,2018,2019,81000,Automático,109990.0,107.0
2.0 VVT-IE FLEX XEI DIRECT SHIFT,2024,2024,23295,Automático,149990.0,105.0
2.0 XEI 16V FLEX 4P AUTOMÁTICO,2017,2018,190000,Automático,105990.0,106.0
1.8 XEI 16V FLEX 4P AUTOMÁTICO,2008,2009,136900,Automático,62900.0,117.0
2.0 XEI 16V FLEX 4P AUTOMÁTICO,2012,2012,217000,Automático,66990.0,105.0
2.0 VVT-IE FLEX GLI DIRECT SHIFT,2025,2025,18227,Automático,154790.0,107.0
1.8 GLI 16V FLEX 4P AUTOMÁTICO,2018,2019,94000,Automático,91890.0,105.0
2.0 XEI 16V FLEX 4P AUTOMÁTICO,2014,2015,145000,Automático,85990.0,105.0
2.0 VVT-IE FLEX XEI DIRECT SHIFT,2023,2023,60025,Automático,133700.0,105.0
2.0 VVT-IE FLEX XEI DIRECT SHIFT,2023,2023,54410,Automático,127500.0,100.0
2.0 XEI 16V FLEX 4P AUTOMÁTICO,2016,2017,72572,Automático,92900.0,105.0
2.0 XEI 16V FLEX 4P AUTOMÁTICO,2017,2018,85000,Automático,108900.0,109.0
2.0 VVT-IE FLEX XEI DIRECT SHIFT,2023,2023,71300,Automático,132000.0,103.0
2.0 XEI 16V FLEX 4P AUTOMÁTICO,2019,2019,161000,Automático,103900.0,101.0
2.0 VVT-IE FLEX ALTIS DIRECT SHIFT,2023,2023,46000,Automático,143800.0,100.0
2.0 VVT-IE FLEX XEI DIRECT SHIFT,2023,2023,36860,Automático,126900.0,99.0
2.0 VVT-IE FLEX XEI DIRECT SHIFT,2020,2021,90449,Automático,122900.0,103.0
2.0 XEI 16V FLEX 4P AUTOMÁTICO,2014,2015,155101,Automático,80890.0,99.0
2.0 VVT-IE FLEX GR-S DIRECT SHIFT,2023,2023,45364,Automático,138990.0,100.0
1.8 VVT-I HYBRID FLEX ALTIS CVT,2024,2024,66591,Automático,199950.0,123.0
1.8 VVT-I HYBRID FLEX ALTIS PREMIUM CVT,2026,2026,0,Automático,209010.0,111.0
2.0 XEI 16V FLEX 4P AUTOMÁTICO,2016,2017,89553,Automático,89890.0,102.0
2.0 VVT-IE FLEX XEI DIRECT SHIFT,2025,2025,14990,Automático,159900.0,100.0
2.0 XEI 16V FLEX 4P AUTOMÁTICO,2018,2019,21354,Automático,116900.0,114.0
2.0 XEI 16V FLEX 4P AUTOMÁTICO,2016,2017,152800,Automático,90000.0,102.0
2.0 VVT-IE FLEX ALTIS DIRECT SHIFT,2022,2023,46000,Automático,145000.0,101.0
2.0 VVT-IE FLEX XEI DIRECT SHIFT,2025,2025,12400,Automático,159990.0,100.0
2.0 XEI 16V FLEX 4P AUTOMÁTICO,2018,2018,99000,Automático,104900.0,105.0
2.0 VVT-IE FLEX ALTIS DIRECT SHIFT,2021,2022,53749,Automático,169990.0,125.0
1.8 GLI UPPER 16V FLEX 4P AUTOMÁTICO,2018,2018,174524,Automático,84999.0,99.0
2.0 VVT-IE FLEX GR-S DIRECT SHIFT,2025,2025,25000,Automático,182201.0,104.0
2.0 VVT-IE FLEX GR-S DIRECT SHIFT,2023,2024,41590,Automático,164900.0,103.0
2.0 VVT-IE FLEX XEI DIRECT SHIFT,2023,2023,40928,Automático,138790.0,109.0
2.0 VVT-IE FLEX XEI DIRECT SHIFT,2021,2022,25288,Automático,173900.0,142.0
2.0 VVT-IE FLEX XEI DIRECT SHIFT,2020,2021,67100,Automático,119900.0,100.0
2.0 VVT-IE FLEX XEI DIRECT SHIFT,2020,2021,65504,Automático,125790.0,105.0
1.8 VVT-I HYBRID FLEX ALTIS CVT,2022,2023,62000,Automático,143790.0,101.0
2.0 VVT-IE FLEX XEI DIRECT SHIFT,2020,2021,89564,Automático,122990.0,103.0
2.0 VVT-IE FLEX XEI DIRECT SHIFT,2023,2024,42000,Automático,145900.0,102.0
2.0 VVT-IE FLEX XEI DIRECT SHIFT,2022,2023,54456,Automático,129900.0,102.0
2.0 VVT-IE FLEX XEI DIRECT SHIFT,2020,2021,91581,Automático,124999.0,104.0
2.0 VVT-IE FLEX XEI DIRECT SHIFT,2024,2024,46800,Automático,143900.0,101.0
2.0 VVT-IE FLEX XEI DIRECT SHIFT,2020,2021,136713,Automático,109890.0,92.0
2.0 VVT-IE FLEX XEI DIRECT SHIFT,2022,2023,88535,Automático,128890.0,101.0
2.0 XEI 16V FLEX 4P AUTOMÁTICO,2017,2017,93000,Automático,95890.0,109.0
1.8 GLI UPPER 16V FLEX 4P AUTOMÁTICO,2019,2019,88000,Automático,94900.0,107.0
2.0 VVT-IE FLEX GLI DIRECT SHIFT,2025,2025,29589,Automático,139990.0,97.0
2.0 VVT-IE FLEX XEI DIRECT SHIFT,2025,2025,38265,Automático,155990.0,98.0
2.0 XEI 16V FLEX 4P AUTOMÁTICO,2013,2013,164000,Automático,71900.0,108.0
2.0 VVT-IE FLEX XEI DIRECT SHIFT,2020,2021,122000,Automático,125900.0,105.0
2.0 VVT-IE FLEX XEI DIRECT SHIFT,2019,2020,70000,Automático,119900.0,103.0
1.8 GLI 16V FLEX 4P AUTOMÁTICO,2018,2018,87000,Automático,89000.0,104.0
2.0 XEI 16V FLEX 4P AUTOMÁTICO,2013,2014,129719,Automático,72900.0,104.0
1.8 VVT-I HYBRID FLEX ALTIS PREMIUM CVT,2022,2023,63000,Automático,149990.0,104.0
2.0 VVT-IE FLEX XEI DIRECT SHIFT,2021,2022,83000,Automático,124900.0,102.0
2.0 VVT-IE FLEX GR-S DIRECT SHIFT,2022,2023,39000,Automático,141990.0,103.0
2.0 XEI 16V FLEX 4P AUTOMÁTICO,2019,2019,113198,Automático,109900.0,107.0
1.8 VVT-I HYBRID FLEX ALTIS PREMIUM CVT,2022,2023,97000,Automático,138900.0,96.0
2.0 VVT-IE FLEX XEI DIRECT SHIFT,2021,2022,25288,Automático,173900.0,142.0
2.0 VVT-IE FLEX XEI DIRECT SHIFT,2021,2022,44000,Automático,129890.0,106.0
2.0 ALTIS 16V FLEX 4P AUTOMÁTICO,2017,2018,97417,Automático,111990.0,109.0
2.0 VVT-IE FLEX GR-S DIRECT SHIFT,2025,2025,25000,Automático,182201.0,104.0
1.8 VVT-I HYBRID FLEX ALTIS PREMIUM CVT,2021,2022,75123,Automático,139900.0,104.0
2.0 VVT-IE FLEX GR-S DIRECT SHIFT,2021,2022,51500,Automático,135800.0,106.0
1.8 VVT-I HYBRID FLEX ALTIS PREMIUM CVT,2022,2023,88063,Automático,147890.0,102.0
2.0 VVT-IE FLEX XEI DIRECT SHIFT,2019,2020,134000,Automático,118000.0,101.0
1.8 VVT-I HYBRID FLEX ALTIS CVT,2022,2023,86400,Automático,141800.0,100.0
2.0 VVT-IE FLEX XEI DIRECT SHIFT,2026,2026,0,Automático,174900.0,106.0
1.8 VVT-I HYBRID FLEX ALTIS PREMIUM CVT,2026,2026,0,Automático,204900.0,109.0
2.0 XEI 16V FLEX 4P AUTOMÁTICO,2016,2017,123000,Automático,89900.0,102.0
2.0 VVT-IE FLEX XEI DIRECT SHIFT,2020,2021,81000,Automático,121790.0,102.0
2.0 XEI 16V FLEX 4P AUTOMÁTICO,2017,2018,120170,Automático,108900.0,109.0
2.0 VVT-IE FLEX GLI DIRECT SHIFT,2024,2024,21699,Automático,135000.0,107.0
2.0 VVT-IE FLEX GLI DIRECT SHIFT,2024,2024,33782,Automático,133100.0,106.0
2.0 XEI 16V FLEX 4P AUTOMÁTICO,2016,2017,138000,Automático,93990.0,107.0
2.0 VVT-IE FLEX GR-S DIRECT SHIFT,2026,2026,0,Automático,202890.0,111.0
2.0 VVT-IE FLEX XEI DIRECT SHIFT,2021,2022,105000,Automático,127900.0,104.0
1.8 VVT-I HYBRID FLEX ALTIS PREMIUM CVT,2023,2024,104137,Automático,159133.0,96.0
2.0 VVT-IE FLEX XEI DIRECT SHIFT,2024,2024,54848,Automático,139400.0,98.0
1.8 GLI 16V FLEX 4P AUTOMÁTICO,2013,2014,114000,Automático,69900.0,108.0
2.0 VVT-IE FLEX XEI DIRECT SHIFT,2019,2020,72000,Automático,122990.0,105.0
2.0 VVT-IE FLEX XEI DIRECT SHIFT,2023,2023,29000,Automático,129900.0,102.0
2.0 VVT-IE FLEX GLI DIRECT SHIFT,2023,2023,90000,Automático,133990.0,113.0
2.0 VVT-IE FLEX XEI DIRECT SHIFT,2022,2023,34000,Automático,127890.0,100.0
1.8 GLI UPPER 16V FLEX 4P AUTOMÁTICO,2018,2019,84902,Automático,88900.0,100.0
2.0 XEI 16V FLEX 4P AUTOMÁTICO,2014,2015,90340,Automático,94900.0,116.0
1.8 VVT-I HYBRID FLEX ALTIS PREMIUM CVT,2021,2022,112382,Automático,133900.0,99.0
2.0 XEI 16V FLEX 4P AUTOMÁTICO,2015,2016,130017,Automático,89900.0,106.0
1.8 VVT-I HYBRID FLEX ALTIS PREMIUM CVT,2022,2023,57617,Automático,138990.0,96.0
2.0 VVT-IE FLEX XEI DIRECT SHIFT,2021,2022,71435,Automático,127900.0,104.0
2.0 VVT-IE FLEX XEI DIRECT SHIFT,2022,2023,63000,Automático,129900.0,102.0
2.0 VVT-IE FLEX XEI DIRECT SHIFT,2020,2021,89589,Automático,119900.0,100.0
2.0 VVT-IE FLEX XEI DIRECT SHIFT,2023,2023,52900,Automático,128990.0,101.0
2.0 XEI 16V FLEX 4P AUTOMÁTICO,2019,2019,101615,Automático,107900.0,105.0
1.8 VVT-I HYBRID FLEX ALTIS PREMIUM CVT,2025,2026,6200,Automático,199900.0,106.0
1.8 XEI 16V GASOLINA 4P MANUAL,2004,2005,167391,Manual,42900.0,119.0
2.0 XEI 16V FLEX 4P AUTOMÁTICO,2017,2018,97051,Automático,104900.0,105.0
2.0 VVT-IE FLEX XEI DIRECT SHIFT,2021,2022,78658,Automático,123990.0,101.0
2.0 VVT-IE FLEX XEI DIRECT SHIFT,2023,2024,52814,Automático,148499.0,104.0
1.8 VVT-I HYBRID FLEX ALTIS PREMIUM CVT,2025,2026,0,Automático,208990.0,111.0
2.0 VVT-IE FLEX XEI DIRECT SHIFT,2022,2023,83565,Automático,129900.0,102.0
2.0 VVT-IE FLEX XEI DIRECT SHIFT,2023,2023,81000,Automático,129990.0,102.0
2.0 XEI 16V FLEX 4P AUTOMÁTICO,2019,2019,127000,Automático,109990.0,107.0
2.0 VVT-IE FLEX XEI DIRECT SHIFT,2026,2026,0,Automático,177320.0,108.0
2.0 VVT-IE FLEX GR-S DIRECT SHIFT,2024,2024,60000,Automático,165000.0,103.0
2.0 VVT-IE FLEX XEI DIRECT SHIFT,2022,2023,58000,Automático,128900.0,101.0
2.0 VVT-IE FLEX XEI DIRECT SHIFT,2021,2022,34313,Automático,134790.0,110.0
2.0 VVT-IE FLEX XEI DIRECT SHIFT,2023,2024,69316,Automático,141900.0,99.0
1.8 VVT-I HYBRID FLEX ALTIS PREMIUM CVT,2024,2024,7500,Automático,169900.0,103.0
2.0 VVT-IE FLEX XEI DIRECT SHIFT,2022,2023,48353,Automático,135890.0,106.0
1.8 GLI 16V FLEX 4P AUTOMÁTICO,2016,2016,111711,Automático,79890.0,102.0
2.0 VVT-IE FLEX XEI DIRECT SHIFT,2022,2023,37517,Automático,129900.0,102.0
1.8 GLI 16V FLEX 4P AUTOMÁTICO,2016,2017,112000,Automático,81980.0,101.0
1.8 VVT-I HYBRID FLEX ALTIS CVT,2021,2021,80651,Automático,128300.0,101.0
2.0 XEI 16V FLEX 4P AUTOMÁTICO,2015,2015,170000,Automático,84900.0,104.0
2.0 VVT-IE FLEX XEI DIRECT SHIFT,2023,2023,72679,Automático,124990.0,98.0
2.0 VVT-IE FLEX XEI DIRECT SHIFT,2023,2024,32000,Automático,146990.0,103.0
2.0 VVT-IE FLEX XEI DIRECT SHIFT,2023,2023,42200,Automático,127980.0,100.0
2.0 XEI 16V FLEX 4P AUTOMÁTICO,2015,2016,150600,Automático,89900.0,106.0
2.0 VVT-IE FLEX ALTIS DIRECT SHIFT,2021,2022,70000,Automático,137900.0,101.0
2.0 VVT-IE FLEX XEI DIRECT SHIFT,2021,2021,81628,Automático,120900.0,101.0
2.0 VVT-IE FLEX GLI DIRECT SHIFT,2025,2025,18227,Automático,154790.0,107.0
2.0 XEI 16V FLEX 4P AUTOMÁTICO,2019,2019,87000,Automático,115900.0,113.0
1.8 VVT-I HYBRID FLEX ALTIS PREMIUM CVT,2024,2024,73000,Automático,165900.0,100.0
2.0 VVT-IE FLEX XEI DIRECT SHIFT,2021,2022,87280,Automático,122900.0,100.0
1.8 VVT-I HYBRID FLEX ALTIS PREMIUM CVT,2022,2023,65000,Automático,148900.0,103.0
2.0 VVT-IE FLEX XEI DIRECT SHIFT,2021,2022,126459,Automático,114990.0,94.0
2.0 VVT-IE FLEX GLI DIRECT SHIFT,2025,2025,17163,Automático,146900.0,102.0
2.0 VVT-IE FLEX XEI DIRECT SHIFT,2022,2023,43000,Automático,132900.0,104.0
2.0 VVT-IE FLEX ALTIS DIRECT SHIFT,2021,2022,84000,Automático,139990.0,103.0
2.0 VVT-IE FLEX XEI DIRECT SHIFT,2023,2024,30467,Automático,149900.0,105.0
1.8 GLI 16V FLEX 4P AUTOMÁTICO,2017,2018,92300,Automático,85800.0,101.0
2.0 XEI 16V FLEX 4P AUTOMÁTICO,2019,2019,84214,Automático,99900.0,97.0
2.0 XEI 16V FLEX 4P AUTOMÁTICO,2016,2017,102000,Automático,87900.0,100.0
2.0 XEI 16V FLEX 4P AUTOMÁTICO,2016,2016,108000,Automático,89900.0,106.0
2.0 XEI 16V FLEX 4P AUTOMÁTICO,2014,2015,103881,Automático,88000.0,107.0
2.0 VVT-IE FLEX XEI DIRECT SHIFT,2022,2023,73000,Automático,128900.0,101.0
2.0 VVT-IE FLEX XEI DIRECT SHIFT,2020,2020,60000,Automático,118900.0,102.0
2.0 VVT-IE FLEX XEI DIRECT SHIFT,2022,2023,39000,Automático,132900.0,104.0
2.0 VVT-IE FLEX XEI DIRECT SHIFT,2020,2021,65000,Automático,120990.0,101.0
2.0 XEI 16V FLEX 4P AUTOMÁTICO,2014,2015,129000,Automático,82900.0,101.0
1.8 VVT-I HYBRID FLEX ALTIS PREMIUM CVT,2021,2022,76721,Automático,134990.0,100.0
1.8 VVT-I HYBRID FLEX ALTIS PREMIUM CVT,2022,2023,57617,Automático,138990.0,96.0
2.0 VVT-IE FLEX ALTIS PREMIUM DIRECT SHIFT,2025,2025,28300,Automático,175900.0,99.0
1.8 GLI 16V FLEX 4P AUTOMÁTICO,2018,2018,156628,Automático,83890.0,98.0
2.0 VVT-IE FLEX ALTIS DIRECT SHIFT,2023,2024,67570,Automático,163790.0,100.0
2.0 VVT-IE FLEX XEI DIRECT SHIFT,2023,2024,52000,Automático,148000.0,104.0
2.0 VVT-IE FLEX XEI DIRECT SHIFT,2023,2023,50000,Automático,129000.0,101.0
2.0 VVT-IE FLEX XEI DIRECT SHIFT,2021,2022,79861,Automático,127900.0,104.0
2.0 VVT-IE FLEX XEI DIRECT SHIFT,2022,2023,76000,Automático,134900.0,106.0
1.8 XEI 16V FLEX 4P AUTOMÁTICO,2009,2009,101,Automático,63900.0,119.0
1.8 VVT-I HYBRID FLEX ALTIS CVT,2024,2024,66591,Automático,199950.0,123.0
2.0 VVT-IE FLEX GLI DIRECT SHIFT,2022,2023,53240,Automático,119870.0,101.0
2.0 VVT-IE FLEX XEI DIRECT SHIFT,2023,2023,74000,Automático,129900.0,102.0
2.0 VVT-IE FLEX XEI DIRECT SHIFT,2021,2022,101124,Automático,121990.0,99.0
2.0 VVT-IE FLEX ALTIS DIRECT SHIFT,2020,2021,107587,Automático,127000.0,97.0
1.8 VVT-I HYBRID FLEX ALTIS CVT,2022,2023,41200,Automático,143800.0,101.0
1.8 GLI 16V FLEX 4P AUTOMÁTICO,2015,2016,135000,Automático,89990.0,115.0
2.0 VVT-IE FLEX XEI DIRECT SHIFT,2025,2025,45000,Automático,162900.0,102.0
2.0 VVT-IE FLEX XEI DIRECT SHIFT,2020,2021,98466,Automático,123900.0,103.0
1.8 VVT-I HYBRID FLEX ALTIS CVT,2019,2020,106391,Automático,122900.0,100.0
2.0 VVT-IE FLEX GR-S DIRECT SHIFT,2025,2025,25000,Automático,182201.0,104.0
2.0 VVT-IE FLEX XEI DIRECT SHIFT,2025,2026,13778,Automático,180900.0,110.0
2.0 VVT-IE FLEX XEI DIRECT SHIFT,2022,2023,59800,Automático,134900.0,106.0
2.0 VVT-IE FLEX XEI DIRECT SHIFT,2022,2023,65000,Automático,129900.0,102.0
1.8 VVT-I HYBRID FLEX ALTIS PREMIUM CVT,2026,2026,0,Automático,199980.0,106.0
1.8 VVT-I HYBRID FLEX ALTIS PREMIUM CVT,2025,2025,2650,Automático,189900.0,106.0
2.0 VVT-IE FLEX XEI DIRECT SHIFT,2022,2023,37000,Automático,135900.0,106.0
2.0 VVT-IE FLEX XEI DIRECT SHIFT,2021,2022,48000,Automático,129900.0,106.0
2.0 VVT-IE FLEX XEI DIRECT SHIFT,2023,2024,45054,Automático,145900.0,102.0
2.0 VVT-IE FLEX XEI DIRECT SHIFT,2022,2022,106014,Automático,125900.0,102.0
2.0 VVT-IE FLEX XEI DIRECT SHIFT,2019,2020,79409,Automático,112990.0,97.0
2.0 VVT-IE FLEX XEI DIRECT SHIFT,2019,2020,79409,Automático,112990.0,97.0
2.0 VVT-IE FLEX XEI DIRECT SHIFT,2023,2023,75991,Automático,126900.0,99.0
2.0 VVT-IE FLEX GR-S DIRECT SHIFT,2023,2024,38000,Automático,169900.0,106.0
1.8 GLI 16V FLEX 4P AUTOMÁTICO,2015,2016,169988,Automático,82900.0,106.0
2.0 XEI 16V FLEX 4P AUTOMÁTICO,2018,2018,128125,Automático,107790.0,108.0
1.8 GLI UPPER 16V FLEX 4P AUTOMÁTICO,2019,2019,160000,Automático,89890.0,101.0
2.0 VVT-IE FLEX XEI DIRECT SHIFT,2022,2023,92000,Automático,129900.0,102.0
2.0 XEI 16V FLEX 4P AUTOMÁTICO,2019,2019,116448,Automático,103900.0,101.0
2.0 XRS 16V FLEX 4P AUTOMÁTICO,2017,2018,100,Automático,106990.0,108.0
1.8 GLI UPPER 16V FLEX 4P AUTOMÁTICO,2018,2018,133000,Automático,92900.0,108.0
2.0 VVT-IE FLEX GR-S DIRECT SHIFT,2021,2022,67300,Automático,174900.0,137.0
2.0 XEI 16V FLEX 4P AUTOMÁTICO,2018,2018,103362,Automático,99900.0,100.0
2.0 XEI 16V FLEX 4P AUTOMÁTICO,2017,2018,118785,Automático,103900.0,104.0
2.0 XEI 16V FLEX 4P AUTOMÁTICO,2014,2015,155800,Automático,89900.0,110.0
2.0 XEI 16V FLEX 4P AUTOMÁTICO,2012,2013,170000,Automático,71900.0,108.0
2.0 VVT-IE FLEX XEI DIRECT SHIFT,2020,2020,50500,Automático,122000.0,105.0
2.0 VVT-IE FLEX XEI DIRECT SHIFT,2019,2020,70000,Automático,119900.0,103.0
2.0 XEI 16V FLEX 4P AUTOMÁTICO,2019,2019,85000,Automático,105890.0,103.0
2.0 XEI 16V FLEX 4P AUTOMÁTICO,2016,2017,62000,Automático,99790.0,113.0
2.0 VVT-IE FLEX GR-S DIRECT SHIFT,2023,2024,62112,Automático,159900.0,100.0
2.0 XEI 16V FLEX 4P AUTOMÁTICO,2012,2013,224555,Automático,60900.0,92.0
2.0 VVT-IE FLEX XEI DIRECT SHIFT,2023,2023,52900,Automático,128990.0,101.0
1.8 XEI 16V FLEX 4P AUTOMÁTICO,2009,2009,101,Automático,63900.0,119.0
1.8 GLI 16V FLEX 4P AUTOMÁTICO,2014,2015,200562,Automático,77900.0,103.0
1.8 GLI UPPER 16V FLEX 4P AUTOMÁTICO,2018,2019,118300,Automático,92990.0,105.0
2.0 XEI 16V FLEX 4P AUTOMÁTICO,2019,2019,123456,Automático,103900.0,101.0
1.8 VVT-I HYBRID FLEX ALTIS PREMIUM CVT,2026,2026,0,Automático,194999.0,103.0
2.0 VVT-IE FLEX XEI DIRECT SHIFT,2021,2022,108475,Automático,126000.0,103.0
2.0 XEI 16V FLEX 4P AUTOMÁTICO,2013,2014,149756,Automático,73900.0,106.0
1.8 VVT-I HYBRID FLEX ALTIS PREMIUM CVT,2022,2023,79700,Automático,145900.0,101.0
1.8 VVT-I HYBRID FLEX ALTIS PREMIUM CVT,2026,2026,0,Automático,196900.0,104.0
2.0 VVT-IE FLEX GR-S DIRECT SHIFT,2024,2024,60000,Automático,164990.0,103.0
2.0 VVT-IE FLEX XEI DIRECT SHIFT,2024,2024,22373,Automático,198000.0,139.0
1.8 GLI 16V FLEX 4P AUTOMÁTICO,2016,2017,111000,Automático,91990.0,113.0
1.8 GLI 16V FLEX 4P AUTOMÁTICO,2016,2017,111000,Automático,89990.0,111.0
2.0 VVT-IE FLEX GR-S DIRECT SHIFT,2025,2025,25000,Automático,182201.0,104.0
2.0 VVT-IE FLEX XEI DIRECT SHIFT,2021,2021,70000,Automático,124000.0,103.0
2.0 VVT-IE FLEX XEI DIRECT SHIFT,2023,2023,29970,Automático,128700.0,101.0
1.8 GLI 16V FLEX 4P AUTOMÁTICO,2014,2015,183236,Automático,84990.0,113.0
2.0 VVT-IE FLEX XEI DIRECT SHIFT,2022,2023,69350,Automático,121400.0,95.0
2.0 VVT-IE FLEX XEI DIRECT SHIFT,2022,2023,67500,Automático,134900.0,106.0
1.8 GLI 16V FLEX 4P AUTOMÁTICO,2018,2018,156628,Automático,83890.0,98.0
2.0 VVT-IE FLEX XEI DIRECT SHIFT,2020,2021,74000,Automático,119900.0,100.0
1.8 VVT-I HYBRID FLEX ALTIS PREMIUM CVT,2026,2026,0,Automático,196490.0,104.0
2.0 VVT-IE FLEX ALTIS DIRECT SHIFT,2023,2024,67570,Automático,163790.0,100.0
2.0 VVT-IE FLEX GR-S DIRECT SHIFT,2023,2024,48686,Automático,161990.0,101.0
2.0 VVT-IE FLEX XEI DIRECT SHIFT,2020,2021,75727,Automático,125990.0,105.0
1.8 VVT-I HYBRID FLEX ALTIS PREMIUM CVT,2022,2023,57617,Automático,138990.0,96.0
2.0 VVT-IE FLEX XEI DIRECT SHIFT,2024,2024,46000,Automático,142800.0,100.0
2.0 VVT-IE FLEX XEI DIRECT SHIFT,2022,2023,92268,Automático,127990.0,100.0
2.0 ALTIS 16V FLEX 4P AUTOMÁTICO,2018,2019,127000,Automático,109000.0,102.0
2.0 XEI 16V FLEX 4P AUTOMÁTICO,2014,2015,186030,Automático,84900.0,104.0
2.0 VVT-IE FLEX ALTIS DIRECT SHIFT,2020,2021,95000,Automático,133900.0,103.0
2.0 VVT-IE FLEX XEI DIRECT SHIFT,2023,2023,52900,Automático,128990.0,101.0
2.0 VVT-IE FLEX XEI DIRECT SHIFT,2023,2023,54025,Automático,129900.0,102.0
2.0 VVT-IE FLEX ALTIS DIRECT SHIFT,2022,2023,64961,Automático,144890.0,101.0
2.0 VVT-IE FLEX XEI DIRECT SHIFT,2024,2024,46600,Automático,143990.0,101.0
2.0 VVT-IE FLEX GLI DIRECT SHIFT,2024,2024,47525,Automático,126900.0,101.0
1.8 VVT-I HYBRID FLEX ALTIS PREMIUM CVT,2025,2026,12000,Automático,191900.0,102.0
2.0 XEI 16V FLEX 4P AUTOMÁTICO,2018,2019,143156,Automático,103900.0,101.0
2.0 VVT-IE FLEX XEI DIRECT SHIFT,2019,2020,122587,Automático,124900.0,107.0
2.0 XEI 16V FLEX 4P AUTOMÁTICO,2019,2019,87000,Automático,115900.0,113.0
2.0 VVT-IE FLEX ALTIS DIRECT SHIFT,2023,2023,67685,Automático,153490.0,107.0
2.0 VVT-IE FLEX XEI DIRECT SHIFT,2023,2024,30083,Automático,147900.0,104.0
2.0 XEI 16V FLEX 4P AUTOMÁTICO,2017,2017,123000,Automático,92500.0,105.0
2.0 VVT-IE FLEX XEI DIRECT SHIFT,2020,2021,81000,Automático,121790.0,102.0
2.0 XEI 16V FLEX 4P AUTOMÁTICO,2013,2014,184206,Automático,71900.0,103.0
2.0 XEI 16V FLEX 4P AUTOMÁTICO,2019,2019,90510,Automático,104900.0,102.0
2.0 VVT-IE FLEX XEI DIRECT SHIFT,2020,2021,70000,Automático,124890.0,104.0
2.0 VVT-IE FLEX XEI DIRECT SHIFT,2024,2024,45390,Automático,141890.0,99.0
2.0 VVT-IE FLEX XEI DIRECT SHIFT,2023,2024,48400,Automático,138990.0,97.0
2.0 VVT-IE FLEX XEI DIRECT SHIFT,2022,2023,97718,Automático,129900.0,102.0
2.0 VVT-IE FLEX XEI DIRECT SHIFT,2020,2021,82000,Automático,124900.0,104.0
2.0 XEI 16V FLEX 4P AUTOMÁTICO,2016,2017,104580,Automático,93790.0,106.0
2.0 VVT-IE FLEX XEI DIRECT SHIFT,2025,2025,45000,Automático,162900.0,102.0
2.0 VVT-IE FLEX XEI DIRECT SHIFT,2022,2023,77515,Automático,128900.0,101.0
1.8 GLI UPPER 16V FLEX 4P AUTOMÁTICO,2019,2019,88323,Automático,99888.0,113.0
2.0 VVT-IE FLEX XEI DIRECT SHIFT,2020,2021,70000,Automático,123900.0,103.0
2.0 VVT-IE FLEX XEI DIRECT SHIFT,2020,2021,80000,Automático,128000.0,107.0
2.0 VVT-IE FLEX GR-S DIRECT SHIFT,2023,2024,80700,Automático,161900.0,101.0
2.0 VVT-IE FLEX GLI DIRECT SHIFT,2022,2022,105000,Automático,117000.0,102.0
2.0 VVT-IE FLEX XEI DIRECT SHIFT,2023,2023,70000,Automático,129900.0,102.0
2.0 VVT-IE FLEX XEI DIRECT SHIFT,2020,2021,96000,Automático,120990.0,101.0
2.0 VVT-IE FLEX GR-S DIRECT SHIFT,2025,2025,25000,Automático,182201.0,104.0
2.0 VVT-IE FLEX XEI DIRECT SHIFT,2022,2023,67500,Automático,134900.0,106.0
2.0 VVT-IE FLEX GR-S DIRECT SHIFT,2024,2024,60000,Automático,160064.0,100.0
2.0 VVT-IE FLEX GR-S DIRECT SHIFT,2024,2024,60000,Automático,164990.0,103.0
2.0 VVT-IE FLEX GLI DIRECT SHIFT,2019,2020,124000,Automático,109900.0,102.0
2.0 VVT-IE FLEX ALTIS DIRECT SHIFT,2021,2022,84000,Automático,139990.0,103.0
2.0 VVT-IE FLEX GR-S DIRECT SHIFT,2025,2025,25000,Automático,174990.0,100.0
2.0 VVT-IE FLEX XEI DIRECT SHIFT,2026,2026,0,Automático,177320.0,108.0
1.8 VVT-I HYBRID FLEX ALTIS CVT,2021,2022,83175,Automático,146900.0,110.0
2.0 VVT-IE FLEX XEI DIRECT SHIFT,2024,2025,70389,Automático,154890.0,97.0
2.0 VVT-IE FLEX GLI DIRECT SHIFT,2021,2022,88000,Automático,119900.0,105.0
2.0 XEI 16V FLEX 4P AUTOMÁTICO,2014,2015,141000,Automático,83900.0,102.0
2.0 VVT-IE FLEX XEI DIRECT SHIFT,2024,2024,17000,Automático,142990.0,100.0
2.0 XEI 16V FLEX 4P AUTOMÁTICO,2015,2016,101000,Automático,86990.0,103.0
2.0 XEI 16V FLEX 4P AUTOMÁTICO,2018,2019,79323,Automático,104890.0,102.0
2.0 XEI 16V FLEX 4P AUTOMÁTICO,2016,2017,89553,Automático,89890.0,102.0
1.8 VVT-I HYBRID FLEX ALTIS PREMIUM CVT,2022,2023,37716,Automático,149900.0,104.0
2.0 VVT-IE FLEX XEI DIRECT SHIFT,2025,2026,21870,Automático,165900.0,101.0
2.0 VVT-IE FLEX GLI DIRECT SHIFT,2022,2023,59900,Automático,125900.0,106.0
1.8 GLI UPPER 16V FLEX 4P AUTOMÁTICO,2019,2019,133000,Automático,87000.0,98.0
1.8 VVT-I HYBRID FLEX ALTIS PREMIUM CVT,2022,2023,57617,Automático,138990.0,96.0
2.0 VVT-IE FLEX XEI DIRECT SHIFT,2023,2024,49517,Automático,147900.0,104.0
2.0 VVT-IE FLEX XEI DIRECT SHIFT,2022,2023,86344,Automático,128000.0,100.0
2.0 VVT-IE FLEX XEI DIRECT SHIFT,2022,2023,123671,Automático,129900.0,102.0
2.0 VVT-IE FLEX XEI DIRECT SHIFT,2021,2022,112196,Automático,115900.0,94.0
2.0 VVT-IE FLEX XEI DIRECT SHIFT,2024,2024,83885,Automático,133390.0,94.0
2.0 VVT-IE FLEX XEI DIRECT SHIFT,2020,2020,88367,Automático,127900.0,110.0
1.8 VVT-I HYBRID FLEX ALTIS PREMIUM CVT,2022,2023,55643,Automático,149900.0,104.0
2.0 VVT-IE FLEX GLI DIRECT SHIFT,2020,2020,115000,Automático,109900.0,102.0
2.0 VVT-IE FLEX XEI DIRECT SHIFT,2023,2023,52900,Automático,128990.0,101.0
2.0 VVT-IE FLEX XEI DIRECT SHIFT,2022,2023,60000,Automático,129800.0,102.0
1.8 VVT-I HYBRID FLEX ALTIS PREMIUM CVT,2025,2026,0,Automático,208990.0,111.0
2.0 VVT-IE FLEX XEI DIRECT SHIFT,2020,2021,87000,Automático,126900.0,106.0
2.0 VVT-IE FLEX XEI DIRECT SHIFT,2021,2022,25288,Automático,173900.0,142.0
2.0 VVT-IE FLEX XEI DIRECT SHIFT,2024,2024,39101,Automático,143900.0,101.0
2.0 XEI 16V FLEX 4P AUTOMÁTICO,2013,2014,160000,Automático,78900.0,113.0
2.0 XRS 16V FLEX 4P AUTOMÁTICO,2018,2019,139087,Automático,103900.0,102.0
2.0 VVT-IE FLEX GLI DIRECT SHIFT,2024,2024,49730,Automático,126900.0,101.0
1.8 VVT-I HYBRID FLEX ALTIS PREMIUM CVT,2022,2023,85000,Automático,164500.0,114.0
2.0 XEI 16V FLEX 4P AUTOMÁTICO,2018,2019,64203,Automático,105900.0,103.0
2.0 VVT-IE FLEX XEI DIRECT SHIFT,2026,2026,0,Automático,172890.0,105.0
2.0 VVT-IE FLEX XEI DIRECT SHIFT,2023,2023,100738,Automático,123900.0,97.0
2.0 VVT-IE FLEX XEI DIRECT SHIFT,2024,2025,52000,Automático,154990.0,97.0
2.0 VVT-IE FLEX XEI DIRECT SHIFT,2025,2025,18000,Automático,169900.0,107.0
1.8 VVT-I HYBRID FLEX ALTIS CVT,2022,2023,80000,Automático,144900.0,102.0
2.0 VVT-IE FLEX XEI DIRECT SHIFT,2023,2023,68340,Automático,129900.0,102.0
2.0 VVT-IE FLEX GR-S DIRECT SHIFT,2024,2024,60000,Automático,164990.0,103.0
1.8 GLI 16V FLEX 4P AUTOMÁTICO,2019,2019,146384,Automático,91000.0,104.0
2.0 VVT-IE FLEX XEI DIRECT SHIFT,2023,2024,47403,Automático,142900.0,100.0
2.0 VVT-IE FLEX XEI DIRECT SHIFT,2021,2022,38485,Automático,132900.0,108.0
2.0 VVT-IE FLEX XEI DIRECT SHIFT,2020,2021,136713,Automático,109890.0,92.0
2.0 VVT-IE FLEX XEI DIRECT SHIFT,2020,2021,136713,Automático,109890.0,92.0
2.0 VVT-IE FLEX XEI DIRECT SHIFT,2021,2022,67823,Automático,123900.0,101.0
2.0 XEI 16V FLEX 4P AUTOMÁTICO,2018,2019,116671,Automático,106900.0,104.0
2.0 VVT-IE FLEX GR-S DIRECT SHIFT,2025,2025,25000,Automático,182201.0,104.0
2.0 VVT-IE FLEX XEI DIRECT SHIFT,2021,2022,78000,Automático,124990.0,102.0
2.0 VVT-IE FLEX XEI DIRECT SHIFT,2024,2024,32655,Automático,147000.0,103.0
2.0 VVT-IE FLEX XEI DIRECT SHIFT,2021,2022,96000,Automático,135900.0,111.0
2.0 VVT-IE FLEX XEI DIRECT SHIFT,2025,2025,51073,Automático,157890.0,99.0
2.0 VVT-IE FLEX XEI DIRECT SHIFT,2023,2023,62800,Automático,129900.0,102.0
2.0 VVT-IE FLEX GR-S DIRECT SHIFT,2024,2024,60000,Automático,164990.0,103.0
2.0 VVT-IE FLEX XEI DIRECT SHIFT,2022,2023,70000,Automático,129900.0,102.0
2.0 ALTIS 16V FLEX 4P AUTOMÁTICO,2017,2018,97417,Automático,111990.0,109.0
1.8 GLI 16V FLEX 4P AUTOMÁTICO,2018,2018,133050,Automático,89900.0,106.0
2.0 VVT-IE FLEX XEI DIRECT SHIFT,2021,2022,72000,Automático,121900.0,99.0
1.8 GLI 16V FLEX 4P AUTOMÁTICO,2017,2018,101139,Automático,84990.0,100.0
2.0 VVT-IE FLEX XEI DIRECT SHIFT,2019,2020,79409,Automático,112990.0,97.0
2.0 VVT-IE FLEX XEI DIRECT SHIFT,2021,2022,59950,Automático,128590.0,105.0
2.0 XEI 16V FLEX 4P AUTOMÁTICO,2018,2019,148906,Automático,104776.0,102.0
2.0 VVT-IE FLEX XEI DIRECT SHIFT,2023,2023,75139,Automático,129900.0,102.0
2.0 VVT-IE FLEX XEI DIRECT SHIFT,2022,2023,77540,Automático,125490.0,98.0
2.0 XEI 16V FLEX 4P AUTOMÁTICO,2016,2017,123000,Automático,99900.0,113.0
2.0 VVT-IE FLEX GR-S DIRECT SHIFT,2025,2025,25000,Automático,175990.0,100.0
2.0 VVT-IE FLEX XEI DIRECT SHIFT,2023,2024,41500,Automático,146990.0,103.0
2.0 XEI 16V FLEX 4P AUTOMÁTICO,2015,2015,132000,Automático,84990.0,104.0
2.0 VVT-IE FLEX GLI DIRECT SHIFT,2021,2022,80942,Automático,117900.0,103.0
2.0 VVT-IE FLEX GR-S DIRECT SHIFT,2024,2024,60000,Automático,164990.0,103.0
2.0 VVT-IE FLEX GR-S DIRECT SHIFT,2023,2023,37824,Automático,142900.0,103.0
2.0 XEI 16V FLEX 4P AUTOMÁTICO,2014,2015,123060,Automático,83890.0,102.0
2.0 VVT-IE FLEX GR-S DIRECT SHIFT,2023,2023,61000,Automático,136900.0,99.0
1.8 VVT-I HYBRID FLEX ALTIS PREMIUM CVT,2020,2021,83000,Automático,132990.0,103.0
2.0 VVT-IE FLEX XEI DIRECT SHIFT,2022,2023,60339,Automático,129990.0,102.0
2.0 VVT-IE FLEX XEI DIRECT SHIFT,2023,2023,52900,Automático,128990.0,101.0
2.0 VVT-IE FLEX GR-S DIRECT SHIFT,2021,2022,94791,Automático,126900.0,99.0
2.0 VVT-IE FLEX XEI DIRECT SHIFT,2024,2024,45390,Automático,141890.0,99.0
2.0 VVT-IE FLEX XEI DIRECT SHIFT,2022,2022,100,Automático,129900.0,106.0
2.0 VVT-IE FLEX XEI DIRECT SHIFT,2023,2023,50000,Automático,131900.0,103.0
2.0 VVT-IE FLEX GR-S DIRECT SHIFT,2023,2024,49500,Automático,163900.0,103.0
2.0 VVT-IE FLEX XEI DIRECT SHIFT,2019,2020,80000,Automático,125990.0,108.0
2.0 VVT-IE FLEX XEI DIRECT SHIFT,2023,2023,88400,Automático,130900.0,103.0
2.0 XEI 16V FLEX 4P AUTOMÁTICO,2013,2014,153000,Automático,73900.0,106.0
2.0 XEI 16V FLEX 4P AUTOMÁTICO,2017,2018,115000,Automático,99900.0,100.0
1.8 XEI 16V FLEX 4P AUTOMÁTICO,2009,2010,229700,Automático,57900.0,104.0
2.0 VVT-IE FLEX GLI DIRECT SHIFT,2023,2024,34534,Automático,128200.0,102.0
2.0 VVT-IE FLEX XEI DIRECT SHIFT,2021,2022,65290,Automático,125990.0,103.0
2.0 VVT-IE FLEX XEI DIRECT SHIFT,2020,2021,65504,Automático,125790.0,105.0
1.8 VVT-I HYBRID FLEX ALTIS PREMIUM CVT,2020,2021,64000,Automático,139870.0,108.0
2.0 VVT-IE FLEX XEI DIRECT SHIFT,2023,2023,37000,Automático,137900.0,108.0
2.0 VVT-IE FLEX XEI DIRECT SHIFT,2021,2022,64000,Automático,122900.0,100.0
2.0 VVT-IE FLEX XEI DIRECT SHIFT,2022,2023,23426,Automático,139990.0,110.0
1.8 VVT-I HYBRID FLEX ALTIS PREMIUM CVT,2020,2021,83000,Automático,131990.0,102.0
2.0 VVT-IE FLEX XEI DIRECT SHIFT,2022,2023,58703,Automático,131687.0,103.0
2.0 VVT-IE FLEX GR-S DIRECT SHIFT,2025,2025,25000,Automático,182201.0,104.0
2.0 VVT-IE FLEX GR-S DIRECT SHIFT,2025,2025,25000,Automático,182201.0,104.0
2.0 VVT-IE FLEX XEI DIRECT SHIFT,2021,2022,72500,Automático,127900.0,104.0
2.0 VVT-IE FLEX XEI DIRECT SHIFT,2023,2023,34170,Automático,136900.0,107.0
2.0 ALTIS 16V FLEX 4P AUTOMÁTICO,2017,2018,97417,Automático,111990.0,109.0
2.0 VVT-IE FLEX XEI DIRECT SHIFT,2022,2023,53723,Automático,138590.0,109.0
2.0 VVT-IE FLEX GR-S DIRECT SHIFT,2024,2024,60000,Automático,164990.0,103.0
2.0 VVT-IE FLEX GR-S DIRECT SHIFT,2024,2024,60000,Automático,164990.0,103.0
2.0 VVT-IE FLEX GR-S DIRECT SHIFT,2024,2024,60000,Automático,164990.0,103.0
2.0 VVT-IE FLEX XEI DIRECT SHIFT,2024,2024,54848,Automático,145100.0,102.0
2.0 VVT-IE FLEX GR-S DIRECT SHIFT,2023,2024,48686,Automático,161990.0,101.0
2.0 VVT-IE FLEX GR-S DIRECT SHIFT,2023,2024,48686,Automático,161990.0,101.0
2.0 VVT-IE FLEX XEI DIRECT SHIFT,2022,2023,101595,Automático,127890.0,100.0
2.0 XEI 16V FLEX 4P AUTOMÁTICO,2017,2018,137252,Automático,106900.0,107.0
2.0 VVT-IE FLEX XEI DIRECT SHIFT,2022,2023,121748,Automático,127990.0,100.0
2.0 VVT-IE FLEX XEI DIRECT SHIFT,2024,2024,18495,Automático,146900.0,103.0
2.0 XRS 16V FLEX 4P AUTOMÁTICO,2017,2018,80321,Automático,119890.0,121.0
2.0 XEI 16V FLEX 4P AUTOMÁTICO,2017,2018,160439,Automático,98000.0,98.0
2.0 VVT-IE FLEX XEI DIRECT SHIFT,2024,2024,45390,Automático,141890.0,99.0
2.0 VVT-IE FLEX XEI DIRECT SHIFT,2022,2023,84675,Automático,128800.0,101.0
2.0 VVT-IE FLEX XEI DIRECT SHIFT,2023,2024,45900,Automático,143900.0,101.0
2.0 VVT-IE FLEX XEI DIRECT SHIFT,2024,2025,30501,Automático,209900.0,132.0
2.0 VVT-IE FLEX XEI DIRECT SHIFT,2022,2023,83000,Automático,130000.0,102.0
2.0 XEI 16V FLEX 4P AUTOMÁTICO,2017,2018,153720,Automático,102900.0,103.0
2.0 VVT-IE FLEX XEI DIRECT SHIFT,2023,2023,68340,Automático,129900.0,102.0
2.0 VVT-IE FLEX XEI DIRECT SHIFT,2022,2023,85745,Automático,133770.0,105.0
2.0 VVT-IE FLEX GLI DIRECT SHIFT,2021,2022,84900,Automático,117900.0,103.0
2.0 VVT-IE FLEX XEI DIRECT SHIFT,2019,2020,62700,Automático,117900.0,101.0
1.8 GLI 16V FLEX 4P AUTOMÁTICO,2011,2012,221000,Automático,65000.0,109.0
2.0 VVT-IE FLEX GR-S DIRECT SHIFT,2025,2025,25000,Automático,182201.0,104.0
2.0 VVT-IE FLEX XEI DIRECT SHIFT,2021,2022,70763,Automático,126900.0,103.0
1.8 GLI UPPER 16V FLEX 4P AUTOMÁTICO,2017,2018,130000,Automático,89990.0,105.0
2.0 VVT-IE FLEX XEI DIRECT SHIFT,2021,2022,64719,Automático,127890.0,104.0
2.0 VVT-IE FLEX XEI DIRECT SHIFT,2022,2023,69513,Automático,129900.0,102.0
2.0 VVT-IE FLEX GR-S DIRECT SHIFT,2024,2024,60000,Automático,164990.0,103.0
2.0 VVT-IE FLEX GR-S DIRECT SHIFT,2024,2024,60000,Automático,164990.0,103.0
2.0 VVT-IE FLEX XEI DIRECT SHIFT,2022,2023,78000,Automático,127770.0,100.0
1.8 GLI 16V FLEX 4P AUTOMÁTICO,2017,2017,114975,Automático,81201.0,100.0
2.0 VVT-IE FLEX XEI DIRECT SHIFT,2022,2023,42000,Automático,133900.0,105.0
2.0 XEI 16V FLEX 4P AUTOMÁTICO,2018,2019,100617,Automático,109900.0,107.0
2.0 VVT-IE FLEX XEI DIRECT SHIFT,2022,2023,48353,Automático,135890.0,106.0
2.0 VVT-IE FLEX XEI DIRECT SHIFT,2022,2023,48353,Automático,135890.0,106.0
1.8 GLI 16V FLEX 4P AUTOMÁTICO,2016,2016,111711,Automático,79890.0,102.0
2.0 XEI 16V FLEX 4P AUTOMÁTICO,2016,2017,89553,Automático,89890.0,102.0
1.8 GLI 16V FLEX 4P AUTOMÁTICO,2016,2017,112000,Automático,81980.0,101.0
2.0 VVT-IE FLEX XEI DIRECT SHIFT,2022,2023,62965,Automático,149490.0,117.0
2.0 VVT-IE FLEX XEI DIRECT SHIFT,2021,2022,66285,Automático,124900.0,102.0
2.0 VVT-IE FLEX XEI DIRECT SHIFT,2025,2025,25398,Automático,161900.0,102.0
2.0 XEI 16V FLEX 4P AUTOMÁTICO,2014,2015,183000,Automático,83900.0,102.0
2.0 VVT-IE FLEX XEI DIRECT SHIFT,2020,2021,32000,Automático,124900.0,104.0
1.8 GLI 16V FLEX 4P AUTOMÁTICO,2017,2018,94600,Automático,91990.0,108.0
2.0 VVT-IE FLEX XEI DIRECT SHIFT,2023,2023,59135,Automático,134390.0,105.0
1.8 GLI 16V FLEX 4P AUTOMÁTICO,2013,2014,108631,Automático,71900.0,111.0
2.0 XEI 16V FLEX 4P AUTOMÁTICO,2015,2016,104005,Automático,93900.0,111.0
2.0 VVT-IE FLEX XEI DIRECT SHIFT,2023,2024,66600,Automático,142490.0,100.0
2.0 VVT-IE FLEX XEI DIRECT SHIFT,2023,2024,66600,Automático,142420.0,100.0
2.0 VVT-IE FLEX XEI DIRECT SHIFT,2019,2020,98000,Automático,119900.0,103.0
1.8 GLI 16V FLEX 4P AUTOMÁTICO,2017,2018,300,Automático,88900.0,104.0
2.0 VVT-IE FLEX XEI DIRECT SHIFT,2024,2024,57181,Automático,142890.0,100.0
2.0 VVT-IE FLEX XEI DIRECT SHIFT,2022,2023,62532,Automático,131990.0,103.0
2.0 VVT-IE FLEX XEI DIRECT SHIFT,2023,2023,35200,Automático,132500.0,104.0
2.0 VVT-IE FLEX XEI DIRECT SHIFT,2022,2023,88535,Automático,128890.0,101.0
2.0 VVT-IE FLEX XEI DIRECT SHIFT,2021,2022,89000,Automático,122900.0,100.0
2.0 VVT-IE FLEX ALTIS DIRECT SHIFT,2021,2022,92452,Automático,139900.0,103.0
2.0 VVT-IE FLEX XEI DIRECT SHIFT,2024,2024,70174,Automático,135890.0,95.0
1.8 GLI 16V FLEX 4P AUTOMÁTICO,2018,2018,156628,Automático,83890.0,98.0
2.0 VVT-IE FLEX XEI DIRECT SHIFT,2024,2025,51891,Automático,154990.0,97.0
2.0 VVT-IE FLEX XEI DIRECT SHIFT,2019,2020,139000,Automático,114989.0,99.0
2.0 VVT-IE FLEX XEI DIRECT SHIFT,2022,2023,15680,Automático,137790.0,108.0
2.0 VVT-IE FLEX XEI DIRECT SHIFT,2021,2022,84000,Automático,125900.0,102.0
2.0 VVT-IE FLEX XEI DIRECT SHIFT,2022,2023,48993,Automático,137300.0,108.0
2.0 VVT-IE FLEX GLI DIRECT SHIFT,2019,2020,92000,Automático,113990.0,106.0
2.0 VVT-IE FLEX XEI DIRECT SHIFT,2023,2023,30000,Automático,132990.0,104.0
2.0 VVT-IE FLEX XEI DIRECT SHIFT,2025,2025,12000,Automático,162000.0,102.0
1.8 VVT-I HYBRID FLEX ALTIS CVT,2019,2020,104748,Automático,126900.0,104.0
2.0 XEI 16V FLEX 4P AUTOMÁTICO,2019,2019,120000,Automático,105900.0,103.0
2.0 XEI 16V FLEX 4P AUTOMÁTICO,2011,2011,121200,Automático,69900.0,119.0
2.0 VVT-IE FLEX XEI DIRECT SHIFT,2022,2023,108697,Automático,119790.0,94.0
1.8 VVT-I HYBRID FLEX ALTIS PREMIUM CVT,2020,2021,94386,Automático,142900.0,110.0
1.8 GLI UPPER 16V FLEX 4P AUTOMÁTICO,2017,2018,135736,Automático,95000.0,110.0
1.8 GLI 16V FLEX 4P AUTOMÁTICO,2016,2017,136000,Automático,89900.0,111.0
2.0 VVT-IE FLEX XEI DIRECT SHIFT,2022,2023,78000,Automático,132990.0,104.0
1.8 VVT-I HYBRID FLEX ALTIS PREMIUM CVT,2024,2024,82900,Automático,165900.0,100.0
2.0 VVT-IE FLEX XEI DIRECT SHIFT,2021,2022,91500,Automático,125900.0,102.0
2.0 VVT-IE FLEX GR-S DIRECT SHIFT,2024,2024,60000,Automático,164990.0,103.0
2.0 VVT-IE FLEX GR-S DIRECT SHIFT,2024,2024,60000,Automático,164990.0,103.0
2.0 XEI 16V FLEX 4P AUTOMÁTICO,2014,2015,165000,Automático,81790.0,100.0
2.0 VVT-IE FLEX XEI DIRECT SHIFT,2020,2021,73258,Automático,124900.0,104.0
2.0 XEI 16V FLEX 4P AUTOMÁTICO,2015,2015,170000,Automático,83990.0,102.0
2.0 VVT-IE FLEX GR-S DIRECT SHIFT,2025,2026,14482,Automático,199200.0,109.0
1.8 VVT-I HYBRID FLEX ALTIS CVT,2024,2024,66591,Automático,199950.0,123.0
1.8 VVT-I HYBRID FLEX ALTIS PREMIUM CVT,2022,2023,67000,Automático,185000.0,128.0
2.0 VVT-IE FLEX GLI DIRECT SHIFT,2023,2023,37027,Automático,128790.0,109.0
1.8 GLI 16V FLEX 4P AUTOMÁTICO,2017,2017,111000,Automático,89990.0,111.0
2.0 VVT-IE FLEX XEI DIRECT SHIFT,2023,2023,59900,Automático,139900.0,110.0
2.0 VVT-IE FLEX XEI DIRECT SHIFT,2020,2021,83454,Automático,127900.0,107.0
1.8 XLI 16V FLEX 4P AUTOMÁTICO,2012,2013,168000,Automático,65990.0,104.0
2.0 XEI 16V FLEX 4P AUTOMÁTICO,2018,2019,100372,Automático,102900.0,100.0
2.0 VVT-IE FLEX GLI DIRECT SHIFT,2025,2025,19304,Automático,149990.0,104.0
2.0 VVT-IE FLEX GLI DIRECT SHIFT,2025,2025,19304,Automático,149990.0,104.0
2.0 VVT-IE FLEX GLI DIRECT SHIFT,2025,2025,19304,Automático,149990.0,104.0
2.0 VVT-IE FLEX GR-S DIRECT SHIFT,2023,2024,62000,Automático,168800.0,106.0
2.0 VVT-IE FLEX XEI DIRECT SHIFT,2023,2023,83000,Automático,134900.0,106.0
2.0 VVT-IE FLEX XEI DIRECT SHIFT,2021,2022,79990,Automático,119990.0,98.0
2.0 VVT-IE FLEX XEI DIRECT SHIFT,2024,2024,83885,Automático,139290.0,98.0
2.0 VVT-IE FLEX GR-S DIRECT SHIFT,2025,2025,25000,Automático,182201.0,104.0
2.0 VVT-IE FLEX GR-S DIRECT SHIFT,2025,2025,25000,Automático,182201.0,104.0
2.0 VVT-IE FLEX GR-S DIRECT SHIFT,2025,2025,25000,Automático,182201.0,104.0
2.0 VVT-IE FLEX GR-S DIRECT SHIFT,2025,2025,25000,Automático,182201.0,104.0
2.0 VVT-IE FLEX ALTIS DIRECT SHIFT,2022,2023,64961,Automático,144890.0,101.0
2.0 VVT-IE FLEX XEI DIRECT SHIFT,2022,2023,78800,Automático,130900.0,103.0
2.0 VVT-IE FLEX GR-S DIRECT SHIFT,2024,2024,60000,Automático,164990.0,103.0
2.0 VVT-IE FLEX GR-S DIRECT SHIFT,2024,2024,60000,Automático,164990.0,103.0
2.0 VVT-IE FLEX XEI DIRECT SHIFT,2019,2020,61829,Automático,123000.0,106.0
1.8 GLI 16V FLEX 4P AUTOMÁTICO,2017,2018,94600,Automático,91990.0,108.0
1.8 GLI 16V FLEX 4P AUTOMÁTICO,2016,2017,174950,Automático,80900.0,100.0
2.0 VVT-IE FLEX XEI DIRECT SHIFT,2022,2023,93971,Automático,126000.0,99.0
1.8 GLI UPPER 16V FLEX 4P AUTOMÁTICO,2016,2017,157000,Automático,86000.0,106.0
2.0 VVT-IE FLEX XEI DIRECT SHIFT,2021,2022,38250,Automático,133900.0,109.0
2.0 ALTIS 16V FLEX 4P AUTOMÁTICO,2016,2017,99763,Automático,107997.0,120.0
2.0 VVT-IE FLEX XEI DIRECT SHIFT,2024,2024,44784,Automático,144890.0,102.0
1.8 VVT-I HYBRID FLEX ALTIS CVT,2022,2023,62000,Automático,143790.0,101.0
2.0 XEI 16V FLEX 4P AUTOMÁTICO,2018,2019,144000,Automático,106900.0,104.0
2.0 VVT-IE FLEX XEI DIRECT SHIFT,2023,2024,82938,Automático,145990.0,102.0
2.0 VVT-IE FLEX XEI DIRECT SHIFT,2025,2025,45000,Automático,162900.0,102.0
2.0 VVT-IE FLEX GR-S DIRECT SHIFT,2024,2024,60000,Automático,164990.0,103.0
2.0 XEI 16V FLEX 4P AUTOMÁTICO,2015,2016,137070,Automático,89990.0,107.0
2.0 XEI 16V FLEX 4P AUTOMÁTICO,2017,2018,105252,Automático,105900.0,106.0
2.0 XEI 16V FLEX 4P AUTOMÁTICO,2017,2018,109000,Automático,105900.0,106.0
2.0 VVT-IE FLEX XEI DIRECT SHIFT,2022,2023,48631,Automático,139190.0,109.0
2.0 VVT-IE FLEX XEI DIRECT SHIFT,2022,2023,48631,Automático,139190.0,109.0
2.0 XEI 16V FLEX 4P AUTOMÁTICO,2014,2015,139616,Automático,88900.0,108.0
2.0 VVT-IE FLEX XEI DIRECT SHIFT,2024,2024,30930,Automático,149900.0,105.0
2.0 VVT-IE FLEX XEI DIRECT SHIFT,2023,2023,57000,Automático,133090.0,104.0
2.0 VVT-IE FLEX XEI DIRECT SHIFT,2023,2023,57000,Automático,133090.0,104.0
2.0 VVT-IE FLEX XEI DIRECT SHIFT,2023,2023,52900,Automático,128990.0,101.0
2.0 VVT-IE FLEX XEI DIRECT SHIFT,2023,2023,52900,Automático,128990.0,101.0
2.0 VVT-IE FLEX XEI DIRECT SHIFT,2023,2023,52900,Automático,128990.0,101.0
2.0 VVT-IE FLEX XEI DIRECT SHIFT,2023,2023,52900,Automático,128990.0,101.0
2.0 VVT-IE FLEX XEI DIRECT SHIFT,2023,2023,52900,Automático,128990.0,101.0
2.0 VVT-IE FLEX GR-S DIRECT SHIFT,2024,2025,14259,Automático,179990.0,102.0
2.0 XEI 16V FLEX 4P AUTOMÁTICO,2014,2015,123060,Automático,83890.0,102.0
2.0 VVT-IE FLEX XEI DIRECT SHIFT,2022,2023,37895,Automático,132000.0,103.0
2.0 XEI 16V FLEX 4P AUTOMÁTICO,2017,2018,87591,Automático,100900.0,101.0
2.0 VVT-IE FLEX XEI DIRECT SHIFT,2022,2023,54272,Automático,157779.0,124.0
2.0 VVT-IE FLEX GLI DIRECT SHIFT,2025,2025,100,Automático,148900.0,103.0
2.0 VVT-IE FLEX GLI DIRECT SHIFT,2025,2025,100,Automático,148900.0,103.0
2.0 VVT-IE FLEX XEI DIRECT SHIFT,2022,2023,48900,Automático,134900.0,106.0
2.0 XEI 16V FLEX 4P AUTOMÁTICO,2013,2014,157000,Automático,74890.0,107.0
2.0 XEI 16V FLEX 4P AUTOMÁTICO,2016,2017,140300,Automático,95900.0,109.0
1.8 VVT-I HYBRID FLEX ALTIS PREMIUM CVT,2020,2021,110000,Automático,144990.0,112.0
1.8 VVT-I HYBRID FLEX ALTIS PREMIUM CVT,2023,2024,37000,Automático,172900.0,104.0
2.0 VVT-IE FLEX GR-S DIRECT SHIFT,2025,2025,25000,Automático,182201.0,104.0
2.0 VVT-IE FLEX GR-S DIRECT SHIFT,2025,2025,25000,Automático,182201.0,104.0
2.0 VVT-IE FLEX XEI DIRECT SHIFT,2022,2023,60000,Automático,129900.0,102.0
1.8 GLI 16V FLEX 4P AUTOMÁTICO,2016,2017,180771,Automático,92900.0,114.0
1.8 VVT-I HYBRID FLEX ALTIS PREMIUM CVT,2024,2024,45114,Automático,165777.0,100.0
2.0 VVT-IE FLEX GLI DIRECT SHIFT,2025,2025,33800,Automático,140900.0,98.0
2.0 VVT-IE FLEX XEI DIRECT SHIFT,2023,2024,52000,Automático,139900.0,98.0
2.0 VVT-IE FLEX XEI DIRECT SHIFT,2022,2023,69513,Automático,129900.0,102.0
2.0 VVT-IE FLEX XEI DIRECT SHIFT,2021,2022,98322,Automático,124990.0,102.0
2.0 VVT-IE FLEX XEI DIRECT SHIFT,2023,2024,45048,Automático,148990.0,104.0
2.0 VVT-IE FLEX GR-S DIRECT SHIFT,2024,2024,60000,Automático,164990.0,103.0
1.8 GLI 16V FLEX 4P AUTOMÁTICO,2018,2018,129000,Automático,89900.0,106.0
2.0 VVT-IE FLEX XEI DIRECT SHIFT,2023,2024,48500,Automático,147500.0,103.0
1.8 GLI 16V FLEX 4P AUTOMÁTICO,2013,2013,171626,Automático,70900.0,114.0
2.0 XEI 16V FLEX 4P AUTOMÁTICO,2016,2016,126639,Automático,93900.0,111.0
2.0 XEI 16V FLEX 4P AUTOMÁTICO,2016,2017,121000,Automático,89000.0,101.0
2.0 VVT-IE FLEX XEI DIRECT SHIFT,2021,2021,79000,Automático,121900.0,102.0
2.0 VVT-IE FLEX XEI DIRECT SHIFT,2019,2020,92000,Automático,121900.0,105.0
2.0 XEI 16V FLEX 4P AUTOMÁTICO,2015,2016,130850,Automático,84900.0,101.0
2.0 VVT-IE FLEX GLI DIRECT SHIFT,2025,2025,19304,Automático,149990.0,104.0
2.0 VVT-IE FLEX GLI DIRECT SHIFT,2025,2025,19304,Automático,149990.0,104.0
2.0 VVT-IE FLEX GLI DIRECT SHIFT,2025,2025,19304,Automático,149990.0,104.0
2.0 VVT-IE FLEX GLI DIRECT SHIFT,2025,2025,19304,Automático,149990.0,104.0
2.0 VVT-IE FLEX GLI DIRECT SHIFT,2023,2023,54727,Automático,128790.0,109.0
2.0 VVT-IE FLEX XEI DIRECT SHIFT,2022,2023,53723,Automático,138590.0,109.0
2.0 VVT-IE FLEX XEI DIRECT SHIFT,2022,2023,53723,Automático,138590.0,109.0
2.0 VVT-IE FLEX XEI DIRECT SHIFT,2021,2022,74000,Automático,129900.0,106.0
2.0 XEI 16V FLEX 4P AUTOMÁTICO,2018,2019,119000,Automático,111790.0,109.0
2.0 XEI 16V FLEX 4P AUTOMÁTICO,2016,2017,97869,Automático,94900.0,108.0
2.0 XEI 16V FLEX 4P AUTOMÁTICO,2016,2017,97869,Automático,94900.0,108.0
2.0 XEI 16V FLEX 4P AUTOMÁTICO,2016,2017,87200,Automático,93900.0,106.0
2.0 XEI 16V FLEX 4P AUTOMÁTICO,2017,2018,82379,Automático,105900.0,106.0
2.0 VVT-IE FLEX XEI DIRECT SHIFT,2024,2024,23637,Automático,149990.0,105.0
2.0 XEI 16V FLEX 4P AUTOMÁTICO,2014,2015,100,Automático,89900.0,110.0
1.8 VVT-I HYBRID FLEX ALTIS PREMIUM CVT,2025,2025,39000,Automático,179999.0,100.0
2.0 VVT-IE FLEX XEI DIRECT SHIFT,2022,2023,74356,Automático,126900.0,99.0
2.0 VVT-IE FLEX XEI DIRECT SHIFT,2024,2024,46604,Automático,141000.0,99.0
2.0 VVT-IE FLEX XEI DIRECT SHIFT,2021,2022,79900,Automático,117890.0,96.0
1.8 GLI 16V FLEX 4P AUTOMÁTICO,2017,2018,201500,Automático,84900.0,100.0
2.0 VVT-IE FLEX XEI DIRECT SHIFT,2022,2023,79070,Automático,127661.0,100.0
2.0 VVT-IE FLEX XEI DIRECT SHIFT,2023,2023,97548,Automático,125900.0,99.0
2.0 VVT-IE FLEX XEI DIRECT SHIFT,2021,2022,90017,Automático,121890.0,99.0
2.0 VVT-IE FLEX GR-S DIRECT SHIFT,2022,2023,56000,Automático,146900.0,106.0
1.8 GLI 16V FLEX 4P AUTOMÁTICO,2016,2017,182767,Automático,85900.0,106.0
2.0 XEI 16V FLEX 4P AUTOMÁTICO,2018,2019,140000,Automático,102990.0,100.0
2.0 VVT-IE FLEX XEI DIRECT SHIFT,2026,2026,0,Automático,167980.0,102.0
2.0 VVT-IE FLEX ALTIS DIRECT SHIFT,2021,2022,85193,Automático,138990.0,102.0
2.0 VVT-IE FLEX XEI DIRECT SHIFT,2023,2024,50494,Automático,145900.0,102.0
2.0 VVT-IE FLEX XEI DIRECT SHIFT,2024,2024,46600,Automático,142990.0,100.0
2.0 VVT-IE FLEX GR-S DIRECT SHIFT,2024,2024,60000,Automático,164990.0,103.0
2.0 VVT-IE FLEX GR-S DIRECT SHIFT,2023,2024,62000,Automático,175000.0,110.0
1.8 XLI 16V FLEX 4P AUTOMÁTICO,2009,2010,166000,Automático,58890.0,110.0
2.0 VVT-IE FLEX XEI DIRECT SHIFT,2021,2022,53200,Automático,135900.0,111.0
2.0 VVT-IE FLEX XEI DIRECT SHIFT,2021,2022,54713,Automático,129900.0,106.0
1.8 GLI 16V FLEX 4P AUTOMÁTICO,2016,2017,127000,Automático,87900.0,108.0
2.0 XEI 16V FLEX 4P AUTOMÁTICO,2016,2017,117530,Automático,93000.0,105.0
2.0 VVT-IE FLEX ALTIS DIRECT SHIFT,2022,2023,51996,Automático,144990.0,101.0
2.0 VVT-IE FLEX XEI DIRECT SHIFT,2024,2024,37000,Automático,144999.0,102.0
2.0 VVT-IE FLEX GLI DIRECT SHIFT,2024,2024,36831,Automático,125890.0,100.0
2.0 VVT-IE FLEX XEI DIRECT SHIFT,2022,2023,53000,Automático,132000.0,103.0
2.0 VVT-IE FLEX XEI DIRECT SHIFT,2022,2023,53015,Automático,133890.0,105.0
2.0 XEI 16V FLEX 4P AUTOMÁTICO,2018,2019,118000,Automático,107900.0,105.0
2.0 VVT-IE FLEX GR-S DIRECT SHIFT,2025,2025,25000,Automático,182201.0,104.0
2.0 VVT-IE FLEX XEI DIRECT SHIFT,2023,2024,52000,Automático,149990.0,105.0
2.0 VVT-IE FLEX XEI DIRECT SHIFT,2022,2023,93358,Automático,134900.0,106.0
2.0 VVT-IE FLEX GLI DIRECT SHIFT,2023,2024,48000,Automático,144990.0,115.0
2.0 VVT-IE FLEX GR-S DIRECT SHIFT,2022,2023,63000,Automático,139900.0,101.0
1.8 VVT-I HYBRID FLEX ALTIS PREMIUM CVT,2022,2023,105000,Automático,144900.0,100.0
2.0 VVT-IE FLEX XEI DIRECT SHIFT,2020,2021,94617,Automático,129900.0,108.0
1.8 GLI 16V FLEX 4P AUTOMÁTICO,2019,2019,152330,Automático,87990.0,100.0
2.0 VVT-IE FLEX XEI DIRECT SHIFT,2022,2023,108000,Automático,127900.0,100.0
2.0 VVT-IE FLEX XEI DIRECT SHIFT,2023,2024,50705,Automático,147999.0,104.0
2.0 VVT-IE FLEX XEI DIRECT SHIFT,2022,2023,88996,Automático,129900.0,102.0
2.0 VVT-IE FLEX XEI DIRECT SHIFT,2023,2023,68340,Automático,129900.0,102.0
1.8 VVT-I HYBRID FLEX ALTIS CVT,2022,2023,62000,Automático,143790.0,101.0
2.0 VVT-IE FLEX XEI DIRECT SHIFT,2022,2023,88535,Automático,128890.0,101.0
2.0 VVT-IE FLEX ALTIS DIRECT SHIFT,2022,2023,64961,Automático,144890.0,101.0
2.0 VVT-IE FLEX XEI DIRECT SHIFT,2024,2024,46600,Automático,142990.0,100.0
2.0 VVT-IE FLEX GR-S DIRECT SHIFT,2023,2024,60157,Automático,159990.0,100.0
2.0 VVT-IE FLEX XEI DIRECT SHIFT,2022,2023,64000,Automático,129990.0,102.0
2.0 VVT-IE FLEX XEI DIRECT SHIFT,2023,2024,56910,Automático,147990.0,104.0
2.0 VVT-IE FLEX XEI DIRECT SHIFT,2024,2024,56862,Automático,143900.0,101.0
2.0 VVT-IE FLEX XEI DIRECT SHIFT,2021,2022,95000,Automático,123900.0,101.0
2.0 VVT-IE FLEX XEI DIRECT SHIFT,2021,2022,95000,Automático,123900.0,101.0
2.0 VVT-IE FLEX XEI DIRECT SHIFT,2021,2022,95000,Automático,123900.0,101.0
2.0 VVT-IE FLEX XEI DIRECT SHIFT,2022,2023,65118,Automático,130900.0,103.0
2.0 VVT-IE FLEX GLI DIRECT SHIFT,2022,2023,87300,Automático,123900.0,105.0
1.8 GLI 16V FLEX 4P AUTOMÁTICO,2019,2019,152330,Automático,87990.0,100.0
2.0 VVT-IE FLEX XEI DIRECT SHIFT,2024,2024,46800,Automático,143900.0,101.0
2.0 VVT-IE FLEX XEI DIRECT SHIFT,2022,2023,108000,Automático,129900.0,102.0
2.0 VVT-IE FLEX GR-S DIRECT SHIFT,2024,2024,60000,Automático,164990.0,103.0
2.0 VVT-IE FLEX XEI DIRECT SHIFT,2022,2023,94000,Automático,127900.0,100.0
2.0 VVT-IE FLEX XEI DIRECT SHIFT,2021,2022,53000,Automático,119900.0,98.0
1.8 GLI 16V FLEX 4P AUTOMÁTICO,2010,2011,150000,Automático,52900.0,95.0
2.0 VVT-IE FLEX XEI DIRECT SHIFT,2021,2022,18771,Automático,125900.0,102.0
1.8 GLI 16V FLEX 4P AUTOMÁTICO,2017,2017,92000,Automático,79900.0,98.0
2.0 VVT-IE FLEX XEI DIRECT SHIFT,2021,2021,60000,Automático,109900.0,92.0
2.0 VVT-IE FLEX XEI DIRECT SHIFT,2022,2023,24755,Automático,127900.0,100.0
2.0 VVT-IE FLEX ALTIS DIRECT SHIFT,2023,2024,7800,Automático,176900.0,108.0
2.0 VVT-IE FLEX XEI DIRECT SHIFT,2021,2022,40600,Automático,119990.0,98.0
2.0 VVT-IE FLEX GLI DIRECT SHIFT,2021,2022,79000,Automático,111900.0,98.0
1.8 GLI 16V FLEX 4P AUTOMÁTICO,2017,2018,75000,Automático,88500.0,104.0
2.0 XEI 16V FLEX 4P AUTOMÁTICO,2015,2016,86300,Automático,85990.0,102.0
1.8 GLI 16V FLEX 4P AUTOMÁTICO,2010,2011,132000,Automático,58990.0,106.0
2.0 VVT-IE FLEX ALTIS DIRECT SHIFT,2022,2023,23000,Automático,199800.0,139.0
2.0 XEI 16V FLEX 4P AUTOMÁTICO,2011,2012,169000,Automático,66900.0,105.0
2.0 XEI 16V FLEX 4P AUTOMÁTICO,2014,2015,129000,Automático,87900.0,107.0
1.8 GLI 16V FLEX 4P AUTOMÁTICO,2015,2016,169000,Automático,81900.0,104.0
2.0 XEI 16V FLEX 4P AUTOMÁTICO,2015,2016,90000,Automático,87890.0,104.0
2.0 XEI 16V FLEX 4P AUTOMÁTICO,2014,2015,129000,Automático,87900.0,107.0
1.8 GLI 16V FLEX 4P AUTOMÁTICO,2016,2017,140000,Automático,82900.0,102.0
2.0 XEI 16V FLEX 4P AUTOMÁTICO,2017,2018,99000,Automático,109900.0,110.0
1.8 GLI 16V FLEX 4P AUTOMÁTICO,2010,2010,169000,Automático,54900.0,103.0
1.8 GLI 16V FLEX 4P AUTOMÁTICO,2013,2014,174000,Manual,66990.0,103.0
1.8 GLI 16V FLEX 4P MANUAL,2013,2014,172400,Manual,67990.0,108.0
2.0 VVT-IE FLEX XEI DIRECT SHIFT,2021,2022,47107,Automático,119900.0,98.0
2.0 XEI 16V FLEX 4P AUTOMÁTICO,2014,2015,111000,Automático,91790.0,112.0
2.0 XEI 16V FLEX 4P AUTOMÁTICO,2017,2018,74000,Automático,95500.0,96.0
1.8 XEI 16V FLEX 4P AUTOMÁTICO,2007,2008,216999,Automático,47990.0,112.0
2.0 XEI 16V FLEX 4P AUTOMÁTICO,2018,2018,123238,Automático,93990.0,94.0
2.0 XEI 16V FLEX 4P AUTOMÁTICO,2015,2016,79550,Automático,97800.0,116.0
1.8 GLI 16V FLEX 4P AUTOMÁTICO,2017,2018,76000,Automático,93900.0,110.0
1.8 GLI 16V FLEX 4P AUTOMÁTICO,2014,2015,110000,Automático,75700.0,100.0
2.0 XEI 16V FLEX 4P AUTOMÁTICO,2012,2013,199000,Automático,67000.0,101.0
2.0 VVT-IE FLEX XEI DIRECT SHIFT,2020,2021,59800,Automático,119900.0,100.0
1.8 XEI 16V FLEX 4P AUTOMÁTICO,2008,2009,115000,Automático,54900.0,102.0
2.0 VVT-IE FLEX XEI DIRECT SHIFT,2023,2023,28905,Automático,129800.0,102.0
1.8 GLI 16V FLEX 4P AUTOMÁTICO,2015,2016,40000,Automático,91399.0,117.0
2.0 XEI 16V FLEX 4P AUTOMÁTICO,2011,2012,78000,Automático,74990.0,118.0
2.0 VVT-IE FLEX XEI DIRECT SHIFT,2021,2022,43000,Automático,122900.0,100.0
1.8 GLI 16V FLEX 4P AUTOMÁTICO,2011,2011,189688,Automático,49900.0,90.0
1.8 XEI 16V FLEX 4P MANUAL,2008,2009,145000,Automático,52900.0,102.0
2.0 VVT-IE FLEX GLI DIRECT SHIFT,2021,2021,93050,Automático,104990.0,95.0
2.0 XEI 16V FLEX 4P AUTOMÁTICO,2012,2013,159000,Automático,71890.0,108.0
1.8 VVT-I HYBRID FLEX ALTIS CVT,2020,2020,51752,Automático,129490.0,106.0
2.0 VVT-IE FLEX XEI DIRECT SHIFT,2020,2021,69000,Automático,116900.0,98.0
2.0 XEI 16V FLEX 4P AUTOMÁTICO,2013,2014,189972,Automático,68800.0,98.0
2.0 VVT-IE FLEX XEI DIRECT SHIFT,2020,2021,109149,Automático,113900.0,95.0
1.8 GLI 16V FLEX 4P AUTOMÁTICO,2017,2017,106000,Automático,83100.0,102.0
1.8 VVT-I HYBRID FLEX ALTIS CVT,2022,2022,76876,Automático,137900.0,103.0
2.0 VVT-IE FLEX XEI DIRECT SHIFT,2023,2023,34000,Automático,179900.0,141.0
2.0 XEI 16V FLEX 4P AUTOMÁTICO,2018,2019,79965,Automático,105990.0,103.0
1.8 GLI UPPER 16V FLEX 4P AUTOMÁTICO,2017,2018,82000,Automático,94900.0,110.0
1.8 GLI 16V FLEX 4P AUTOMÁTICO,2017,2018,104313,Automático,87990.0,103.0
2.0 XEI 16V FLEX 4P AUTOMÁTICO,2011,2012,96000,Automático,69990.0,110.0
2.0 XEI 16V FLEX 4P AUTOMÁTICO,2011,2012,183593,Automático,69900.0,110.0
2.0 XEI 16V FLEX 4P AUTOMÁTICO,2013,2014,129000,Automático,64900.0,93.0
2.0 XEI 16V FLEX 4P AUTOMÁTICO,2015,2016,91000,Automático,78900.0,93.0
2.0 XEI 16V FLEX 4P AUTOMÁTICO,2011,2012,93333,Automático,61900.0,97.0
1.8 GLI 16V FLEX 4P AUTOMÁTICO,2017,2018,74000,Automático,85000.0,100.0
2.0 XEI 16V FLEX 4P AUTOMÁTICO,2013,2014,99000,Automático,69900.0,100.0
1.8 VVT-I HYBRID FLEX ALTIS CVT,2023,2024,14396,Automático,164900.0,102.0
1.8 GLI 16V FLEX 4P AUTOMÁTICO,2016,2017,134000,Automático,78900.0,97.0
2.0 VVT-IE FLEX ALTIS DIRECT SHIFT,2019,2020,55000,Automático,124890.0,100.0
2.0 VVT-IE FLEX ALTIS DIRECT SHIFT,2021,2022,11000,Automático,119900.0,88.0
2.0 XEI 16V FLEX 4P AUTOMÁTICO,2018,2019,180000,Automático,85900.0,84.0
1.8 SE-G 16V FLEX 4P AUTOMÁTICO,2008,2009,156000,Automático,54900.0,98.0
2.0 VVT-IE FLEX XEI DIRECT SHIFT,2020,2020,96000,Automático,109900.0,94.0
1.8 GLI UPPER 16V FLEX 4P AUTOMÁTICO,2017,2018,95263,Automático,84990.0,99.0
2.0 XEI 16V FLEX 4P AUTOMÁTICO,2014,2015,143000,Automático,73665.0,90.0
2.0 XEI 16V FLEX 4P AUTOMÁTICO,2015,2016,109330,Automático,89990.0,107.0
2.0 XEI 16V FLEX 4P AUTOMÁTICO,2014,2015,82000,Automático,85900.0,105.0
2.0 XEI 16V FLEX 4P AUTOMÁTICO,2012,2013,197000,Automático,59900.0,90.0
1.8 VVT-I HYBRID FLEX ALTIS CVT,2021,2022,91081,Automático,118900.0,89.0
1.8 VVT-I HYBRID FLEX ALTIS CVT,2024,2024,27556,Automático,161490.0,100.0
1.8 VVT-I HYBRID FLEX ALTIS PREMIUM CVT,2023,2024,25000,Automático,170990.0,103.0
2.0 XEI 16V FLEX 4P AUTOMÁTICO,2013,2014,139000,Automático,65900.0,94.0
2.0 XEI 16V FLEX 4P AUTOMÁTICO,2013,2013,139300,Automático,65800.0,99.0
1.8 GLI 16V FLEX 4P AUTOMÁTICO,2011,2012,153914,Automático,57990.0,97.0
2.0 XEI 16V FLEX 4P AUTOMÁTICO,2012,2013,101000,Automático,69900.0,105.0
2.0 VVT-IE FLEX ALTIS DIRECT SHIFT,2020,2021,30000,Automático,168500.0,129.0
1.6 XLI 16V GASOLINA 4P AUTOMÁTICO,2008,2008,190000,Automático,41990.0,103.0
2.0 VVT-IE FLEX GLI DIRECT SHIFT,2024,2024,13000,Automático,127890.0,102.0
2.0 VVT-IE FLEX GR-S DIRECT SHIFT,2021,2022,35608,Automático,129000.0,101.0
1.8 GLI UPPER 16V FLEX 4P AUTOMÁTICO,2017,2018,95265,Automático,84990.0,99.0
2.0 XEI 16V FLEX 4P AUTOMÁTICO,2013,2013,149000,Automático,66900.0,101.0
2.0 VVT-IE FLEX XEI DIRECT SHIFT,2022,2023,35560,Automático,116990.0,92.0
2.0 XEI 16V FLEX 4P AUTOMÁTICO,2017,2018,54500,Automático,109800.0,110.0
2.0 VVT-IE FLEX ALTIS DIRECT SHIFT,2021,2022,43000,Automático,139900.0,103.0
1.8 XEI 16V FLEX 4P AUTOMÁTICO,2008,2009,158000,Automático,53900.0,100.0
1.8 GLI 16V FLEX 4P MANUAL,2009,2010,142000,Manual,54900.0,104.0
2.0 VVT-IE FLEX XEI DIRECT SHIFT,2020,2021,57000,Automático,118390.0,99.0
2.0 VVT-IE FLEX XEI DIRECT SHIFT,2021,2022,65200,Automático,113890.0,93.0
2.0 XEI 16V FLEX 4P AUTOMÁTICO,2018,2019,109000,Automático,104800.0,102.0
2.0 VVT-IE FLEX XEI DIRECT SHIFT,2019,2020,32000,Automático,115890.0,99.0
2.0 XEI 16V FLEX 4P AUTOMÁTICO,2018,2019,89000,Automático,99790.0,97.0
1.8 GLI 16V FLEX 4P AUTOMÁTICO,2012,2013,121300,Automático,56900.0,91.0
1.8 GLI 16V FLEX 4P AUTOMÁTICO,2012,2013,127541,Automático,60750.0,97.0
2.0 ALTIS 16V FLEX 4P AUTOMÁTICO,2012,2013,120000,Automático,69999.0,104.0
1.8 VVT-I HYBRID FLEX ALTIS PREMIUM CVT,2023,2024,36000,Automático,168900.0,102.0
2.0 VVT-IE FLEX ALTIS DIRECT SHIFT,2023,2023,34780,Automático,143900.0,100.0
1.8 GLI UPPER 16V FLEX 4P AUTOMÁTICO,2016,2016,197000,Automático,74990.0,95.0
2.0 XEI 16V FLEX 4P AUTOMÁTICO,2016,2017,94000,Automático,87900.0,100.0
2.0 VVT-IE FLEX GLI DIRECT SHIFT,2021,2022,123000,Automático,102900.0,90.0
2.0 VVT-IE FLEX GLI DIRECT SHIFT,2020,2021,77104,Automático,105890.0,96.0
2.0 ALTIS 16V FLEX 4P AUTOMÁTICO,2013,2013,98000,Automático,73990.0,109.0
2.0 ALTIS 16V FLEX 4P AUTOMÁTICO,2017,2018,89000,Automático,102900.0,100.0
2.0 VVT-IE FLEX XEI DIRECT SHIFT,2023,2024,26950,Automático,139790.0,98.0
2.0 XEI 16V FLEX 4P AUTOMÁTICO,2014,2015,130000,Automático,79990.0,98.0
1.6 XLI 16V GASOLINA 4P AUTOMÁTICO,2006,2007,216000,Automático,40777.0,110.0
1.8 GLI 16V FLEX 4P AUTOMÁTICO,2017,2017,149697,Automático,74990.0,92.0
2.0 XEI 16V FLEX 4P AUTOMÁTICO,2019,2019,103245,Automático,107900.0,105.0
2.0 VVT-IE FLEX GLI DIRECT SHIFT,2024,2024,32138,Automático,124890.0,99.0
2.0 XEI 16V FLEX 4P AUTOMÁTICO,2016,2017,78400,Automático,95800.0,109.0
1.8 SE-G 16V FLEX 4P AUTOMÁTICO,2007,2008,153000,Automático,50900.0,111.0
2.0 VVT-IE FLEX GLI DIRECT SHIFT,2020,2021,94000,Automático,110000.0,100.0
2.0 VVT-IE FLEX ALTIS DIRECT SHIFT,2019,2020,59000,Automático,129890.0,104.0
1.8 XEI 16V FLEX 4P AUTOMÁTICO,2009,2010,230000,Automático,55200.0,99.0
1.8 VVT-I HYBRID FLEX ALTIS PREMIUM CVT,2020,2021,74000,Automático,127900.0,99.0
1.8 GLI UPPER 16V FLEX 4P AUTOMÁTICO,2016,2017,89592,Automático,83890.0,103.0
1.8 GLI 16V FLEX 4P AUTOMÁTICO,2016,2017,74000,Automático,86900.0,107.0
1.6 XLI 16V GASOLINA 4P AUTOMÁTICO,2008,2009,130000,Automático,58500.0,116.0
1.8 VVT-I HYBRID FLEX ALTIS PREMIUM CVT,2020,2020,41800,Automático,159900.0,127.0
2.0 VVT-IE FLEX ALTIS DIRECT SHIFT,2024,2024,15300,Automático,175900.0,108.0
1.8 XEI 16V FLEX 4P AUTOMÁTICO,2008,2009,167000,Automático,53900.0,100.0
2.0 VVT-IE FLEX XEI DIRECT SHIFT,2022,2023,29700,Automático,169900.0,133.0
2.0 XEI 16V FLEX 4P AUTOMÁTICO,2018,2019,63257,Automático,107900.0,105.0
2.0 VVT-IE FLEX XEI DIRECT SHIFT,2024,2024,55800,Automático,126890.0,89.0
2.0 XRS 16V FLEX 4P AUTOMÁTICO,2012,2013,120000,Automático,69900.0,104.0
1.8 XLI 16V FLEX 4P AUTOMÁTICO,2009,2010,118900,Automático,53900.0,101.0
2.0 XEI 16V FLEX 4P AUTOMÁTICO,2011,2012,130220,Automático,64990.0,102.0
1.8 GLI 16V FLEX 4P AUTOMÁTICO,2017,2018,69810,Automático,90999.0,107.0
1.8 GLI 16V FLEX 4P AUTOMÁTICO,2012,2013,163400,Automático,63900.0,102.0
2.0 XEI 16V FLEX 4P AUTOMÁTICO,2013,2013,140690,Automático,69900.0,105.0
1.8 GLI 16V FLEX 4P AUTOMÁTICO,2010,2011,160700,Automático,52900.0,95.0
2.0 VVT-IE FLEX XEI DIRECT SHIFT,2020,2021,44839,Automático,123900.0,103.0
1.8 XEI 16V GASOLINA 4P AUTOMÁTICO,2007,2007,144000,Automático,46900.0,115.0
1.8 GLI 16V FLEX 4P AUTOMÁTICO,2013,2014,153505,Automático,64800.0,100.0
2.0 XEI 16V FLEX 4P AUTOMÁTICO,2014,2015,124149,Automático,81000.0,99.0
1.8 VVT-I HYBRID FLEX ALTIS PREMIUM CVT,2024,2024,34000,Automático,169900.0,103.0
2.0 XEI 16V FLEX 4P AUTOMÁTICO,2019,2019,52780,Automático,105890.0,103.0
2.0 VVT-IE FLEX GR-S DIRECT SHIFT,2024,2024,35200,Automático,157890.0,99.0
2.0 ALTIS 16V FLEX 4P AUTOMÁTICO,2015,2016,104000,Automático,92900.0,108.0
2.0 XEI 16V FLEX 4P AUTOMÁTICO,2012,2013,184492,Automático,64900.0,98.0
1.8 GLI 16V FLEX 4P AUTOMÁTICO,2018,2018,71000,Automático,89999.0,106.0
1.8 GLI 16V FLEX 4P AUTOMÁTICO,2017,2018,87000,Automático,87990.0,103.0
1.8 VVT-I HYBRID FLEX ALTIS PREMIUM CVT,2021,2022,60000,Automático,134900.0,100.0
2.0 VVT-IE FLEX XEI DIRECT SHIFT,2020,2020,78000,Automático,112900.0,97.0
2.0 ALTIS 16V FLEX 4P AUTOMÁTICO,2014,2015,80000,Automático,99997.0,120.0
1.8 GLI 16V FLEX 4P AUTOMÁTICO,2013,2014,110000,Automático,66990.0,103.0
1.8 VVT-I HYBRID FLEX ALTIS PREMIUM CVT,2020,2021,47000,Automático,134990.0,104.0
1.8 VVT-I HYBRID FLEX ALTIS CVT,2019,2020,87000,Automático,124900.0,102.0
1.8 XEI 16V FLEX 4P AUTOMÁTICO,2009,2009,185470,Automático,57990.0,108.0
1.8 SE-G 16V GASOLINA 4P AUTOMÁTICO,2004,2004,150000,Automático,36900.0,102.0
2.0 VVT-IE FLEX XEI DIRECT SHIFT,2024,2024,68000,Automático,132990.0,93.0
2.0 VVT-IE FLEX XEI DIRECT SHIFT,2023,2024,38300,Automático,139900.0,98.0
2.0 XRS 16V FLEX 4P AUTOMÁTICO,2013,2014,189789,Automático,65700.0,96.0
1.8 GLI 16V FLEX 4P AUTOMÁTICO,2015,2016,115000,Automático,81900.0,104.0
2.0 VVT-IE FLEX XEI DIRECT SHIFT,2022,2023,48400,Automático,126800.0,99.0
1.8 VVT-I HYBRID FLEX ALTIS PREMIUM CVT,2019,2020,70768,Automático,122990.0,98.0
1.8 VVT-I HYBRID FLEX ALTIS PREMIUM CVT,2019,2020,150000,Automático,118990.0,95.0
1.8 GLI 16V FLEX 4P AUTOMÁTICO,2015,2016,99000,Automático,78990.0,101.0
2.0 XEI 16V FLEX 4P AUTOMÁTICO,2018,2019,91000,Automático,107900.0,105.0
1.8 XLI 16V FLEX 4P AUTOMÁTICO,2009,2010,115118,Automático,58700.0,110.0
2.0 VVT-IE FLEX GLI DIRECT SHIFT,2019,2020,79448,Automático,109490.0,102.0
1.8 GLI 16V FLEX 4P AUTOMÁTICO,2017,2018,95000,Automático,84990.0,100.0
2.0 VVT-IE FLEX XEI DIRECT SHIFT,2021,2022,39000,Automático,129990.0,106.0
2.0 XEI 16V FLEX 4P AUTOMÁTICO,2018,2019,116120,Automático,99900.0,97.0
2.0 VVT-IE FLEX XEI DIRECT SHIFT,2022,2023,25872,Automático,137900.0,108.0
1.6 XLI 16V GASOLINA 4P AUTOMÁTICO,2007,2007,178000,Automático,48800.0,132.0
2.0 VVT-IE FLEX GLI DIRECT SHIFT,2020,2021,99806,Automático,98900.0,90.0
2.0 VVT-IE FLEX GLI DIRECT SHIFT,2020,2021,99806,Automático,99900.0,91.0
2.0 ALTIS 16V FLEX 4P AUTOMÁTICO,2014,2015,109000,Automático,86997.0,105.0
1.8 VVT-I HYBRID FLEX ALTIS PREMIUM CVT,2021,2022,52000,Automático,149900.0,111.0
2.0 VVT-IE FLEX GLI DIRECT SHIFT,2024,2024,31118,Automático,129900.0,103.0
2.0 VVT-IE FLEX GR-S DIRECT SHIFT,2023,2023,47500,Automático,135900.0,98.0
2.0 VVT-IE FLEX ALTIS DIRECT SHIFT,2024,2024,39000,Automático,159890.0,98.0
1.8 XEI 16V FLEX 4P AUTOMÁTICO,2008,2009,92000,Automático,57900.0,108.0
2.0 VVT-IE FLEX XEI DIRECT SHIFT,2023,2023,26000,Automático,132990.0,104.0
1.8 GLI UPPER 16V FLEX 4P AUTOMÁTICO,2018,2019,110000,Automático,85000.0,96.0
2.0 XEI 16V FLEX 4P AUTOMÁTICO,2017,2018,47987,Automático,102990.0,103.0
2.0 VVT-IE FLEX XEI DIRECT SHIFT,2024,2024,14000,Automático,149990.0,105.0
2.0 VVT-IE FLEX GR-S DIRECT SHIFT,2022,2023,28600,Automático,143900.0,104.0
2.0 VVT-IE FLEX GLI DIRECT SHIFT,2021,2021,59000,Automático,112900.0,102.0
1.8 VVT-I HYBRID FLEX ALTIS PREMIUM CVT,2025,2025,21200,Automático,184900.0,103.0
1.8 VVT-I HYBRID FLEX ALTIS PREMIUM CVT,2025,2025,21000,Automático,182900.0,102.0
2.0 XRS 16V FLEX 4P AUTOMÁTICO,2017,2018,75000,Automático,102900.0,104.0
2.0 VVT-IE FLEX XEI DIRECT SHIFT,2020,2021,78000,Automático,134000.0,112.0
2.0 VVT-IE FLEX GLI DIRECT SHIFT,2021,2022,45000,Automático,113770.0,99.0
2.0 XEI 16V FLEX 4P AUTOMÁTICO,2018,2019,162700,Automático,96990.0,94.0
1.8 VVT-I HYBRID FLEX ALTIS CVT,2020,2021,79300,Automático,119990.0,95.0
2.0 VVT-IE FLEX ALTIS PREMIUM DIRECT SHIFT,2025,2025,13855,Automático,176900.0,100.0
2.0 XEI 16V FLEX 4P AUTOMÁTICO,2010,2011,79400,Automático,64900.0,111.0
1.8 XEI 16V FLEX 4P AUTOMÁTICO,2009,2010,210000,Automático,55900.0,101.0
1.8 VVT-I HYBRID FLEX ALTIS CVT,2023,2023,72376,Automático,136900.0,96.0
2.0 XEI 16V FLEX 4P AUTOMÁTICO,2015,2016,128800,Automático,86890.0,103.0
1.8 VVT-I HYBRID FLEX ALTIS PREMIUM CVT,2023,2023,72719,Automático,136990.0,95.0
2.0 VVT-IE FLEX XEI DIRECT SHIFT,2023,2024,24516,Automático,139890.0,98.0
2.0 VVT-IE FLEX ALTIS DIRECT SHIFT,2020,2021,71224,Automático,136900.0,105.0
2.0 XEI 16V FLEX 4P AUTOMÁTICO,2016,2017,98300,Automático,90990.0,103.0
2.0 XEI 16V FLEX 4P AUTOMÁTICO,2014,2015,115884,Automático,84890.0,104.0
1.8 GLI UPPER 16V FLEX 4P AUTOMÁTICO,2015,2016,147000,Automático,78890.0,100.0
1.8 VVT-I HYBRID FLEX ALTIS CVT,2019,2020,177745,Automático,111700.0,91.0
2.0 VVT-IE FLEX ALTIS DIRECT SHIFT,2020,2021,72037,Automático,134900.0,103.0
2.0 ALTIS 16V FLEX 4P AUTOMÁTICO,2018,2019,67423,Automático,107990.0,101.0
2.0 XRS 16V FLEX 4P AUTOMÁTICO,2017,2018,90700,Automático,99900.0,101.0
2.0 XEI 16V FLEX 4P AUTOMÁTICO,2014,2015,139000,Automático,85000.0,104.0
1.8 VVT-I HYBRID FLEX ALTIS PREMIUM CVT,2019,2020,107000,Automático,119990.0,96.0
2.0 ALTIS 16V FLEX 4P AUTOMÁTICO,2014,2015,94483,Automático,85000.0,102.0
1.8 VVT-I HYBRID FLEX ALTIS PREMIUM CVT,2020,2021,59000,Automático,169990.0,131.0
2.0 VVT-IE FLEX GLI DIRECT SHIFT,2020,2021,99806,Automático,98900.0,90.0
1.8 VVT-I HYBRID FLEX ALTIS PREMIUM CVT,2023,2023,48080,Automático,142990.0,99.0
2.0 XEI 16V FLEX 4P AUTOMÁTICO,2016,2017,78704,Automático,87900.0,100.0
1.8 VVT-I HYBRID FLEX ALTIS CVT,2020,2021,60081,Automático,125890.0,100.0
1.8 GLI 16V FLEX 4P AUTOMÁTICO,2014,2015,148000,Automático,79700.0,106.0
2.0 XEI 16V FLEX 4P AUTOMÁTICO,2015,2016,107000,Automático,86900.0,103.0
2.0 VVT-IE FLEX XEI DIRECT SHIFT,2021,2022,34000,Automático,145900.0,119.0
2.0 XEI 16V FLEX 4P AUTOMÁTICO,2013,2013,180800,Automático,66900.0,101.0
1.8 GLI 16V FLEX 4P AUTOMÁTICO,2016,2017,99001,Manual,84990.0,105.0
2.0 VVT-IE FLEX XEI DIRECT SHIFT,2023,2023,103886,Automático,115980.0,91.0
2.0 VVT-IE FLEX XEI DIRECT SHIFT,2023,2024,19000,Automático,149000.0,104.0
2.0 VVT-IE FLEX XEI DIRECT SHIFT,2023,2024,26950,Automático,139790.0,98.0
1.8 XEI 16V FLEX 4P AUTOMÁTICO,2004,2004,111111,Automático,39900.0,112.0
2.0 VVT-IE FLEX XEI DIRECT SHIFT,2020,2021,50000,Automático,122900.0,103.0
2.0 ALTIS 16V FLEX 4P AUTOMÁTICO,2014,2015,80000,Automático,99997.0,120.0
2.0 XEI 16V FLEX 4P AUTOMÁTICO,2013,2014,88579,Automático,73900.0,106.0
1.8 VVT-I HYBRID FLEX ALTIS CVT,2023,2023,140000,Automático,134990.0,95.0
2.0 VVT-IE FLEX GLI DIRECT SHIFT,2020,2021,99806,Automático,99900.0,91.0
1.8 GLI 16V FLEX 4P AUTOMÁTICO,2010,2010,155000,Automático,55900.0,105.0
2.0 XEI 16V FLEX 4P AUTOMÁTICO,2017,2018,37813,Automático,112887.0,113.0
2.0 XEI 16V FLEX 4P AUTOMÁTICO,2018,2019,120000,Automático,105900.0,103.0
2.0 XEI 16V FLEX 4P AUTOMÁTICO,2012,2012,164000,Automático,65890.0,104.0
2.0 XEI 16V FLEX 4P AUTOMÁTICO,2011,2012,75433,Automático,72900.0,115.0
2.0 VVT-IE FLEX GLI DIRECT SHIFT,2020,2020,34300,Automático,114900.0,107.0
2.0 VVT-IE FLEX GLI DIRECT SHIFT,2020,2020,119856,Automático,102900.0,96.0
1.8 XEI 16V GASOLINA 4P AUTOMÁTICO,2006,2007,169752,Automático,45900.0,112.0
2.0 XRS 16V FLEX 4P AUTOMÁTICO,2017,2018,111600,Automático,99900.0,101.0
2.0 VVT-IE FLEX XEI DIRECT SHIFT,2022,2023,50468,Automático,126900.0,99.0
2.0 VVT-IE FLEX GLI DIRECT SHIFT,2020,2021,99806,Automático,98900.0,90.0
2.0 VVT-IE FLEX XEI DIRECT SHIFT,2024,2024,19165,Automático,147900.0,104.0
2.0 VVT-IE FLEX GLI DIRECT SHIFT,2021,2022,61000,Manual,119990.0,105.0
1.8 GLI 16V FLEX 4P AUTOMÁTICO,2013,2014,169000,Automático,68990.0,106.0
1.8 GLI 16V FLEX 4P AUTOMÁTICO,2010,2011,142000,Automático,60000.0,108.0
2.0 XEI 16V FLEX 4P AUTOMÁTICO,2016,2017,100000,Automático,88890.0,101.0
1.8 VVT-I HYBRID FLEX ALTIS PREMIUM CVT,2025,2026,0,Automático,193890.0,103.0
1.8 GLI 16V FLEX 4P AUTOMÁTICO,2016,2016,97535,Automático,84900.0,108.0
2.0 ALTIS 16V FLEX 4P AUTOMÁTICO,2018,2019,67423,Automático,107990.0,101.0
2.0 VVT-IE FLEX XEI DIRECT SHIFT,2023,2024,34850,Automático,139900.0,98.0
1.8 GLI 16V FLEX 4P AUTOMÁTICO,2016,2017,135000,Automático,79990.0,99.0
2.0 VVT-IE FLEX XEI DIRECT SHIFT,2020,2020,62000,Automático,119990.0,103.0
2.0 VVT-IE FLEX XEI DIRECT SHIFT,2023,2023,29180,Automático,127870.0,100.0
2.0 ALTIS 16V FLEX 4P AUTOMÁTICO,2011,2012,193000,Automático,69900.0,107.0
1.8 GLI UPPER 16V FLEX 4P AUTOMÁTICO,2018,2019,63000,Automático,97900.0,111.0
2.0 VVT-IE FLEX XEI DIRECT SHIFT,2021,2022,80255,Automático,120900.0,98.0
2.0 VVT-IE FLEX GR-S DIRECT SHIFT,2023,2024,16000,Automático,168900.0,106.0
1.8 GLI 16V FLEX 4P AUTOMÁTICO,2017,2018,112000,Automático,86900.0,102.0
1.8 VVT-I HYBRID FLEX ALTIS CVT,2019,2020,100000,Automático,119900.0,98.0
1.8 GLI UPPER 16V FLEX 4P AUTOMÁTICO,2019,2019,110000,Automático,89900.0,102.0
2.0 XEI 16V FLEX 4P AUTOMÁTICO,2016,2017,72032,Automático,95990.0,109.0
1.8 GLI 16V FLEX 4P AUTOMÁTICO,2016,2017,148000,Automático,79900.0,98.0
1.8 XEI 16V FLEX 4P AUTOMÁTICO,2009,2009,100,Automático,59500.0,111.0
1.8 GLI 16V FLEX 4P AUTOMÁTICO,2017,2017,114000,Automático,89900.0,111.0
2.0 XEI 16V FLEX 4P AUTOMÁTICO,2010,2011,123833,Automático,66890.0,114.0
1.8 GLI 16V FLEX 4P AUTOMÁTICO,2014,2015,131000,Automático,84990.0,113.0
1.8 VVT-I HYBRID FLEX ALTIS PREMIUM CVT,2020,2021,66200,Automático,139900.0,108.0
2.0 VVT-IE FLEX GLI DIRECT SHIFT,2022,2022,52933,Automático,124790.0,109.0
2.0 VVT-IE FLEX GR-S DIRECT SHIFT,2025,2025,0,Automático,169900.0,97.0
1.8 VVT-I HYBRID FLEX ALTIS PREMIUM CVT,2023,2023,77000,Automático,146990.0,102.0
2.0 VVT-IE FLEX XEI DIRECT SHIFT,2024,2024,28898,Automático,145990.0,102.0
2.0 XEI 16V FLEX 4P AUTOMÁTICO,2019,2019,32816,Automático,115900.0,113.0
2.0 XEI 16V FLEX 4P AUTOMÁTICO,2013,2014,140500,Automático,71900.0,103.0
2.0 XEI 16V FLEX 4P AUTOMÁTICO,2019,2019,96000,Automático,109990.0,107.0
1.8 GLI 16V FLEX 4P AUTOMÁTICO,2014,2015,143000,Automático,75900.0,101.0
1.8 GLI UPPER 16V FLEX 4P AUTOMÁTICO,2017,2018,100972,Automático,89900.0,105.0
2.0 XRS 16V FLEX 4P AUTOMÁTICO,2017,2018,105000,Automático,103890.0,105.0
2.0 XEI 16V FLEX 4P AUTOMÁTICO,2017,2018,123994,Automático,97900.0,98.0
1.8 GLI 16V FLEX 4P AUTOMÁTICO,2017,2018,79615,Automático,84990.0,100.0
1.8 VVT-I HYBRID FLEX ALTIS CVT,2023,2023,49990,Automático,145900.0,103.0
1.8 VVT-I HYBRID FLEX ALTIS PREMIUM CVT,2019,2020,76000,Automático,154900.0,123.0
1.8 VVT-I HYBRID FLEX ALTIS CVT,2020,2021,78000,Automático,129900.0,103.0
1.8 GLI 16V FLEX 4P AUTOMÁTICO,2017,2018,110355,Automático,87900.0,103.0
2.0 XEI 16V FLEX 4P AUTOMÁTICO,2016,2017,85000,Automático,91890.0,104.0
1.8 GLI 16V FLEX 4P AUTOMÁTICO,2017,2018,91978,Manual,85990.0,101.0
1.8 VVT-I HYBRID FLEX ALTIS CVT,2022,2023,47000,Automático,169990.0,120.0
2.0 VVT-IE FLEX XEI DIRECT SHIFT,2021,2022,38700,Automático,153999.0,125.0
2.0 VVT-IE FLEX GR-S DIRECT SHIFT,2023,2024,20800,Automático,167900.0,105.0
1.8 VVT-I HYBRID FLEX ALTIS PREMIUM CVT,2025,2026,0,Automático,199990.0,106.0
1.8 GLI 16V FLEX 4P AUTOMÁTICO,2013,2014,117000,Automático,68500.0,106.0
1.8 VVT-I HYBRID FLEX ALTIS PREMIUM CVT,2020,2021,78236,Automático,126900.0,98.0
2.0 VVT-IE FLEX XEI DIRECT SHIFT,2021,2022,92000,Manual,124900.0,102.0
1.8 VVT-I HYBRID FLEX ALTIS PREMIUM CVT,2025,2026,0,Automático,199990.0,106.0
2.0 XEI 16V FLEX 4P AUTOMÁTICO,2011,2012,137000,Automático,66900.0,105.0
2.0 XEI 16V FLEX 4P AUTOMÁTICO,2012,2013,115000,Automático,69300.0,104.0
1.8 SE-G 16V GASOLINA 4P AUTOMÁTICO,2004,2004,199830,Automático,39900.0,110.0
2.0 VVT-IE FLEX XEI DIRECT SHIFT,2022,2023,80000,Automático,133990.0,105.0
1.8 GLI 16V FLEX 4P AUTOMÁTICO,2017,2018,97041,Automático,85900.0,101.0
2.0 VVT-IE FLEX GR-S DIRECT SHIFT,2025,2025,20000,Automático,183990.0,105.0
1.8 XEI 16V FLEX 4P AUTOMÁTICO,2009,2010,170644,Automático,58900.0,106.0
2.0 XEI 16V FLEX 4P AUTOMÁTICO,2014,2015,83405,Automático,86990.0,106.0
2.0 VVT-IE FLEX GR-S DIRECT SHIFT,2023,2024,64922,Automático,154990.0,97.0
2.0 XEI 16V FLEX 4P AUTOMÁTICO,2013,2014,162265,Automático,76900.0,110.0
2.0 VVT-IE FLEX XEI DIRECT SHIFT,2024,2024,41213,Automático,138990.0,97.0
1.8 GLI 16V FLEX 4P MANUAL,2010,2011,200000,Manual,57900.0,106.0
2.0 ALTIS 16V FLEX 4P AUTOMÁTICO,2017,2018,85000,Automático,104990.0,102.0
1.8 VVT-I HYBRID FLEX ALTIS CVT,2021,2022,109764,Automático,138000.0,104.0
2.0 VVT-IE FLEX XEI DIRECT SHIFT,2023,2023,63645,Automático,125900.0,99.0
2.0 ALTIS 16V FLEX 4P AUTOMÁTICO,2010,2011,214726,Automático,62900.0,105.0
1.8 VVT-I HYBRID FLEX ALTIS PREMIUM CVT,2024,2024,20000,Automático,179900.0,109.0
1.8 VVT-I HYBRID FLEX ALTIS PREMIUM CVT,2022,2023,69000,Automático,149900.0,104.0
2.0 XEI 16V FLEX 4P AUTOMÁTICO,2016,2017,158000,Automático,88490.0,100.0
1.8 GLI 16V FLEX 4P AUTOMÁTICO,2017,2018,97041,Automático,85900.0,101.0
2.0 XEI 16V FLEX 4P AUTOMÁTICO,2013,2014,86000,Automático,77900.0,111.0
2.0 VVT-IE FLEX GLI DIRECT SHIFT,2021,2022,83000,Automático,109900.0,96.0
2.0 VVT-IE FLEX GLI DIRECT SHIFT,2020,2021,99806,Automático,98900.0,90.0
2.0 XEI 16V FLEX 4P AUTOMÁTICO,2017,2018,137072,Automático,97500.0,98.0
2.0 VVT-IE FLEX XEI DIRECT SHIFT,2022,2023,60190,Automático,124990.0,98.0
2.0 VVT-IE FLEX XEI DIRECT SHIFT,2022,2023,37000,Automático,169990.0,133.0
2.0 VVT-IE FLEX XEI DIRECT SHIFT,2024,2024,15000,Automático,189900.0,133.0
1.8 VVT-I HYBRID FLEX ALTIS CVT,2020,2021,51225,Automático,133800.0,106.0
2.0 VVT-IE FLEX ALTIS PREMIUM DIRECT SHIFT,2026,2026,0,Automático,199980.0,106.0
2.0 VVT-IE FLEX ALTIS PREMIUM DIRECT SHIFT,2026,2026,0,Automático,205790.0,109.0
1.8 XEI 16V GASOLINA 4P AUTOMÁTICO,2005,2006,206000,Automático,44900.0,117.0
2.0 VVT-IE FLEX XEI DIRECT SHIFT,2024,2024,28899,Automático,145990.0,102.0
2.0 VVT-IE FLEX XEI DIRECT SHIFT,2023,2024,6000,Automático,153000.0,107.0
1.8 GLI 16V FLEX 4P AUTOMÁTICO,2010,2011,206440,Manual,56900.0,103.0
2.0 VVT-IE FLEX XEI DIRECT SHIFT,2019,2020,118564,Automático,112700.0,97.0
1.8 GLI UPPER 16V FLEX 4P AUTOMÁTICO,2019,2019,70000,Automático,99990.0,113.0
2.0 VVT-IE FLEX XEI DIRECT SHIFT,2022,2023,35000,Automático,137900.0,108.0
2.0 XEI 16V FLEX 4P AUTOMÁTICO,2016,2016,209164,Automático,86900.0,103.0
1.8 GLI 16V FLEX 4P AUTOMÁTICO,2016,2017,100083,Automático,83900.0,103.0
2.0 VVT-IE FLEX XEI DIRECT SHIFT,2022,2023,48200,Automático,127600.0,100.0
1.8 VVT-I HYBRID FLEX ALTIS PREMIUM CVT,2021,2022,66037,Automático,136887.0,101.0
1.8 GLI 16V FLEX 4P AUTOMÁTICO,2017,2018,95213,Automático,91990.0,108.0
2.0 ALTIS 16V FLEX 4P AUTOMÁTICO,2013,2014,187000,Automático,72900.0,101.0
2.0 XEI 16V FLEX 4P AUTOMÁTICO,2011,2012,187000,Automático,66900.0,105.0
1.8 VVT-I HYBRID FLEX ALTIS PREMIUM CVT,2025,2026,5798,Automático,198900.0,106.0
2.0 VVT-IE FLEX XEI DIRECT SHIFT,2023,2023,82000,Automático,130000.0,102.0
2.0 VVT-IE FLEX XEI DIRECT SHIFT,2022,2023,58000,Automático,129900.0,102.0
1.8 VVT-I HYBRID FLEX ALTIS CVT,2022,2023,60200,Automático,143900.0,101.0
2.0 XEI 16V FLEX 4P AUTOMÁTICO,2015,2016,148000,Automático,87990.0,104.0
2.0 XEI 16V FLEX 4P AUTOMÁTICO,2018,2019,85000,Automático,99900.0,97.0
2.0 VVT-IE FLEX XEI DIRECT SHIFT,2021,2022,28900,Automático,134900.0,110.0
1.8 GLI 16V FLEX 4P AUTOMÁTICO,2011,2012,217000,Automático,63900.0,107.0
2.0 XEI 16V FLEX 4P AUTOMÁTICO,2016,2017,88236,Manual,91990.0,104.0
1.8 GLI 16V FLEX 4P AUTOMÁTICO,2017,2018,97041,Automático,85900.0,101.0
2.0 XEI 16V FLEX 4P AUTOMÁTICO,2012,2013,148272,Automático,66899.0,101.0
2.0 VVT-IE FLEX XEI DIRECT SHIFT,2022,2022,41000,Automático,125800.0,102.0
2.0 VVT-IE FLEX XEI DIRECT SHIFT,2024,2024,23937,Automático,145990.0,102.0
1.8 GLI 16V FLEX 4P AUTOMÁTICO,2017,2018,97041,Automático,85900.0,101.0
2.0 VVT-IE FLEX GR-S DIRECT SHIFT,2025,2026,500,Automático,189900.0,104.0
2.0 VVT-IE FLEX ALTIS DIRECT SHIFT,2021,2022,62916,Automático,134990.0,99.0
1.8 GLI 16V FLEX 4P AUTOMÁTICO,2017,2018,97586,Automático,89000.0,104.0
2.0 VVT-IE FLEX GLI DIRECT SHIFT,2025,2025,100,Automático,147890.0,102.0
2.0 VVT-IE FLEX XEI DIRECT SHIFT,2024,2024,30480,Automático,145900.0,102.0
2.0 VVT-IE FLEX GR-S DIRECT SHIFT,2021,2022,65000,Automático,169900.0,133.0
1.8 GLI UPPER 16V FLEX 4P AUTOMÁTICO,2019,2019,120000,Automático,98900.0,112.0
2.0 XEI 16V FLEX 4P AUTOMÁTICO,2018,2019,132454,Automático,108000.0,105.0
2.0 VVT-IE FLEX XEI DIRECT SHIFT,2022,2023,33700,Automático,134980.0,106.0
1.8 GLI 16V FLEX 4P AUTOMÁTICO,2015,2016,180000,Automático,78500.0,100.0
1.8 VVT-I HYBRID FLEX ALTIS PREMIUM CVT,2022,2023,117900,Automático,138900.0,96.0
2.0 VVT-IE FLEX GR-S DIRECT SHIFT,2025,2026,500,Automático,189900.0,104.0
1.8 VVT-I HYBRID FLEX ALTIS PREMIUM CVT,2021,2022,79000,Automático,169990.0,126.0
2.0 VVT-IE FLEX XEI DIRECT SHIFT,2021,2022,70200,Automático,119980.0,98.0
1.8 GLI 16V FLEX 4P AUTOMÁTICO,2017,2018,116000,Automático,89900.0,106.0
1.8 VVT-I HYBRID FLEX ALTIS PREMIUM CVT,2022,2023,81000,Automático,147000.0,102.0
1.8 GLI 16V FLEX 4P AUTOMÁTICO,2016,2017,122000,Automático,84900.0,105.0
2.0 VVT-IE FLEX XEI DIRECT SHIFT,2023,2024,57300,Automático,139890.0,98.0
2.0 XEI 16V FLEX 4P AUTOMÁTICO,2016,2017,137993,Automático,88990.0,101.0
2.0 VVT-IE FLEX XEI DIRECT SHIFT,2026,2026,0,Automático,177010.0,108.0
1.8 VVT-I HYBRID FLEX ALTIS PREMIUM CVT,2023,2023,44181,Automático,179990.0,124.0
1.8 VVT-I HYBRID FLEX ALTIS PREMIUM CVT,2021,2022,82732,Automático,138999.0,103.0
2.0 VVT-IE FLEX ALTIS DIRECT SHIFT,2019,2020,54000,Automático,131900.0,106.0
2.0 XEI 16V FLEX 4P AUTOMÁTICO,2018,2019,75000,Automático,110900.0,108.0
2.0 VVT-IE FLEX ALTIS DIRECT SHIFT,2020,2021,56000,Automático,132900.0,102.0
1.8 GLI 16V FLEX 4P AUTOMÁTICO,2017,2018,97041,Automático,85900.0,101.0
2.0 VVT-IE FLEX XEI DIRECT SHIFT,2022,2023,47000,Automático,138900.0,109.0
2.0 XRS 16V FLEX 4P AUTOMÁTICO,2013,2014,167143,Automático,73900.0,108.0
1.8 GLI 16V FLEX 4P AUTOMÁTICO,2014,2014,126397,Automático,65890.0,102.0
2.0 VVT-IE FLEX GLI DIRECT SHIFT,2024,2024,33782,Automático,129100.0,103.0
1.8 GLI UPPER 16V FLEX 4P AUTOMÁTICO,2018,2019,138506,Automático,84980.0,96.0
1.8 VVT-I HYBRID FLEX ALTIS PREMIUM CVT,2020,2021,85000,Automático,161900.0,125.0
2.0 XEI 16V FLEX 4P AUTOMÁTICO,2014,2015,122000,Automático,82990.0,101.0
2.0 XEI 16V FLEX 4P AUTOMÁTICO,2011,2012,140000,Automático,64900.0,102.0
1.8 GLI 16V FLEX 4P AUTOMÁTICO,2016,2017,138000,Automático,84900.0,105.0
2.0 VVT-IE FLEX XEI DIRECT SHIFT,2023,2024,41300,Automático,137890.0,97.0
2.0 VVT-IE FLEX XEI DIRECT SHIFT,2026,2026,0,Automático,175620.0,107.0
2.0 VVT-IE FLEX XEI DIRECT SHIFT,2020,2021,80000,Automático,137990.0,115.0
1.8 GLI 16V FLEX 4P AUTOMÁTICO,2016,2017,176000,Automático,79900.0,98.0
1.8 GLI 16V FLEX 4P AUTOMÁTICO,2017,2018,184116,Automático,86900.0,102.0
1.8 GLI 16V FLEX 4P AUTOMÁTICO,2017,2018,97041,Automático,85900.0,101.0
2.0 XEI 16V FLEX 4P AUTOMÁTICO,2018,2018,103000,Automático,99900.0,100.0
2.0 VVT-IE FLEX XEI DIRECT SHIFT,2022,2023,44786,Automático,132900.0,104.0
2.0 VVT-IE FLEX ALTIS PREMIUM DIRECT SHIFT,2026,2026,0,Automático,205810.0,109.0
2.0 VVT-IE FLEX GR-S DIRECT SHIFT,2021,2022,86000,Automático,127900.0,100.0
2.0 VVT-IE FLEX GR-S DIRECT SHIFT,2026,2026,0,Automático,201990.0,111.0
2.0 VVT-IE FLEX XEI DIRECT SHIFT,2019,2020,80916,Automático,119900.0,103.0
2.0 VVT-IE FLEX GR-S DIRECT SHIFT,2021,2022,76500,Automático,130900.0,103.0
1.8 VVT-I HYBRID FLEX ALTIS PREMIUM CVT,2026,2026,0,Automático,196800.0,104.0
1.8 GLI 16V FLEX 4P AUTOMÁTICO,2017,2018,130000,Automático,85490.0,100.0
2.0 VVT-IE FLEX GR-S DIRECT SHIFT,2026,2026,0,Automático,203790.0,112.0
2.0 VVT-IE FLEX XEI DIRECT SHIFT,2023,2023,27000,Automático,134900.0,106.0
2.0 VVT-IE FLEX XEI DIRECT SHIFT,2022,2023,45900,Automático,148900.0,117.0
2.0 VVT-IE FLEX XEI DIRECT SHIFT,2022,2023,55357,Automático,164900.0,129.0
1.8 VVT-I HYBRID FLEX ALTIS CVT,2019,2020,101000,Automático,144888.0,118.0
2.0 VVT-IE FLEX XEI DIRECT SHIFT,2024,2024,34699,Automático,147900.0,104.0
2.0 VVT-IE FLEX XEI DIRECT SHIFT,2026,2026,0,Automático,169800.0,103.0
2.0 VVT-IE FLEX ALTIS PREMIUM DIRECT SHIFT,2025,2026,0,Automático,205790.0,109.0
2.0 VVT-IE FLEX ALTIS PREMIUM DIRECT SHIFT,2026,2026,0,Automático,201990.0,107.0
2.0 VVT-IE FLEX XEI DIRECT SHIFT,2026,2026,0,Automático,169990.0,103.0
2.0 VVT-IE FLEX ALTIS PREMIUM DIRECT SHIFT,2025,2026,0,Automático,205790.0,109.0
2.0 ALTIS 16V FLEX 4P AUTOMÁTICO,2015,2015,181000,Automático,87900.0,106.0
1.8 GLI 16V FLEX 4P AUTOMÁTICO,2013,2013,170000,Automático,67990.0,109.0
1.8 VVT-I HYBRID FLEX ALTIS PREMIUM CVT,2026,2026,0,Automático,209010.0,111.0
1.8 VVT-I HYBRID FLEX ALTIS PREMIUM CVT,2026,2026,0,Automático,196800.0,104.0
2.0 XEI 16V FLEX 4P AUTOMÁTICO,2014,2015,123000,Automático,86999.0,106.0
2.0 VVT-IE FLEX GR-S DIRECT SHIFT,2025,2026,0,Automático,200110.0,110.0
1.8 GLI UPPER 16V FLEX 4P AUTOMÁTICO,2018,2019,124000,Automático,90900.0,103.0
2.0 XEI 16V FLEX 4P AUTOMÁTICO,2017,2018,96000,Automático,104700.0,105.0
1.8 GLI 16V FLEX 4P AUTOMÁTICO,2017,2018,151700,Automático,86980.0,102.0
2.0 VVT-IE FLEX XEI DIRECT SHIFT,2025,2026,0,Automático,174990.0,106.0
2.0 VVT-IE FLEX GR-S DIRECT SHIFT,2026,2026,0,Automático,201990.0,111.0
1.8 VVT-I HYBRID FLEX ALTIS PREMIUM CVT,2026,2026,0,Automático,196800.0,104.0
1.8 VVT-I HYBRID FLEX ALTIS PREMIUM CVT,2026,2026,0,Automático,196800.0,104.0
2.0 VVT-IE FLEX XEI DIRECT SHIFT,2026,2026,0,Automático,169890.0,103.0
2.0 VVT-IE FLEX XEI DIRECT SHIFT,2024,2024,56542,Automático,143800.0,101.0
2.0 VVT-IE FLEX GR-S DIRECT SHIFT,2025,2026,0,Automático,199790.0,110.0
2.0 VVT-IE FLEX XEI DIRECT SHIFT,2020,2021,100,Automático,126990.0,106.0
1.8 VVT-I HYBRID FLEX ALTIS PREMIUM CVT,2026,2026,0,Automático,198890.0,106.0
2.0 VVT-IE FLEX GR-S DIRECT SHIFT,2023,2023,47500,Automático,135900.0,98.0
1.8 VVT-I HYBRID FLEX ALTIS PREMIUM CVT,2026,2026,0,Automático,196800.0,104.0
2.0 VVT-IE FLEX XEI DIRECT SHIFT,2025,2026,0,Automático,174990.0,106.0
2.0 VVT-IE FLEX ALTIS PREMIUM DIRECT SHIFT,2026,2026,0,Automático,201990.0,107.0
2.0 VVT-IE FLEX XEI DIRECT SHIFT,2025,2026,0,Automático,177010.0,108.0
2.0 VVT-IE FLEX ALTIS DIRECT SHIFT,2019,2020,61500,Automático,132900.0,106.0
1.8 VVT-I HYBRID FLEX ALTIS PREMIUM CVT,2026,2026,0,Automático,209010.0,111.0
2.0 VVT-IE FLEX GR-S DIRECT SHIFT,2026,2026,0,Automático,203790.0,112.0
2.0 VVT-IE FLEX GR-S DIRECT SHIFT,2025,2026,0,Automático,201990.0,111.0
1.8 GLI 16V FLEX 4P AUTOMÁTICO,2017,2018,107000,Automático,89900.0,106.0
2.0 VVT-IE FLEX XEI DIRECT SHIFT,2026,2026,0,Automático,175620.0,107.0
2.0 VVT-IE FLEX ALTIS PREMIUM DIRECT SHIFT,2025,2026,0,Automático,205790.0,109.0
2.0 VVT-IE FLEX ALTIS PREMIUM DIRECT SHIFT,2026,2026,0,Automático,201990.0,107.0
2.0 VVT-IE FLEX XEI DIRECT SHIFT,2025,2026,0,Automático,174990.0,106.0
2.0 VVT-IE FLEX XEI DIRECT SHIFT,2025,2026,0,Automático,177010.0,108.0
2.0 VVT-IE FLEX ALTIS PREMIUM DIRECT SHIFT,2025,2026,0,Automático,205790.0,109.0
1.8 VVT-I HYBRID FLEX ALTIS PREMIUM CVT,2026,2026,0,Automático,209010.0,111.0
1.8 VVT-I HYBRID FLEX ALTIS PREMIUM CVT,2026,2026,0,Automático,208990.0,111.0
2.0 VVT-IE FLEX XEI DIRECT SHIFT,2026,2026,0,Automático,175620.0,107.0
1.8 GLI UPPER 16V FLEX 4P AUTOMÁTICO,2019,2019,73000,Automático,94800.0,107.0
2.0 VVT-IE FLEX XEI DIRECT SHIFT,2025,2026,0,Automático,177010.0,108.0
2.0 VVT-IE FLEX XEI DIRECT SHIFT,2026,2026,0,Automático,177010.0,108.0
2.0 VVT-IE FLEX GR-S DIRECT SHIFT,2023,2023,47500,Automático,135900.0,98.0
2.0 XEI 16V FLEX 4P AUTOMÁTICO,2017,2018,99000,Automático,97900.0,98.0
2.0 VVT-IE FLEX GR-S DIRECT SHIFT,2021,2022,76208,Automático,134990.0,106.0
2.0 VVT-IE FLEX XEI DIRECT SHIFT,2023,2023,65806,Automático,135790.0,106.0
1.8 VVT-I HYBRID FLEX ALTIS PREMIUM CVT,2025,2026,0,Automático,199990.0,106.0
2.0 VVT-IE FLEX ALTIS PREMIUM DIRECT SHIFT,2025,2026,0,Automático,201990.0,107.0
2.0 XEI 16V FLEX 4P AUTOMÁTICO,2017,2018,111372,Automático,99990.0,100.0
1.8 VVT-I HYBRID FLEX ALTIS PREMIUM CVT,2024,2024,45000,Automático,163890.0,99.0
1.8 VVT-I HYBRID FLEX ALTIS PREMIUM CVT,2026,2026,0,Automático,208990.0,111.0
2.0 VVT-IE FLEX XEI DIRECT SHIFT,2026,2026,0,Automático,177010.0,108.0
1.8 VVT-I HYBRID FLEX ALTIS CVT,2024,2024,47685,Automático,170290.0,105.0
2.0 VVT-IE FLEX GLI DIRECT SHIFT,2023,2024,46000,Automático,133900.0,107.0
2.0 VVT-IE FLEX XEI DIRECT SHIFT,2026,2026,0,Automático,177010.0,108.0
2.0 VVT-IE FLEX XEI DIRECT SHIFT,2026,2026,0,Automático,175990.0,107.0
1.8 VVT-I HYBRID FLEX ALTIS PREMIUM CVT,2025,2026,0,Automático,208990.0,111.0
2.0 VVT-IE FLEX ALTIS DIRECT SHIFT,2022,2023,51000,Automático,179000.0,125.0
2.0 VVT-IE FLEX XEI DIRECT SHIFT,2025,2026,0,Automático,177320.0,108.0
2.0 VVT-IE FLEX XEI DIRECT SHIFT,2025,2026,0,Automático,175990.0,107.0
2.0 VVT-IE FLEX XEI DIRECT SHIFT,2023,2023,69800,Automático,129900.0,102.0
1.8 GLI UPPER 16V FLEX 4P AUTOMÁTICO,2019,2019,120000,Automático,98900.0,112.0
1.8 VVT-I HYBRID FLEX ALTIS PREMIUM CVT,2025,2026,0,Automático,208990.0,111.0
2.0 XEI 16V FLEX 4P AUTOMÁTICO,2018,2018,112490,Automático,104990.0,105.0
2.0 VVT-IE FLEX GR-S DIRECT SHIFT,2023,2023,47500,Automático,135900.0,98.0
2.0 VVT-IE FLEX XEI DIRECT SHIFT,2026,2026,0,Automático,177010.0,108.0
1.8 GLI 16V FLEX 4P AUTOMÁTICO,2019,2019,100000,Automático,120000.0,137.0
2.0 VVT-IE FLEX XEI DIRECT SHIFT,2023,2024,20090,Automático,150990.0,106.0
2.0 VVT-IE FLEX XEI DIRECT SHIFT,2026,2026,0,Automático,177010.0,108.0
2.0 VVT-IE FLEX GLI DIRECT SHIFT,2025,2025,0,Automático,210000.0,145.0
2.0 VVT-IE FLEX XEI DIRECT SHIFT,2026,2026,0,Automático,177010.0,108.0
2.0 VVT-IE FLEX XEI DIRECT SHIFT,2021,2022,63000,Automático,129990.0,106.0
2.0 VVT-IE FLEX XEI DIRECT SHIFT,2022,2023,94000,Automático,130000.0,102.0
2.0 VVT-IE FLEX XEI DIRECT SHIFT,2026,2026,0,Automático,177010.0,108.0
1.8 VVT-I HYBRID FLEX ALTIS PREMIUM CVT,2025,2026,0,Automático,208990.0,111.0
1.8 GLI 16V FLEX 4P AUTOMÁTICO,2010,2011,153210,Automático,59900.0,108.0
1.8 VVT-I HYBRID FLEX ALTIS PREMIUM CVT,2026,2026,0,Automático,198890.0,106.0
2.0 VVT-IE FLEX XEI DIRECT SHIFT,2020,2021,93000,Automático,120990.0,101.0
1.8 VVT-I HYBRID FLEX ALTIS PREMIUM CVT,2021,2022,47000,Automático,184990.0,137.0
2.0 XEI 16V FLEX 4P AUTOMÁTICO,2012,2013,151000,Automático,65000.0,98.0
2.0 XEI 16V FLEX 4P AUTOMÁTICO,2013,2013,187000,Automático,55900.0,84.0
1.8 XEI 16V GASOLINA 4P AUTOMÁTICO,2004,2004,168000,Automático,33900.0,95.0
1.8 XEI 16V FLEX 4P AUTOMÁTICO,2008,2009,115128,Automático,50000.0,93.0
2.0 ALTIS 16V FLEX 4P AUTOMÁTICO,2011,2012,171000,Automático,64500.0,99.0
1.8 XEI 16V FLEX 4P AUTOMÁTICO,2009,2010,88059,Automático,61500.0,111.0
2.0 XEI 16V FLEX 4P AUTOMÁTICO,2013,2014,58000,Automático,74000.0,106.0
1.8 GLI 16V FLEX 4P AUTOMÁTICO,2011,2012,154200,Automático,57500.0,96.0
1.8 XEI 16V FLEX 4P AUTOMÁTICO,2008,2008,132000,Automático,48900.0,114.0
2.0 XEI 16V FLEX 4P AUTOMÁTICO,2013,2014,131000,Automático,69900.0,100.0
1.6 XLI 16V GASOLINA 4P MANUAL,2007,2007,121000,Manual,41900.0,123.0
1.8 XEI 16V FLEX 4P AUTOMÁTICO,2008,2009,214000,Automático,52900.0,98.0
2.0 XEI 16V FLEX 4P AUTOMÁTICO,2011,2012,150000,Automático,63000.0,99.0
1.8 XEI 16V FLEX 4P AUTOMÁTICO,2008,2009,226120,Automático,53000.0,99.0
1.8 GLI 16V FLEX 4P AUTOMÁTICO,2012,2012,227000,Automático,54999.0,92.0
1.8 XEI 16V FLEX 4P AUTOMÁTICO,2009,2010,176800,Automático,54000.0,97.0
1.8 XEI 16V GASOLINA 4P AUTOMÁTICO,2001,2001,214000,Automático,32900.0,120.0
2.0 XEI 16V FLEX 4P AUTOMÁTICO,2013,2014,140000,Automático,69450.0,99.0
1.8 XLI 16V FLEX 4P AUTOMÁTICO,2009,2010,118000,Automático,54000.0,101.0
1.8 XLI 16V FLEX 4P AUTOMÁTICO,2009,2010,152404,Automático,55800.0,105.0
1.8 XEI 16V FLEX 4P MANUAL,2009,2010,122500,Manual,56500.0,103.0
2.0 XEI 16V FLEX 4P AUTOMÁTICO,2013,2014,208800,Automático,64990.0,93.0
2.0 XEI 16V FLEX 4P AUTOMÁTICO,2013,2014,158000,Automático,66000.0,94.0
2.0 XEI 16V FLEX 4P AUTOMÁTICO,2011,2012,104300,Automático,65989.0,104.0
1.8 SE-G 16V GASOLINA 4P AUTOMÁTICO,2004,2004,216530,Automático,39000.0,108.0
1.8 XLI 16V FLEX 4P AUTOMÁTICO,2007,2008,82210,Automático,49800.0,121.0
1.8 GLI 16V FLEX 4P AUTOMÁTICO,2017,2018,125000,Automático,78550.0,92.0
2.0 VVT-IE FLEX XEI DIRECT SHIFT,2022,2023,26000,Automático,129000.0,101.0
2.0 XEI 16V FLEX 4P AUTOMÁTICO,2010,2011,100000,Automático,65700.0,112.0
1.8 GLI 16V FLEX 4P AUTOMÁTICO,2011,2012,230000,Automático,59040.0,99.0
1.8 GLI 16V FLEX 4P AUTOMÁTICO,2012,2013,148000,Automático,62100.0,100.0
2.0 XEI 16V FLEX 4P AUTOMÁTICO,2013,2014,109600,Automático,74900.0,107.0
1.8 GLI 16V FLEX 4P AUTOMÁTICO,2009,2010,220000,Automático,52000.0,97.0
1.8 GLI 16V FLEX 4P AUTOMÁTICO,2010,2011,109000,Automático,57500.0,104.0
2.0 XEI 16V FLEX 4P AUTOMÁTICO,2010,2011,225000,Automático,58000.0,99.0
1.8 XEI 16V GASOLINA 4P AUTOMÁTICO,2005,2005,170000,Automático,42000.0,115.0
2.0 XEI 16V FLEX 4P AUTOMÁTICO,2012,2013,208000,Automático,65000.0,98.0
2.0 XEI 16V FLEX 4P AUTOMÁTICO,2010,2011,225000,Automático,58000.0,99.0
1.8 GLI 16V FLEX 4P AUTOMÁTICO,2012,2013,176000,Automático,62500.0,100.0
1.8 XLI 16V FLEX 4P AUTOMÁTICO,2010,2011,119000,Automático,61990.0,112.0
2.0 ALTIS 16V FLEX 4P AUTOMÁTICO,2013,2014,152000,Automático,72900.0,101.0
1.8 SE-G 16V GASOLINA 4P AUTOMÁTICO,2005,2005,164000,Automático,35000.0,91.0
2.0 XEI 16V FLEX 4P AUTOMÁTICO,2012,2013,117000,Automático,55000.0,83.0
1.8 GLI 16V FLEX 4P AUTOMÁTICO,2013,2014,210000,Automático,64000.0,99.0
2.0 XEI 16V FLEX 4P AUTOMÁTICO,2015,2016,190000,Automático,76000.0,90.0
1.8 XEI 16V GASOLINA 4P MANUAL,2005,2005,155000,Manual,44900.0,125.0
2.0 XRS 16V FLEX 4P AUTOMÁTICO,2018,2019,55000,Automático,108900.0,107.0
1.8 VVT-I HYBRID FLEX ALTIS PREMIUM CVT,2022,2023,143000,Automático,135000.0,93.0
2.0 VVT-IE FLEX ALTIS DIRECT SHIFT,2024,2024,29300,Automático,221607.0,136.0
2.0 VVT-IE FLEX XEI DIRECT SHIFT,2024,2024,26000,Automático,143000.0,100.0
2.0 ALTIS 16V FLEX 4P AUTOMÁTICO,2010,2011,125000,Automático,54900.0,91.0
2.0 VVT-IE FLEX XEI DIRECT SHIFT,2023,2023,23000,Automático,125000.0,98.0
2.0 VVT-IE FLEX GR-S DIRECT SHIFT,2025,2025,8900,Automático,175500.0,100.0
1.8 VVT-I HYBRID FLEX ALTIS CVT,2023,2023,140000,Automático,135000.0,95.0
2.0 XEI 16V FLEX 4P AUTOMÁTICO,2016,2016,120000,Automático,84000.0,99.0
1.8 GLI 16V FLEX 4P AUTOMÁTICO,2016,2017,58000,Automático,85000.0,105.0
2.0 XEI 16V FLEX 4P AUTOMÁTICO,2012,2013,151000,Automático,65000.0,98.0
2.0 XEI 16V FLEX 4P AUTOMÁTICO,2016,2016,77000,Automático,85000.0,101.0
1.8 GLI 16V FLEX 4P AUTOMÁTICO,2016,2016,91000,Automático,79900.0,102.0
2.0 VVT-IE FLEX XEI DIRECT SHIFT,2024,2024,30000,Automático,138977.0,97.0
2.0 VVT-IE FLEX GR-S DIRECT SHIFT,2023,2023,72900,Automático,138900.0,100.0
2.0 XEI 16V FLEX 4P AUTOMÁTICO,2018,2018,131641,Automático,99000.0,99.0
2.0 VVT-IE FLEX XEI DIRECT SHIFT,2019,2020,59000,Automático,92900.0,80.0
2.0 VVT-IE FLEX XEI DIRECT SHIFT,2021,2022,50000,Automático,102000.0,83.0
2.0 XEI 16V FLEX 4P AUTOMÁTICO,2014,2015,125500,Automático,69900.0,85.0
2.0 VVT-IE FLEX XEI DIRECT SHIFT,2020,2021,57000,Automático,100000.0,83.0
2.0 XEI 16V FLEX 4P AUTOMÁTICO,2015,2016,116000,Automático,75000.0,89.0
1.8 GLI 16V FLEX 4P AUTOMÁTICO,2013,2014,138000,Automático,56800.0,88.0
1.8 XEI 16V FLEX 4P AUTOMÁTICO,2009,2010,160000,Automático,50000.0,90.0
1.8 XLI 16V FLEX 4P AUTOMÁTICO,2010,2011,173000,Automático,50000.0,90.0
1.8 VVT-I HYBRID FLEX ALTIS CVT,2021,2022,39600,Automático,132500.0,99.0
2.0 VVT-IE FLEX GR-S DIRECT SHIFT,2024,2024,15000,Automático,148000.0,93.0
2.0 VVT-IE FLEX XEI DIRECT SHIFT,2020,2021,60300,Automático,110000.0,92.0
2.0 XEI 16V FLEX 4P AUTOMÁTICO,2011,2012,89000,Automático,58000.0,91.0
1.8 VVT-I HYBRID FLEX ALTIS CVT,2019,2020,70050,Automático,119990.0,98.0
2.0 ALTIS 16V FLEX 4P AUTOMÁTICO,2018,2019,56500,Automático,102000.0,96.0
1.8 GLI UPPER 16V FLEX 4P AUTOMÁTICO,2018,2018,78500,Automático,85000.0,99.0
1.8 SE-G 16V FLEX 4P AUTOMÁTICO,2009,2009,170000,Automático,52000.0,93.0
1.8 GLI 16V FLEX 4P AUTOMÁTICO,2016,2017,77000,Automático,79990.0,99.0
1.8 VVT-I HYBRID FLEX ALTIS CVT,2019,2020,180000,Automático,110000.0,90.0
2.0 XEI 16V FLEX 4P AUTOMÁTICO,2018,2019,101200,Automático,94000.0,91.0
2.0 XEI 16V FLEX 4P AUTOMÁTICO,2018,2019,66000,Automático,101900.0,99.0
2.0 XEI 16V FLEX 4P AUTOMÁTICO,2018,2019,74000,Automático,102000.0,99.0
1.8 GLI 16V FLEX 4P AUTOMÁTICO,2017,2018,41700,Automático,89300.0,105.0
2.0 XEI 16V FLEX 4P AUTOMÁTICO,2012,2013,180000,Automático,49990.0,75.0
2.0 XEI 16V FLEX 4P AUTOMÁTICO,2014,2015,117500,Automático,79990.0,98.0
1.8 GLI 16V FLEX 4P AUTOMÁTICO,2010,2010,110000,Automático,59000.0,110.0
1.8 GLI 16V FLEX 4P AUTOMÁTICO,2015,2016,138000,Automático,75228.0,96.0
1.8 XEI 16V FLEX 4P AUTOMÁTICO,2007,2008,100000,Automático,42990.0,100.0
1.8 GLI 16V FLEX 4P AUTOMÁTICO,2018,2019,107000,Automático,83000.0,94.0
1.8 VVT-I HYBRID FLEX ALTIS PREMIUM CVT,2024,2024,17000,Automático,172900.0,104.0
1.8 VVT-I HYBRID FLEX ALTIS PREMIUM CVT,2024,2024,10000,Automático,172900.0,104.0
1.8 GLI 16V FLEX 4P MANUAL,2013,2013,150000,Manual,57000.0,97.0
2.0 XEI 16V FLEX 4P AUTOMÁTICO,2017,2018,110700,Automático,89990.0,90.0
2.0 VVT-IE FLEX XEI DIRECT SHIFT,2024,2024,15500,Automático,145900.0,102.0
2.0 VVT-IE FLEX XEI DIRECT SHIFT,2025,2025,8900,Automático,162900.0,102.0
2.0 VVT-IE FLEX GLI DIRECT SHIFT,2019,2020,43000,Automático,108000.0,100.0
1.8 GLI 16V FLEX 4P AUTOMÁTICO,2010,2011,187000,Automático,52300.0,94.0
2.0 VVT-IE FLEX XEI DIRECT SHIFT,2024,2024,32800,Automático,142500.0,100.0
2.0 VVT-IE FLEX XEI DIRECT SHIFT,2023,2023,140000,Automático,110000.0,86.0
2.0 VVT-IE FLEX XEI DIRECT SHIFT,2023,2024,28500,Automático,137999.0,97.0
2.0 XEI 16V FLEX 4P AUTOMÁTICO,2015,2016,112000,Automático,81500.0,97.0
1.8 GLI 16V FLEX 4P AUTOMÁTICO,2015,2016,95000,Automático,78000.0,99.0
2.0 XEI 16V FLEX 4P AUTOMÁTICO,2014,2015,85000,Automático,85999.0,105.0
1.8 VVT-I HYBRID FLEX ALTIS PREMIUM CVT,2020,2021,121000,Automático,121900.0,94.0
2.0 XEI 16V FLEX 4P AUTOMÁTICO,2018,2019,76000,Automático,98990.0,96.0
2.0 XEI 16V FLEX 4P AUTOMÁTICO,2010,2011,177000,Automático,53000.0,91.0
1.8 VVT-I HYBRID FLEX ALTIS CVT,2024,2024,9040,Automático,220000.0,136.0
1.8 GLI 16V FLEX 4P AUTOMÁTICO,2015,2016,150000,Automático,75500.0,96.0
2.0 XEI 16V FLEX 4P AUTOMÁTICO,2010,2011,92000,Automático,58500.0,100.0
2.0 XEI 16V FLEX 4P AUTOMÁTICO,2019,2019,71000,Automático,102000.0,99.0
1.8 VVT-I HYBRID FLEX ALTIS CVT,2019,2020,86514,Automático,117999.0,96.0
1.8 GLI UPPER 16V FLEX 4P AUTOMÁTICO,2015,2016,100000,Automático,75000.0,95.0
1.8 GLI UPPER 16V FLEX 4P AUTOMÁTICO,2016,2017,110000,Automático,78000.0,96.0
1.8 XLI 16V FLEX 4P AUTOMÁTICO,2011,2012,155000,Automático,56299.0,98.0
1.8 GLI 16V FLEX 4P AUTOMÁTICO,2014,2015,98000,Automático,75500.0,100.0
1.8 VVT-I HYBRID FLEX ALTIS PREMIUM CVT,2022,2023,62000,Automático,140000.0,97.0
2.0 ALTIS 16V FLEX 4P AUTOMÁTICO,2018,2019,149000,Automático,100900.0,94.0
2.0 XRS 16V FLEX 4P AUTOMÁTICO,2017,2018,74000,Automático,103000.0,104.0
1.8 VVT-I HYBRID FLEX ALTIS CVT,2022,2023,38300,Automático,143000.0,101.0
2.0 VVT-IE FLEX XEI DIRECT SHIFT,2021,2022,36200,Automático,124800.0,102.0
2.0 XEI 16V FLEX 4P AUTOMÁTICO,2015,2016,159500,Automático,78990.0,94.0
2.0 VVT-IE FLEX ALTIS DIRECT SHIFT,2023,2024,15755,Automático,168000.0,103.0
2.0 VVT-IE FLEX XEI DIRECT SHIFT,2024,2024,11000,Automático,195200.0,137.0
2.0 VVT-IE FLEX ALTIS DIRECT SHIFT,2021,2022,23800,Automático,143000.0,105.0
2.0 XEI 16V FLEX 4P AUTOMÁTICO,2013,2014,128900,Automático,66900.0,96.0
2.0 XEI 16V FLEX 4P AUTOMÁTICO,2017,2018,109000,Automático,99514.0,100.0
2.0 DYNAMIC 16V FLEX 4P AUTOMÁTICO,2017,2017,200000,Automático,80000.0,90.0
2.0 VVT-IE FLEX XEI DIRECT SHIFT,2020,2021,80000,Automático,116000.0,97.0
1.8 XEI 16V GASOLINA 4P MANUAL,2007,2007,155229,Manual,42900.0,109.0
2.0 VVT-IE FLEX XEI DIRECT SHIFT,2024,2024,23200,Automático,143990.0,101.0
2.0 VVT-IE FLEX XEI DIRECT SHIFT,2025,2025,19500,Automático,159000.0,100.0
2.0 XRS 16V FLEX 4P AUTOMÁTICO,2018,2018,85900,Automático,101900.0,103.0
2.0 VVT-IE FLEX XEI DIRECT SHIFT,2023,2023,49900,Automático,121900.0,95.0
2.0 XEI 16V FLEX 4P AUTOMÁTICO,2017,2018,150000,Automático,88990.0,89.0
2.0 XEI 16V FLEX 4P AUTOMÁTICO,2014,2014,190243,Automático,64000.0,91.0
2.0 VVT-IE FLEX XEI DIRECT SHIFT,2021,2021,55000,Automático,118000.0,98.0
1.8 GLI 16V FLEX 4P AUTOMÁTICO,2017,2018,98000,Automático,85195.0,100.0
2.0 XEI 16V FLEX 4P AUTOMÁTICO,2014,2015,190000,Automático,74000.0,90.0
2.0 XEI 16V FLEX 4P AUTOMÁTICO,2013,2014,74000,Automático,75000.0,107.0
2.0 VVT-IE FLEX GLI DIRECT SHIFT,2020,2021,77800,Automático,107000.0,97.0
1.8 GLI 16V FLEX 4P AUTOMÁTICO,2017,2018,145000,Automático,78000.0,92.0
2.0 XEI 16V FLEX 4P AUTOMÁTICO,2016,2017,59400,Automático,100000.0,113.0
2.0 XEI 16V FLEX 4P AUTOMÁTICO,2019,2019,59400,Automático,105000.0,102.0
2.0 VVT-IE FLEX XEI DIRECT SHIFT,2023,2024,50000,Automático,135000.0,95.0
1.8 VVT-I HYBRID FLEX ALTIS PREMIUM CVT,2020,2021,44000,Automático,140900.0,109.0
1.8 GLI UPPER 16V FLEX 4P AUTOMÁTICO,2017,2018,104000,Automático,85490.0,99.0
2.0 VVT-IE FLEX XEI DIRECT SHIFT,2020,2021,26600,Automático,124999.0,104.0
2.0 XEI 16V FLEX 4P AUTOMÁTICO,2013,2014,134000,Automático,68000.0,97.0
2.0 VVT-IE FLEX GR-S DIRECT SHIFT,2024,2024,12993,Automático,168990.0,106.0
2.0 VVT-IE FLEX GR-S DIRECT SHIFT,2023,2024,28500,Automático,158890.0,100.0
1.8 VVT-I HYBRID FLEX ALTIS PREMIUM CVT,2021,2022,39700,Automático,143000.0,106.0
1.8 GLI 16V FLEX 4P AUTOMÁTICO,2012,2013,127890,Automático,64300.0,103.0
1.8 VVT-I HYBRID FLEX ALTIS PREMIUM CVT,2022,2023,38000,Automático,174000.0,120.0
2.0 ALTIS 16V FLEX 4P AUTOMÁTICO,2015,2016,94000,Automático,89000.0,104.0
1.8 VVT-I HYBRID FLEX ALTIS PREMIUM CVT,2020,2021,94850,Automático,126980.0,98.0
2.0 VVT-IE FLEX XEI DIRECT SHIFT,2019,2020,67000,Automático,114999.0,99.0
1.8 VVT-I HYBRID FLEX ALTIS PREMIUM CVT,2025,2025,18000,Automático,180000.0,100.0
2.0 VVT-IE FLEX GR-S DIRECT SHIFT,2023,2023,14000,Automático,165000.0,119.0
2.0 VVT-IE FLEX ALTIS DIRECT SHIFT,2024,2024,47000,Automático,156990.0,96.0
1.8 GLI 16V FLEX 4P AUTOMÁTICO,2016,2017,109000,Automático,80000.0,99.0
2.0 XEI 16V FLEX 4P AUTOMÁTICO,2018,2019,60000,Automático,113000.0,110.0
2.0 VVT-IE FLEX XEI DIRECT SHIFT,2021,2022,70000,Automático,122000.0,99.0
2.0 XEI 16V FLEX 4P AUTOMÁTICO,2012,2012,114300,Automático,68680.0,108.0
1.8 GLI UPPER 16V FLEX 4P AUTOMÁTICO,2017,2018,150000,Automático,83000.0,97.0
2.0 XEI 16V FLEX 4P AUTOMÁTICO,2017,2018,23719,Automático,109900.0,110.0
2.0 VVT-IE FLEX XEI DIRECT SHIFT,2021,2022,37000,Automático,124000.0,101.0
2.0 VVT-IE FLEX XEI DIRECT SHIFT,2022,2023,27000,Automático,135000.0,106.0
1.8 GLI UPPER 16V FLEX 4P AUTOMÁTICO,2018,2019,90040,Automático,88300.0,100.0
2.0 VVT-IE FLEX ALTIS DIRECT SHIFT,2024,2024,6800,Automático,166000.0,102.0
2.0 VVT-IE FLEX ALTIS DIRECT SHIFT,2021,2022,84000,Automático,127900.0,94.0
2.0 XEI 16V FLEX 4P AUTOMÁTICO,2018,2019,64000,Automático,106000.0,103.0
1.8 VVT-I HYBRID FLEX ALTIS CVT,2020,2020,47000,Automático,175000.0,143.0
1.8 VVT-I HYBRID FLEX ALTIS PREMIUM CVT,2024,2024,24500,Automático,170000.0,103.0
2.0 XEI 16V FLEX 4P AUTOMÁTICO,2019,2019,97000,Automático,99900.0,97.0
1.8 VVT-I HYBRID FLEX ALTIS PREMIUM CVT,2022,2023,63500,Automático,139800.0,97.0
1.8 GLI 16V FLEX 4P AUTOMÁTICO,2016,2017,149000,Automático,76500.0,94.0
2.0 VVT-IE FLEX XEI DIRECT SHIFT,2023,2023,45000,Automático,130000.0,102.0
2.0 VVT-IE FLEX ALTIS DIRECT SHIFT,2023,2024,5220,Automático,170000.0,104.0
2.0 XEI 16V FLEX 4P AUTOMÁTICO,2017,2017,81981,Automático,99990.0,113.0
2.0 VVT-IE FLEX XEI DIRECT SHIFT,2023,2023,38180,Automático,133000.0,104.0
2.0 VVT-IE FLEX XEI DIRECT SHIFT,2023,2023,60000,Automático,122500.0,96.0
2.0 ALTIS 16V FLEX 4P AUTOMÁTICO,2016,2017,100000,Automático,92000.0,102.0
2.0 VVT-IE FLEX XEI DIRECT SHIFT,2024,2024,23300,Automático,143000.0,100.0
2.0 VVT-IE FLEX XEI DIRECT SHIFT,2019,2020,42500,Automático,120500.0,103.0
1.8 VVT-I HYBRID FLEX ALTIS PREMIUM CVT,2025,2025,18000,Automático,185000.0,103.0
2.0 VVT-IE FLEX XEI DIRECT SHIFT,2021,2022,76800,Automático,120000.0,98.0
2.0 XEI 16V FLEX 4P AUTOMÁTICO,2015,2016,99152,Automático,87490.0,104.0
2.0 VVT-IE FLEX XEI DIRECT SHIFT,2022,2023,30000,Automático,129990.0,102.0
1.8 VVT-I HYBRID FLEX ALTIS CVT,2021,2022,60000,Automático,135999.0,102.0
2.0 XEI 16V FLEX 4P AUTOMÁTICO,2019,2019,97600,Automático,99900.0,97.0
1.8 VVT-I HYBRID FLEX ALTIS PREMIUM CVT,2019,2020,110000,Automático,127500.0,102.0
1.8 VVT-I HYBRID FLEX ALTIS CVT,2021,2021,65000,Automático,134800.0,107.0
2.0 VVT-IE FLEX XEI DIRECT SHIFT,2020,2021,41510,Automático,127900.0,107.0
1.8 VVT-I HYBRID FLEX ALTIS PREMIUM CVT,2020,2020,130000,Automático,123000.0,98.0
2.0 VVT-IE FLEX XEI DIRECT SHIFT,2023,2024,33000,Automático,140000.0,98.0
2.0 VVT-IE FLEX XEI DIRECT SHIFT,2019,2020,75000,Automático,118800.0,102.0
2.0 VVT-IE FLEX XEI DIRECT SHIFT,2023,2023,52300,Automático,128451.0,101.0
2.0 XEI 16V FLEX 4P AUTOMÁTICO,2019,2019,57900,Automático,105000.0,102.0
2.0 ALTIS 16V FLEX 4P AUTOMÁTICO,2015,2016,77000,Automático,95000.0,111.0
2.0 XEI 16V FLEX 4P AUTOMÁTICO,2014,2015,163000,Automático,79900.0,97.0
2.0 VVT-IE FLEX XEI DIRECT SHIFT,2024,2024,13000,Automático,198000.0,139.0
2.0 XEI 16V FLEX 4P AUTOMÁTICO,2016,2017,132000,Automático,86900.0,99.0
2.0 VVT-IE FLEX GLI DIRECT SHIFT,2020,2021,94500,Automático,108000.0,98.0
2.0 VVT-IE FLEX GLI DIRECT SHIFT,2022,2023,95000,Automático,114000.0,96.0
2.0 VVT-IE FLEX XEI DIRECT SHIFT,2024,2024,42000,Automático,142000.0,100.0
2.0 VVT-IE FLEX ALTIS DIRECT SHIFT,2020,2021,92000,Automático,130000.0,100.0
1.8 GLI 16V FLEX 4P AUTOMÁTICO,2017,2018,114000,Automático,85500.0,100.0
2.0 VVT-IE FLEX XEI DIRECT SHIFT,2023,2024,57900,Automático,136900.0,96.0
2.0 VVT-IE FLEX GR-S DIRECT SHIFT,2022,2022,57000,Automático,130000.0,102.0
2.0 VVT-IE FLEX XEI DIRECT SHIFT,2023,2023,68400,Automático,124980.0,98.0
2.0 XEI 16V FLEX 4P AUTOMÁTICO,2013,2014,128900,Automático,67900.0,97.0
2.0 VVT-IE FLEX GLI DIRECT SHIFT,2023,2024,37000,Automático,126900.0,101.0
2.0 XEI 16V FLEX 4P AUTOMÁTICO,2016,2017,111000,Automático,88000.0,100.0
2.0 VVT-IE FLEX XEI DIRECT SHIFT,2023,2023,7200,Automático,142000.0,111.0
2.0 VVT-IE FLEX XEI DIRECT SHIFT,2023,2024,38500,Automático,142999.0,100.0
1.8 VVT-I HYBRID FLEX ALTIS PREMIUM CVT,2019,2020,108000,Automático,129000.0,103.0
2.0 XEI 16V FLEX 4P AUTOMÁTICO,2015,2016,170000,Automático,82000.0,97.0
2.0 VVT-IE FLEX XEI DIRECT SHIFT,2022,2023,71000,Automático,121900.0,95.0
1.8 VVT-I HYBRID FLEX ALTIS PREMIUM CVT,2023,2023,128000,Automático,139900.0,97.0
2.0 VVT-IE FLEX XEI DIRECT SHIFT,2023,2023,1100,Automático,149500.0,117.0
2.0 VVT-IE FLEX XEI DIRECT SHIFT,2023,2023,47000,Automático,127990.0,100.0
2.0 XRS 16V FLEX 4P AUTOMÁTICO,2013,2014,170000,Automático,73000.0,106.0
1.8 VVT-I HYBRID FLEX ALTIS CVT,2019,2020,89120,Automático,149000.0,122.0
2.0 XEI 16V FLEX 4P AUTOMÁTICO,2017,2018,116,Automático,105850.0,106.0
2.0 VVT-IE FLEX XEI DIRECT SHIFT,2020,2021,55000,Automático,179000.0,149.0
2.0 VVT-IE FLEX XEI DIRECT SHIFT,2022,2023,56000,Automático,130900.0,103.0
1.8 VVT-I HYBRID FLEX ALTIS PREMIUM CVT,2023,2023,74500,Automático,144900.0,100.0
2.0 ALTIS 16V FLEX 4P AUTOMÁTICO,2012,2013,190000,Automático,74000.0,109.0
2.0 VVT-IE FLEX GR-S DIRECT SHIFT,2024,2024,7100,Automático,166000.0,104.0
2.0 VVT-IE FLEX XEI DIRECT SHIFT,2020,2021,59000,Automático,120490.0,101.0
2.0 XEI 16V FLEX 4P AUTOMÁTICO,2016,2017,109000,Automático,96000.0,109.0
1.8 VVT-I HYBRID FLEX ALTIS PREMIUM CVT,2019,2020,63000,Automático,180000.0,143.0
1.8 GLI 16V FLEX 4P AUTOMÁTICO,2017,2018,110000,Automático,87000.0,102.0
2.0 VVT-IE FLEX ALTIS DIRECT SHIFT,2021,2022,63000,Automático,137000.0,101.0
2.0 XEI 16V FLEX 4P AUTOMÁTICO,2015,2015,110000,Automático,82500.0,101.0
1.8 GLI 16V FLEX 4P AUTOMÁTICO,2017,2018,114000,Automático,86500.0,102.0
2.0 VVT-IE FLEX GR-S DIRECT SHIFT,2022,2023,62000,Automático,136000.0,98.0
2.0 VVT-IE FLEX XEI DIRECT SHIFT,2021,2022,55600,Automático,126000.0,103.0
1.8 VVT-I HYBRID FLEX ALTIS CVT,2021,2022,74000,Automático,140900.0,106.0
1.8 GLI UPPER 16V FLEX 4P AUTOMÁTICO,2015,2016,123000,Automático,83250.0,106.0
2.0 VVT-IE FLEX GLI DIRECT SHIFT,2021,2022,67914,Automático,116000.0,101.0
1.8 VVT-I HYBRID FLEX ALTIS PREMIUM CVT,2023,2024,48035,Automático,170000.0,103.0
2.0 VVT-IE FLEX XEI DIRECT SHIFT,2024,2024,28000,Automático,149900.0,105.0
1.8 VVT-I HYBRID FLEX ALTIS CVT,2020,2021,102000,Automático,126990.0,100.0
2.0 VVT-IE FLEX XEI DIRECT SHIFT,2022,2023,60000,Automático,128500.0,101.0
2.0 XEI 16V FLEX 4P AUTOMÁTICO,2010,2011,205000,Automático,61800.0,106.0
1.8 VVT-I HYBRID FLEX ALTIS CVT,2020,2021,117900,Automático,123900.0,98.0
1.8 VVT-I HYBRID FLEX ALTIS PREMIUM CVT,2021,2022,74000,Automático,189000.0,140.0
2.0 VVT-IE FLEX GR-S DIRECT SHIFT,2024,2024,58000,Automático,159900.0,100.0
1.8 VVT-I HYBRID FLEX ALTIS CVT,2020,2021,100000,Automático,129990.0,103.0
1.8 VVT-I HYBRID FLEX ALTIS PREMIUM CVT,2023,2023,72000,Automático,145800.0,101.0
1.8 VVT-I HYBRID FLEX ALTIS PREMIUM CVT,2021,2022,87065,Automático,175000.0,130.0
1.8 VVT-I HYBRID FLEX ALTIS PREMIUM CVT,2021,2022,129000,Automático,168000.0,125.0
2.0 VVT-IE FLEX XEI DIRECT SHIFT,2021,2022,95000,Automático,148900.0,121.0
2.0 VVT-IE FLEX XEI DIRECT SHIFT,2023,2023,57580,Automático,138000.0,108.0
2.0 XEI 16V FLEX 4P AUTOMÁTICO,2017,2018,110000,Automático,108000.0,108.0
2.0 XEI 16V FLEX 4P AUTOMÁTICO,2010,2011,193000,Automático,61000.0,104.0
1.8 XEI 16V GASOLINA 4P MANUAL,2001,2001,175190,Manual,24199.0,94.0
1.8 VVT-I HYBRID FLEX ALTIS PREMIUM CVT,2023,2024,35000,Automático,163800.0,99.0
2.0 VVT-IE FLEX XEI DIRECT SHIFT,2022,2023,19000,Automático,128000.0,100.0
1.8 XEI 16V GASOLINA 4P AUTOMÁTICO,2005,2006,188000,Automático,31900.0,83.0
1.8 GLI 16V FLEX 4P AUTOMÁTICO,2017,2018,69000,Automático,79000.0,93.0
2.0 VVT-IE FLEX ALTIS DIRECT SHIFT,2019,2020,75500,Automático,110000.0,88.0
2.0 XEI 16V FLEX 4P AUTOMÁTICO,2015,2016,105000,Automático,78000.0,92.0
2.0 XEI 16V FLEX 4P AUTOMÁTICO,2012,2013,116000,Automático,59990.0,90.0
1.8 GLI 16V FLEX 4P AUTOMÁTICO,2015,2016,125000,Automático,71500.0,91.0
1.8 GLI 16V FLEX 4P AUTOMÁTICO,2016,2017,93158,Automático,76000.0,94.0
2.0 XEI 16V FLEX 4P AUTOMÁTICO,2016,2017,106000,Automático,82000.0,93.0
1.8 XEI 16V FLEX 4P AUTOMÁTICO,2009,2010,125000,Automático,53000.0,95.0
1.8 VVT-I HYBRID FLEX ALTIS PREMIUM CVT,2020,2021,62900,Automático,126000.0,97.0
2.0 VVT-IE FLEX XEI DIRECT SHIFT,2019,2020,43000,Automático,115000.0,99.0
2.0 XEI 16V FLEX 4P AUTOMÁTICO,2016,2017,110100,Automático,87999.0,100.0
2.0 VVT-IE FLEX XEI DIRECT SHIFT,2021,2022,39000,Automático,120000.0,98.0
1.8 GLI 16V FLEX 4P AUTOMÁTICO,2009,2010,166000,Automático,50000.0,93.0
2.0 XEI 16V FLEX 4P AUTOMÁTICO,2017,2018,60000,Automático,99000.0,99.0
2.0 XEI 16V FLEX 4P AUTOMÁTICO,2015,2016,68000,Automático,85900.0,102.0
2.0 VVT-IE FLEX GLI DIRECT SHIFT,2021,2022,79200,Automático,106900.0,93.0
2.0 DYNAMIC 16V FLEX 4P AUTOMÁTICO,2017,2017,191000,Automático,78500.0,88.0
2.0 XEI 16V FLEX 4P AUTOMÁTICO,2014,2014,171600,Automático,59500.0,85.0
2.0 VVT-IE FLEX GLI DIRECT SHIFT,2020,2020,67000,Automático,103900.0,96.0
2.0 ALTIS 16V FLEX 4P AUTOMÁTICO,2014,2015,100710,Automático,79900.0,96.0
2.0 VVT-IE FLEX GR-S DIRECT SHIFT,2022,2023,30000,Automático,138000.0,100.0
1.8 XEI 16V GASOLINA 4P AUTOMÁTICO,2002,2002,202000,Automático,30000.0,107.0
2.0 XEI 16V FLEX 4P AUTOMÁTICO,2015,2016,194000,Automático,73500.0,87.0
2.0 VVT-IE FLEX XEI DIRECT SHIFT,2025,2025,7000,Automático,162990.0,102.0
2.0 VVT-IE FLEX GLI DIRECT SHIFT,2020,2021,64000,Automático,109900.0,100.0
2.0 VVT-IE FLEX ALTIS DIRECT SHIFT,2021,2022,26000,Automático,142000.0,104.0
1.8 GLI 16V FLEX 4P AUTOMÁTICO,2017,2018,39000,Automático,88400.0,104.0
2.0 VVT-IE FLEX XEI DIRECT SHIFT,2021,2022,50200,Automático,120000.0,98.0
2.0 XEI 16V FLEX 4P AUTOMÁTICO,2017,2018,63000,Automático,98500.0,99.0
1.8 VVT-I HYBRID FLEX ALTIS PREMIUM CVT,2019,2020,200000,Automático,90999.0,72.0
2.0 XEI 16V FLEX 4P AUTOMÁTICO,2013,2014,119000,Automático,64900.0,93.0
2.0 VVT-IE FLEX XEI DIRECT SHIFT,2020,2021,29850,Automático,124600.0,104.0
2.0 XEI 16V FLEX 4P AUTOMÁTICO,2010,2011,176000,Automático,56490.0,96.0
1.8 VVT-I HYBRID FLEX ALTIS PREMIUM CVT,2019,2020,82834,Automático,124000.0,99.0
2.0 VVT-IE FLEX XEI DIRECT SHIFT,2021,2022,54156,Automático,119900.0,98.0
2.0 VVT-IE FLEX XEI DIRECT SHIFT,2023,2024,32000,Automático,139900.0,98.0
2.0 VVT-IE FLEX XEI DIRECT SHIFT,2020,2021,33200,Automático,124000.0,103.0
2.0 XRS 16V FLEX 4P AUTOMÁTICO,2012,2013,190,Automático,61900.0,92.0
1.8 VVT-I HYBRID FLEX ALTIS PREMIUM CVT,2025,2026,4000,Automático,189990.0,101.0
2.0 ALTIS 16V FLEX 4P AUTOMÁTICO,2014,2015,84000,Automático,84000.0,101.0
1.8 VVT-I HYBRID FLEX ALTIS CVT,2021,2022,60000,Automático,132990.0,100.0
2.0 VVT-IE FLEX GR-S DIRECT SHIFT,2024,2024,17200,Automático,163000.0,102.0
1.8 VVT-I HYBRID FLEX ALTIS PREMIUM CVT,2020,2020,30000,Automático,170000.0,135.0
2.0 XEI 16V FLEX 4P AUTOMÁTICO,2015,2015,110000,Automático,79990.0,98.0
1.8 GLI 16V FLEX 4P AUTOMÁTICO,2017,2017,47500,Automático,81900.0,101.0
1.8 GLI UPPER 16V FLEX 4P AUTOMÁTICO,2017,2018,96900,Automático,85500.0,99.0
2.0 XEI 16V FLEX 4P AUTOMÁTICO,2017,2018,61604,Automático,102000.0,102.0
2.0 XEI 16V FLEX 4P AUTOMÁTICO,2018,2019,46457,Automático,116999.0,114.0
2.0 VVT-IE FLEX ALTIS PREMIUM DIRECT SHIFT,2025,2025,13000,Automático,182900.0,103.0
2.0 XRS 16V FLEX 4P AUTOMÁTICO,2017,2018,89000,Automático,99000.0,100.0
2.0 XEI 16V FLEX 4P AUTOMÁTICO,2013,2014,99000,Automático,68200.0,97.0
2.0 XEI 16V FLEX 4P AUTOMÁTICO,2018,2018,35500,Automático,115000.0,116.0
2.0 XEI 16V FLEX 4P AUTOMÁTICO,2015,2016,114700,Automático,83500.0,99.0
1.8 GLI 16V FLEX 4P AUTOMÁTICO,2015,2016,77000,Automático,80000.0,102.0
2.0 XRS 16V FLEX 4P AUTOMÁTICO,2013,2013,149000,Automático,69900.0,104.0
1.8 GLI 16V FLEX 4P AUTOMÁTICO,2015,2016,152000,Automático,72000.0,92.0
1.8 VVT-I HYBRID FLEX ALTIS PREMIUM CVT,2020,2021,56000,Automático,130500.0,101.0
2.0 VVT-IE FLEX XEI DIRECT SHIFT,2024,2024,19500,Automático,142990.0,100.0
2.0 VVT-IE FLEX XEI DIRECT SHIFT,2021,2022,46000,Automático,121900.0,99.0
2.0 DYNAMIC 16V FLEX 4P AUTOMÁTICO,2017,2017,70600,Automático,89500.0,101.0
1.8 GLI 16V FLEX 4P AUTOMÁTICO,2017,2018,68000,Automático,87990.0,103.0
2.0 XEI 16V FLEX 4P AUTOMÁTICO,2010,2011,70000,Automático,69900.0,119.0
1.8 GLI UPPER 16V FLEX 4P AUTOMÁTICO,2018,2018,101000,Automático,84500.0,98.0
1.8 XEI 16V FLEX 4P AUTOMÁTICO,2009,2009,93000,Automático,59800.0,111.0
2.0 VVT-IE FLEX XEI DIRECT SHIFT,2022,2023,36600,Automático,130000.0,102.0
1.8 VVT-I HYBRID FLEX ALTIS PREMIUM CVT,2022,2023,33000,Automático,152000.0,105.0
2.0 VVT-IE FLEX GLI DIRECT SHIFT,2019,2020,92454,Automático,104900.0,97.0
2.0 VVT-IE FLEX XEI DIRECT SHIFT,2022,2023,25000,Automático,134500.0,105.0
2.0 ALTIS 16V FLEX 4P AUTOMÁTICO,2014,2015,140000,Automático,82000.0,99.0
2.0 XEI 16V FLEX 4P AUTOMÁTICO,2014,2015,137000,Automático,79000.0,96.0
1.8 GLI 16V FLEX 4P AUTOMÁTICO,2018,2019,194000,Automático,80000.0,91.0
2.0 XEI 16V FLEX 4P AUTOMÁTICO,2019,2019,74000,Automático,106900.0,104.0
1.8 VVT-I HYBRID FLEX ALTIS PREMIUM CVT,2019,2020,41000,Automático,135000.0,108.0
1.8 GLI 16V FLEX 4P AUTOMÁTICO,2015,2016,62500,Automático,83900.0,107.0
2.0 VVT-IE FLEX XEI DIRECT SHIFT,2019,2020,57800,Automático,118200.0,101.0
2.0 VVT-IE FLEX XEI DIRECT SHIFT,2021,2022,29000,Automático,133000.0,108.0
2.0 XEI 16V FLEX 4P AUTOMÁTICO,2019,2019,127500,Automático,93000.0,90.0
2.0 VVT-IE FLEX XEI DIRECT SHIFT,2024,2024,44800,Automático,139000.0,97.0
2.0 VVT-IE FLEX GR-S DIRECT SHIFT,2021,2022,109000,Automático,119900.0,94.0
1.8 GLI 16V FLEX 4P AUTOMÁTICO,2017,2018,77000,Automático,86000.0,101.0
1.8 GLI 16V FLEX 4P AUTOMÁTICO,2019,2019,85242,Automático,89900.0,102.0
2.0 VVT-IE FLEX XEI DIRECT SHIFT,2019,2020,71000,Automático,117900.0,101.0
2.0 VVT-IE FLEX XEI DIRECT SHIFT,2022,2023,14900,Automático,141500.0,111.0
1.8 VVT-I HYBRID FLEX ALTIS PREMIUM CVT,2021,2022,43800,Automático,136900.0,101.0
2.0 VVT-IE FLEX XEI DIRECT SHIFT,2024,2024,18000,Automático,146500.0,103.0
2.0 VVT-IE FLEX XEI DIRECT SHIFT,2022,2023,44800,Automático,125900.0,99.0
1.8 SE-G 16V FLEX 4P AUTOMÁTICO,2009,2010,110000,Automático,68000.0,119.0
2.0 VVT-IE FLEX GR-S DIRECT SHIFT,2024,2025,21750,Automático,174000.0,99.0
1.8 GLI 16V FLEX 4P AUTOMÁTICO,2018,2018,77344,Automático,86500.0,102.0
2.0 XEI 16V FLEX 4P AUTOMÁTICO,2018,2018,60000,Automático,108000.0,108.0
1.8 GLI 16V FLEX 4P AUTOMÁTICO,2017,2017,92000,Automático,85000.0,105.0
1.8 SE-G 16V GASOLINA 4P AUTOMÁTICO,2006,2007,114000,Automático,48900.0,117.0
2.0 VVT-IE FLEX GLI DIRECT SHIFT,2023,2023,46000,Automático,119900.0,101.0
2.0 XEI 16V FLEX 4P AUTOMÁTICO,2018,2018,91500,Automático,99900.0,100.0
2.0 VVT-IE FLEX XEI DIRECT SHIFT,2021,2022,30500,Automático,154500.0,126.0
2.0 VVT-IE FLEX GR-S DIRECT SHIFT,2024,2025,30000,Automático,172500.0,98.0
1.8 VVT-I HYBRID FLEX ALTIS PREMIUM CVT,2021,2022,71000,Automático,133900.0,99.0
2.0 XEI 16V FLEX 4P AUTOMÁTICO,2017,2018,83117,Automático,105000.0,105.0
2.0 VVT-IE FLEX XEI DIRECT SHIFT,2019,2020,94000,Automático,112000.0,96.0
2.0 VVT-IE FLEX XEI DIRECT SHIFT,2020,2020,91000,Automático,116000.0,100.0
2.0 ALTIS 16V FLEX 4P AUTOMÁTICO,2014,2015,136,Automático,80890.0,97.0
2.0 XEI 16V FLEX 4P AUTOMÁTICO,2018,2019,15000,Automático,125000.0,122.0
2.0 VVT-IE FLEX XEI DIRECT SHIFT,2023,2023,29245,Automático,133900.0,105.0
1.8 VVT-I HYBRID FLEX ALTIS PREMIUM CVT,2023,2023,35000,Automático,160000.0,111.0
1.8 VVT-I HYBRID FLEX ALTIS PREMIUM CVT,2021,2022,39900,Automático,145000.0,107.0
2.0 XEI 16V FLEX 4P AUTOMÁTICO,2018,2019,69500,Automático,105000.0,102.0
2.0 XEI 16V FLEX 4P AUTOMÁTICO,2014,2015,225000,Automático,75999.0,93.0
2.0 VVT-IE FLEX XEI DIRECT SHIFT,2022,2023,39000,Automático,130000.0,102.0
2.0 VVT-IE FLEX XEI DIRECT SHIFT,2023,2023,18000,Automático,190000.0,149.0
1.8 VVT-I HYBRID FLEX ALTIS PREMIUM CVT,2021,2021,66000,Automático,130000.0,100.0
2.0 VVT-IE FLEX XEI DIRECT SHIFT,2025,2026,8000,Automático,163000.0,99.0
2.0 VVT-IE FLEX XEI DIRECT SHIFT,2021,2022,36500,Automático,124000.0,101.0
2.0 VVT-IE FLEX ALTIS DIRECT SHIFT,2023,2024,38756,Automático,163990.0,100.0
2.0 VVT-IE FLEX GR-S DIRECT SHIFT,2024,2024,37500,Automático,156500.0,98.0
2.0 XEI 16V FLEX 4P AUTOMÁTICO,2012,2013,115000,Automático,69990.0,105.0
2.0 VVT-IE FLEX XEI DIRECT SHIFT,2020,2021,81000,Automático,118000.0,98.0
2.0 VVT-IE FLEX XEI DIRECT SHIFT,2022,2023,33000,Automático,140000.0,110.0
2.0 XEI 16V FLEX 4P AUTOMÁTICO,2011,2012,135000,Automático,65000.0,102.0
2.0 VVT-IE FLEX XEI DIRECT SHIFT,2024,2024,49000,Automático,140000.0,98.0
1.8 VVT-I HYBRID FLEX ALTIS CVT,2020,2021,75000,Automático,129990.0,103.0
2.0 VVT-IE FLEX ALTIS DIRECT SHIFT,2019,2020,16000,Automático,140000.0,112.0
2.0 VVT-IE FLEX XEI DIRECT SHIFT,2022,2023,38000,Automático,170000.0,133.0
1.8 VVT-I HYBRID FLEX ALTIS CVT,2022,2023,47500,Automático,169900.0,119.0
1.8 GLI 16V FLEX 4P AUTOMÁTICO,2017,2018,154200,Automático,83200.0,98.0
2.0 VVT-IE FLEX XEI DIRECT SHIFT,2020,2021,66500,Automático,119900.0,100.0
2.0 VVT-IE FLEX XEI DIRECT SHIFT,2019,2020,53900,Automático,144500.0,124.0
2.0 VVT-IE FLEX XEI DIRECT SHIFT,2021,2022,70000,Automático,119900.0,98.0
2.0 VVT-IE FLEX XEI DIRECT SHIFT,2021,2022,79000,Automático,120500.0,98.0
2.0 VVT-IE FLEX ALTIS DIRECT SHIFT,2023,2023,49000,Automático,183900.0,128.0
1.8 GLI 16V FLEX 4P AUTOMÁTICO,2015,2016,95000,Automático,80000.0,102.0
1.8 VVT-I HYBRID FLEX ALTIS PREMIUM CVT,2021,2022,105000,Automático,133500.0,99.0
2.0 XEI 16V FLEX 4P AUTOMÁTICO,2019,2019,112000,Automático,99888.0,97.0
2.0 VVT-IE FLEX XEI DIRECT SHIFT,2020,2021,62500,Automático,125000.0,104.0
2.0 VVT-IE FLEX ALTIS DIRECT SHIFT,2020,2021,74000,Automático,149500.0,115.0
1.8 VVT-I HYBRID FLEX ALTIS PREMIUM CVT,2025,2026,11000,Automático,191000.0,101.0
1.8 GLI UPPER 16V FLEX 4P AUTOMÁTICO,2017,2018,88700,Automático,90500.0,105.0
2.0 VVT-IE FLEX XEI DIRECT SHIFT,2022,2022,62000,Automático,143900.0,117.0
2.0 XEI 16V FLEX 4P AUTOMÁTICO,2018,2019,101000,Automático,104000.0,101.0
2.0 XEI 16V FLEX 4P AUTOMÁTICO,2019,2019,89600,Automático,103000.0,100.0
2.0 VVT-IE FLEX XEI DIRECT SHIFT,2022,2023,23000,Automático,133000.0,104.0
2.0 ALTIS 16V FLEX 4P AUTOMÁTICO,2014,2015,134000,Automático,89900.0,108.0
2.0 VVT-IE FLEX XEI DIRECT SHIFT,2022,2022,19900,Automático,145000.0,118.0
1.8 VVT-I HYBRID FLEX ALTIS PREMIUM CVT,2022,2023,47000,Automático,179900.0,124.0
2.0 VVT-IE FLEX XEI DIRECT SHIFT,2021,2021,84000,Automático,133900.0,112.0
2.0 VVT-IE FLEX XEI DIRECT SHIFT,2022,2023,40000,Automático,135000.0,106.0
2.0 VVT-IE FLEX XEI DIRECT SHIFT,2020,2021,76000,Automático,155000.0,129.0
2.0 VVT-IE FLEX XEI DIRECT SHIFT,2022,2023,49000,Automático,158000.0,124.0
2.0 VVT-IE FLEX XEI DIRECT SHIFT,2020,2021,93000,Automático,120000.0,100.0
1.8 GLI 16V FLEX 4P AUTOMÁTICO,2016,2017,124500,Automático,83700.0,103.0
2.0 VVT-IE FLEX XEI DIRECT SHIFT,2023,2023,67800,Automático,128000.0,100.0
2.0 VVT-IE FLEX GR-S DIRECT SHIFT,2021,2022,44500,Automático,135900.0,106.0
2.0 VVT-IE FLEX XEI DIRECT SHIFT,2023,2024,36185,Automático,145800.0,102.0
2.0 VVT-IE FLEX XEI DIRECT SHIFT,2022,2022,87000,Automático,125000.0,102.0
2.0 VVT-IE FLEX XEI DIRECT SHIFT,2021,2021,147000,Automático,116990.0,98.0
1.8 GLI 16V FLEX 4P AUTOMÁTICO,2018,2018,165000,Automático,86000.0,101.0
2.0 VVT-IE FLEX XEI DIRECT SHIFT,2021,2022,80000,Automático,123000.0,100.0
2.0 VVT-IE FLEX XEI DIRECT SHIFT,2021,2022,108000,Automático,141000.0,115.0
1.8 XEI 16V GASOLINA 4P MANUAL,2005,2005,44500,Automático,53000.0,148.0
2.0 XEI 16V FLEX 4P AUTOMÁTICO,2012,2013,120000,Automático,55000.0,83.0
1.8 XEI 16V FLEX 4P MANUAL,2008,2009,144000,Manual,44000.0,85.0
1.8 XEI 16V FLEX 4P AUTOMÁTICO,2009,2010,134146,Automático,49500.0,89.0
1.6 GLI 16V GASOLINA 4P AUTOMÁTICO,1997,1998,217404,Automático,18900.0,90.0
2.0 XEI 16V FLEX 4P AUTOMÁTICO,2013,2014,149000,Automático,58500.0,84.0
2.0 XEI 16V FLEX 4P AUTOMÁTICO,2016,2017,106000,Automático,75000.0,85.0
1.8 XEI 16V FLEX 4P AUTOMÁTICO,2008,2009,189427,Automático,36500.0,68.0
1.8 XEI 16V FLEX 4P AUTOMÁTICO,2007,2008,170000,Automático,35900.0,84.0
1.8 GLI 16V FLEX 4P AUTOMÁTICO,2012,2013,140000,Automático,45900.0,74.0
1.8 GLI 16V FLEX 4P MANUAL,2012,2013,197000,Manual,50000.0,85.0
2.0 XEI 16V FLEX 4P AUTOMÁTICO,2011,2012,151000,Automático,55000.0,87.0
2.0 XEI 16V FLEX 4P AUTOMÁTICO,2012,2012,130700,Automático,58000.0,91.0
1.8 XEI 16V FLEX 4P MANUAL,2002,2003,162000,Manual,29990.0,96.0
1.8 XEI 16V FLEX 4P AUTOMÁTICO,2008,2009,64627,Automático,52500.0,98.0
2.0 XEI 16V FLEX 4P AUTOMÁTICO,2010,2011,148500,Automático,54890.0,94.0
1.8 XEI 16V FLEX 4P AUTOMÁTICO,2008,2009,151344,Automático,50990.0,95.0
1.8 GLI 16V FLEX 4P AUTOMÁTICO,2014,2015,128000,Automático,74890.0,99.0
1.8 GLI UPPER 16V FLEX 4P AUTOMÁTICO,2018,2019,80000,Automático,86000.0,97.0
1.8 XEI 16V FLEX 4P AUTOMÁTICO,2007,2007,203000,Automático,39900.0,98.0
1.8 GLI UPPER 16V FLEX 4P AUTOMÁTICO,2016,2017,213000,Automático,67000.0,82.0
2.0 VVT-IE FLEX XEI DIRECT SHIFT,2023,2024,28560,Automático,141989.0,100.0
1.6 XLI 16V GASOLINA 4P AUTOMÁTICO,2008,2009,92000,Automático,52900.0,105.0
1.6 XLI 16V GASOLINA 4P AUTOMÁTICO,2009,2010,180000,Automático,52500.0,98.0
1.6 XLI 16V GASOLINA 4P AUTOMÁTICO,2006,2006,195496,Automático,37300.0,103.0
2.0 XRS 16V FLEX 4P AUTOMÁTICO,2013,2014,84900,Automático,71900.0,105.0
1.6 XLI 16V GASOLINA 4P AUTOMÁTICO,2009,2009,99800,Automático,51900.0,103.0
1.8 GLI 16V FLEX 4P AUTOMÁTICO,2015,2016,144000,Automático,72500.0,92.0
1.8 GLI UPPER 16V FLEX 4P AUTOMÁTICO,2017,2017,91000,Automático,80900.0,99.0
1.8 XLI 16V FLEX 4P AUTOMÁTICO,2010,2011,105000,Automático,57500.0,103.0
1.8 XEI 16V FLEX 4P AUTOMÁTICO,2010,2010,69264,Automático,63000.0,113.0
1.8 XEI 16V FLEX 4P AUTOMÁTICO,2008,2009,113500,Automático,57600.0,107.0
1.8 SE-G 16V GASOLINA 4P AUTOMÁTICO,2003,2004,95500,Automático,50500.0,140.0
1.8 XEI 16V GASOLINA 4P AUTOMÁTICO,2005,2005,95000,Automático,50000.0,137.0
1.8 GLI 16V FLEX 4P AUTOMÁTICO,2010,2011,167500,Automático,56000.0,101.0
1.8 GLI 16V FLEX 4P AUTOMÁTICO,2013,2014,104351,Automático,66000.0,102.0
1.8 SE-G 16V GASOLINA 4P AUTOMÁTICO,2003,2003,189000,Automático,45500.0,130.0
2.0 XRS 16V FLEX 4P AUTOMÁTICO,2012,2013,128000,Automático,68000.0,101.0
1.8 SE-G 16V GASOLINA 4P AUTOMÁTICO,2004,2004,172000,Automático,45500.0,126.0
1.8 SE-G 16V GASOLINA 4P AUTOMÁTICO,2006,2006,196000,Automático,41900.0,103.0
1.8 XLI 16V FLEX 4P AUTOMÁTICO,2008,2009,31599,Automático,70463.0,139.0
2.0 XEI 16V FLEX 4P AUTOMÁTICO,2011,2012,135000,Automático,65400.0,103.0
1.8 GLI 16V FLEX 4P AUTOMÁTICO,2012,2013,148000,Automático,63800.0,102.0
1.8 SE-G 16V GASOLINA 4P AUTOMÁTICO,2006,2007,177000,Automático,45900.0,110.0
2.0 XEI 16V FLEX 4P AUTOMÁTICO,2016,2017,119000,Automático,90000.0,102.0
