ID_Anuncio,Marca,Modelo,Versao,Ano_Fabricacao,Ano_Modelo,Quilometragem,Cambio,Carroceria,Preco_Real,Percentual_FIPE,Estado
69503825,TOYOTA,COROLLA,2.0 VVT-IE FLEX GLI DIRECT SHIFT,2025,2025.0,136.0,Automática,Sedã,152990.0,106.0,São Paulo (SP)
69239339,TOYOTA,COROLLA,1.8 VVT-I HYBRID FLEX ALTIS PREMIUM CVT,2026,2026.0,0.0,Automática,Sedã,209010.0,111.0,São Paulo (SP)
68988167,TOYOTA,COROLLA,1.8 GLI 16V FLEX 4P AUTOMÁTICO,2017,2017.0,104500.0,Automática,Sedã,83000.0,102.0,São Paulo (SP)
68669795,TOYOTA,COROLLA,2.0 VVT-IE FLEX XEI DIRECT SHIFT,2023,2024.0,62000.0,CVT,Sedã,142000.0,100.0,São Paulo (SP)
68373757,TOYOTA,COROLLA,2.0 VVT-IE FLEX XEI DIRECT SHIFT,2024,2024.0,51000.0,CVT,Sedã,143000.0,100.0,São Paulo (SP)
68484549,TOYOTA,COROLLA,2.0 VVT-IE FLEX XEI DIRECT SHIFT,2022,2023.0,62000.0,CVT,Sedã,134990.0,106.0,São Paulo (SP)
69357217,TOYOTA,COROLLA,2.0 VVT-IE FLEX ALTIS DIRECT SHIFT,2022,2023.0,42900.0,Automática,Sedã,139990.0,98.0,São Paulo (SP)
69030014,TOYOTA,COROLLA,2.0 XEI 16V FLEX 4P AUTOMÁTICO,2014,2015.0,116000.0,Automática,Sedã,85900.0,105.0,São Paulo (SP)
66804064,TOYOTA,COROLLA,2.0 VVT-IE FLEX GR-S DIRECT SHIFT,2022,2023.0,37000.0,Automática,Sedã,145900.0,105.0,São Paulo (SP)
69248596,TOYOTA,COROLLA,1.8 VVT-I HYBRID FLEX ALTIS PREMIUM CVT,2023,2024.0,16886.0,CVT,Sedã,173900.0,105.0,São Paulo (SP)
69385549,TOYOTA,COROLLA,1.8 VVT-I HYBRID FLEX ALTIS PREMIUM CVT,2022,2023.0,45933.0,CVT,Sedã,155990.0,108.0,São Paulo (SP)
68407441,TOYOTA,COROLLA,2.0 VVT-IE FLEX XEI DIRECT SHIFT,2021,2022.0,29000.0,CVT,Sedã,169890.0,138.0,São Paulo (SP)
69449992,TOYOTA,COROLLA,2.0 XEI 16V FLEX 4P AUTOMÁTICO,2017,2018.0,122985.0,Automática,Sedã,98900.0,99.0,São Paulo (SP)
68883247,TOYOTA,COROLLA,2.0 VVT-IE FLEX XEI DIRECT SHIFT,2020,2020.0,100214.0,Automática,Sedã,121900.0,105.0,São Paulo (SP)
69366288,TOYOTA,COROLLA,2.0 VVT-IE FLEX XEI DIRECT SHIFT,2021,2022.0,35000.0,CVT,Sedã,149890.0,122.0,São Paulo (SP)
68098859,TOYOTA,COROLLA,2.0 VVT-IE FLEX XEI DIRECT SHIFT,2022,2023.0,28650.0,CVT,Sedã,135790.0,106.0,São Paulo (SP)
69526278,TOYOTA,COROLLA,2.0 VVT-IE FLEX XEI DIRECT SHIFT,2024,2024.0,83885.0,Automática,Sedã,133390.0,94.0,São Paulo (SP)
69265785,TOYOTA,COROLLA,2.0 VVT-IE FLEX GLI DIRECT SHIFT,2022,2023.0,64295.0,Automática,Sedã,119900.0,101.0,São Paulo (SP)
69441102,TOYOTA,COROLLA,2.0 VVT-IE FLEX XEI DIRECT SHIFT,2024,2024.0,47200.0,Automática,Sedã,145900.0,102.0,São Paulo (SP)
69239046,TOYOTA,COROLLA,2.0 VVT-IE FLEX GR-S DIRECT SHIFT,2026,2026.0,0.0,Automática,Sedã,203790.0,112.0,São Paulo (SP)
69237813,TOYOTA,COROLLA,2.0 VVT-IE FLEX ALTIS PREMIUM DIRECT SHIFT,2026,2026.0,0.0,Automática,Sedã,203790.0,108.0,São Paulo (SP)
69239208,TOYOTA,COROLLA,1.8 VVT-I HYBRID FLEX ALTIS PREMIUM CVT,2026,2026.0,0.0,Automática,Sedã,209010.0,111.0,São Paulo (SP)
69507346,TOYOTA,COROLLA,2.0 VVT-IE FLEX XEI DIRECT SHIFT,2022,2023.0,46267.0,Automática,Sedã,164900.0,129.0,São Paulo (SP)
66019435,TOYOTA,COROLLA,2.0 VVT-IE FLEX XEI DIRECT SHIFT,2021,2022.0,73000.0,Automática,Sedã,123990.0,101.0,São Paulo (SP)
65715602,TOYOTA,COROLLA,2.0 VVT-IE FLEX GLI DIRECT SHIFT,2019,2020.0,74000.0,CVT,Sedã,106900.0,99.0,São Paulo (SP)
66524378,TOYOTA,COROLLA,2.0 VVT-IE FLEX ALTIS DIRECT SHIFT,2020,2021.0,78000.0,CVT,Sedã,128890.0,99.0,São Paulo (SP)
67444377,TOYOTA,COROLLA,2.0 VVT-IE FLEX GR-S DIRECT SHIFT,2023,2023.0,27000.0,CVT,Sedã,189890.0,137.0,São Paulo (SP)
68729608,TOYOTA,COROLLA,2.0 VVT-IE FLEX XEI DIRECT SHIFT,2021,2022.0,28756.0,Automática,Sedã,126900.0,103.0,São Paulo (SP)
68852222,TOYOTA,COROLLA,2.0 VVT-IE FLEX XEI DIRECT SHIFT,2021,2022.0,45000.0,Automática,Sedã,129990.0,106.0,São Paulo (SP)
67944281,TOYOTA,COROLLA,2.0 VVT-IE FLEX XEI DIRECT SHIFT,2026,2026.0,0.0,Automática,Sedã,173610.0,106.0,São Paulo (SP)
65815191,TOYOTA,COROLLA,2.0 VVT-IE FLEX XEI DIRECT SHIFT,2026,2026.0,0.0,CVT,Sedã,177010.0,108.0,São Paulo (SP)
65815274,TOYOTA,COROLLA,2.0 VVT-IE FLEX XEI DIRECT SHIFT,2026,2026.0,0.0,CVT,Sedã,177010.0,108.0,São Paulo (SP)
65815028,TOYOTA,COROLLA,2.0 VVT-IE FLEX XEI DIRECT SHIFT,2026,2026.0,0.0,CVT,Sedã,177010.0,108.0,São Paulo (SP)
66633382,TOYOTA,COROLLA,1.8 VVT-I HYBRID FLEX ALTIS PREMIUM CVT,2026,2026.0,0.0,CVT,Sedã,209010.0,111.0,São Paulo (SP)
66633220,TOYOTA,COROLLA,1.8 VVT-I HYBRID FLEX ALTIS PREMIUM CVT,2026,2026.0,0.0,CVT,Sedã,209010.0,111.0,São Paulo (SP)
65814881,TOYOTA,COROLLA,2.0 VVT-IE FLEX XEI DIRECT SHIFT,2026,2026.0,0.0,CVT,Sedã,177010.0,108.0,São Paulo (SP)
69239467,TOYOTA,COROLLA,2.0 VVT-IE FLEX XEI DIRECT SHIFT,2026,2026.0,0.0,Automática,Sedã,275000.0,167.0,São Paulo (SP)
69258587,TOYOTA,COROLLA,2.0 XEI 16V FLEX 4P AUTOMÁTICO,2018,2019.0,103803.0,Automática,Sedã,104900.0,102.0,São Paulo (SP)
68395159,TOYOTA,COROLLA,2.0 ALTIS 16V FLEX 4P AUTOMÁTICO,2012,2013.0,75575.0,Automática,Sedã,75900.0,112.0,São Paulo (SP)
68950999,TOYOTA,COROLLA,2.0 XEI 16V FLEX 4P AUTOMÁTICO,2014,2015.0,98000.0,Automática,Sedã,82590.0,101.0,São Paulo (SP)
67962401,TOYOTA,COROLLA,2.0 VVT-IE FLEX GLI DIRECT SHIFT,2025,2025.0,14990.0,Automática,Sedã,144990.0,100.0,São Paulo (SP)
64779890,TOYOTA,COROLLA,2.0 VVT-IE FLEX ALTIS DIRECT SHIFT,2022,2023.0,47858.0,Automática,Sedã,149890.0,105.0,São Paulo (SP)
69517549,TOYOTA,COROLLA,2.0 VVT-IE FLEX XEI DIRECT SHIFT,2023,2023.0,84145.0,Automática,Sedã,116590.0,91.0,São Paulo (SP)
65162704,TOYOTA,COROLLA,1.8 VVT-I HYBRID FLEX ALTIS CVT,2022,2023.0,8402.0,Automática,Sedã,165590.0,116.0,São Paulo (SP)
68350856,TOYOTA,COROLLA,2.0 VVT-IE FLEX GLI DIRECT SHIFT,2021,2021.0,63995.0,Automática,Sedã,134990.0,122.0,São Paulo (SP)
67949700,TOYOTA,COROLLA,2.0 XEI 16V FLEX 4P AUTOMÁTICO,2014,2015.0,61147.0,Automática,Sedã,89900.0,110.0,São Paulo (SP)
61635808,TOYOTA,COROLLA,2.0 VVT-IE FLEX XEI DIRECT SHIFT,2022,2023.0,57190.0,Automática,Sedã,135590.0,106.0,São Paulo (SP)
66846832,TOYOTA,COROLLA,2.0 VVT-IE FLEX GLI DIRECT SHIFT,2025,2025.0,14319.0,Automática,Sedã,141900.0,98.0,São Paulo (SP)
66906422,TOYOTA,COROLLA,2.0 VVT-IE FLEX GLI DIRECT SHIFT,2024,2024.0,14358.0,Automática,Sedã,133600.0,106.0,São Paulo (SP)
68984555,TOYOTA,COROLLA,2.0 VVT-IE FLEX XEI DIRECT SHIFT,2023,2023.0,48127.0,Automática,Sedã,129900.0,102.0,São Paulo (SP)
67456133,TOYOTA,COROLLA,2.0 VVT-IE FLEX GLI DIRECT SHIFT,2019,2020.0,58800.0,Automática,Sedã,125900.0,117.0,São Paulo (SP)
66959913,TOYOTA,COROLLA,2.0 VVT-IE FLEX GLI DIRECT SHIFT,2024,2024.0,46514.0,Automática,Sedã,131100.0,104.0,São Paulo (SP)
65809174,TOYOTA,COROLLA,2.0 VVT-IE FLEX XEI DIRECT SHIFT,2026,2026.0,0.0,CVT,Sedã,177010.0,108.0,São Paulo (SP)
65809263,TOYOTA,COROLLA,2.0 VVT-IE FLEX XEI DIRECT SHIFT,2026,2026.0,0.0,CVT,Sedã,177010.0,108.0,São Paulo (SP)
66631159,TOYOTA,COROLLA,1.8 VVT-I HYBRID FLEX ALTIS PREMIUM CVT,2026,2026.0,0.0,CVT,Sedã,209010.0,111.0,São Paulo (SP)
69589047,TOYOTA,COROLLA,2.0 VVT-IE FLEX GLI DIRECT SHIFT,2021,2022.0,40300.0,Automática,Sedã,124900.0,109.0,São Paulo (SP)
66943457,TOYOTA,COROLLA,2.0 VVT-IE FLEX ALTIS DIRECT SHIFT,2023,2023.0,49000.0,Automática,Sedã,199900.0,139.0,São Paulo (SP)
69515979,TOYOTA,COROLLA,1.8 VVT-I HYBRID FLEX ALTIS PREMIUM CVT,2022,2023.0,83000.0,Automática,Sedã,144900.0,100.0,São Paulo (SP)
66941769,TOYOTA,COROLLA,2.0 XEI 16V FLEX 4P AUTOMÁTICO,2012,2013.0,146000.0,Automática,Sedã,68900.0,104.0,São Paulo (SP)
67570959,TOYOTA,COROLLA,1.8 GLI 16V FLEX 4P AUTOMÁTICO,2015,2016.0,102000.0,Automática,Sedã,81990.0,105.0,São Paulo (SP)
64949633,TOYOTA,COROLLA,2.0 VVT-IE FLEX GLI DIRECT SHIFT,2023,2024.0,26000.0,CVT,Sedã,130000.0,103.0,São Paulo (SP)
69450523,TOYOTA,COROLLA,2.0 VVT-IE FLEX XEI DIRECT SHIFT,2022,2023.0,36669.0,Automática,Sedã,125900.0,99.0,São Paulo (SP)
69234127,TOYOTA,COROLLA,2.0 ALTIS 16V FLEX 4P AUTOMÁTICO,2011,2012.0,201937.0,Automática,Sedã,57500.0,88.0,São Paulo (SP)
69344153,TOYOTA,COROLLA,2.0 XEI 16V FLEX 4P AUTOMÁTICO,2010,2011.0,206000.0,Automática,Sedã,54900.0,94.0,São Paulo (SP)
67837061,TOYOTA,COROLLA,1.8 VVT-I HYBRID FLEX ALTIS PREMIUM CVT,2021,2022.0,16000.0,CVT,Sedã,150000.0,111.0,São Paulo (SP)
69077919,TOYOTA,COROLLA,1.8 XEI 16V FLEX 4P AUTOMÁTICO,2010,2010.0,128000.0,Automática,Sedã,54990.0,99.0,São Paulo (SP)
68849022,TOYOTA,COROLLA,1.8 GLI 16V FLEX 4P AUTOMÁTICO,2016,2017.0,59570.0,Automática,Sedã,83000.0,102.0,São Paulo (SP)
69221077,TOYOTA,COROLLA,1.8 GLI 16V FLEX 4P AUTOMÁTICO,2016,2017.0,147000.0,Automática,Sedã,75000.0,92.0,São Paulo (SP)
68977274,TOYOTA,COROLLA,2.0 VVT-IE FLEX XEI DIRECT SHIFT,2023,2023.0,39052.0,CVT,Sedã,127800.0,100.0,São Paulo (SP)
66026254,TOYOTA,COROLLA,2.0 VVT-IE FLEX ALTIS DIRECT SHIFT,2020,2021.0,64000.0,CVT,Sedã,136000.0,104.0,São Paulo (SP)
68184574,TOYOTA,COROLLA,2.0 VVT-IE FLEX XEI DIRECT SHIFT,2023,2023.0,23000.0,CVT,Sedã,142900.0,112.0,São Paulo (SP)
69513476,TOYOTA,COROLLA,2.0 VVT-IE FLEX XEI DIRECT SHIFT,2024,2024.0,49000.0,Automática,Sedã,133800.0,94.0,São Paulo (SP)
68988915,TOYOTA,COROLLA,2.0 VVT-IE FLEX GLI DIRECT SHIFT,2024,2025.0,8000.0,Automática,Sedã,146790.0,102.0,São Paulo (SP)
68491892,TOYOTA,COROLLA,2.0 VVT-IE FLEX XEI DIRECT SHIFT,2020,2021.0,162000.0,Automática,Sedã,110900.0,93.0,São Paulo (SP)
69388864,TOYOTA,COROLLA,1.8 GLI 16V FLEX 4P AUTOMÁTICO,2017,2018.0,73000.0,CVT,Sedã,88990.0,104.0,São Paulo (SP)
69441120,TOYOTA,COROLLA,2.0 VVT-IE FLEX XEI DIRECT SHIFT,2023,2023.0,47000.0,CVT,Sedã,125000.0,98.0,São Paulo (SP)
68927295,TOYOTA,COROLLA,1.8 GLI 16V FLEX 4P AUTOMÁTICO,2017,2018.0,122000.0,CVT,Sedã,82000.0,96.0,São Paulo (SP)
68062380,TOYOTA,COROLLA,2.0 XEI 16V FLEX 4P AUTOMÁTICO,2014,2014.0,140000.0,Automática,Sedã,74900.0,107.0,São Paulo (SP)
68879343,TOYOTA,COROLLA,2.0 VVT-IE FLEX GLI DIRECT SHIFT,2025,2025.0,17000.0,CVT,Sedã,143900.0,100.0,São Paulo (SP)
69508903,TOYOTA,COROLLA,1.8 VVT-I HYBRID FLEX ALTIS PREMIUM CVT,2023,2023.0,26000.0,CVT,Sedã,149900.0,104.0,São Paulo (SP)
68768041,TOYOTA,COROLLA,2.0 XEI 16V FLEX 4P AUTOMÁTICO,2014,2015.0,109388.0,Automática,Sedã,89900.0,110.0,São Paulo (SP)
68980596,TOYOTA,COROLLA,2.0 ALTIS 16V FLEX 4P AUTOMÁTICO,2014,2015.0,121000.0,Automática,Sedã,85000.0,102.0,São Paulo (SP)
68867136,TOYOTA,COROLLA,2.0 VVT-IE FLEX GLI DIRECT SHIFT,2023,2024.0,33359.0,Automática,Sedã,124880.0,99.0,São Paulo (SP)
68980067,TOYOTA,COROLLA,2.0 VVT-IE FLEX XEI DIRECT SHIFT,2023,2023.0,13102.0,CVT,Sedã,139890.0,110.0,São Paulo (SP)
68409829,TOYOTA,COROLLA,1.8 VVT-I HYBRID FLEX ALTIS CVT,2020,2021.0,124000.0,CVT,Sedã,121900.0,96.0,São Paulo (SP)
67638697,TOYOTA,COROLLA,2.0 VVT-IE FLEX GR-S DIRECT SHIFT,2023,2023.0,41000.0,Automática,Sedã,144890.0,105.0,São Paulo (SP)
68010412,TOYOTA,COROLLA,2.0 VVT-IE FLEX XEI DIRECT SHIFT,2021,2022.0,60300.0,CVT,Sedã,124990.0,102.0,São Paulo (SP)
68976299,TOYOTA,COROLLA,2.0 VVT-IE FLEX XEI DIRECT SHIFT,2022,2023.0,36793.0,Automática,Sedã,133900.0,105.0,São Paulo (SP)
67933177,TOYOTA,COROLLA,2.0 XEI 16V FLEX 4P AUTOMÁTICO,2010,2011.0,180000.0,Automática,Sedã,65000.0,111.0,São Paulo (SP)
67967865,TOYOTA,COROLLA,2.0 VVT-IE FLEX XEI DIRECT SHIFT,2022,2023.0,55300.0,CVT,Sedã,124900.0,98.0,São Paulo (SP)
68848251,TOYOTA,COROLLA,2.0 XEI 16V FLEX 4P AUTOMÁTICO,2015,2016.0,237000.0,Automática,Sedã,78000.0,92.0,São Paulo (SP)
68976140,TOYOTA,COROLLA,2.0 VVT-IE FLEX XEI DIRECT SHIFT,2019,2020.0,117845.0,Automática,Sedã,114900.0,99.0,São Paulo (SP)
67839838,TOYOTA,COROLLA,2.0 XEI 16V FLEX 4P AUTOMÁTICO,2018,2018.0,132382.0,Automática,Sedã,104990.0,105.0,São Paulo (SP)
69555886,TOYOTA,COROLLA,2.0 VVT-IE FLEX XEI DIRECT SHIFT,2020,2020.0,77000.0,Automática,Sedã,119900.0,103.0,São Paulo (SP)
69301044,TOYOTA,COROLLA,2.0 VVT-IE FLEX XEI DIRECT SHIFT,2023,2023.0,18048.0,Automática,Sedã,142590.0,112.0,São Paulo (SP)
68979568,TOYOTA,COROLLA,2.0 VVT-IE FLEX XEI DIRECT SHIFT,2023,2023.0,30061.0,Automática,Sedã,142900.0,112.0,São Paulo (SP)
68592071,TOYOTA,COROLLA,2.0 XEI 16V FLEX 4P AUTOMÁTICO,2012,2013.0,180000.0,Automática,Sedã,68900.0,104.0,São Paulo (SP)
69308079,TOYOTA,COROLLA,2.0 VVT-IE FLEX XEI DIRECT SHIFT,2024,2024.0,23153.0,Automática,Sedã,147990.0,104.0,São Paulo (SP)
68976318,TOYOTA,COROLLA,1.8 VVT-I HYBRID FLEX ALTIS PREMIUM CVT,2026,2026.0,738.0,Automática,Sedã,198900.0,106.0,São Paulo (SP)
67563407,TOYOTA,COROLLA,2.0 ALTIS 16V FLEX 4P AUTOMÁTICO,2017,2018.0,143399.0,CVT,Sedã,104900.0,102.0,São Paulo (SP)
67606333,TOYOTA,COROLLA,2.0 VVT-IE FLEX XEI DIRECT SHIFT,2024,2024.0,63882.0,Automática,Sedã,137300.0,96.0,São Paulo (SP)
68516114,TOYOTA,COROLLA,2.0 XEI 16V FLEX 4P AUTOMÁTICO,2019,2019.0,119485.0,Automática,Sedã,111790.0,109.0,São Paulo (SP)
69355583,TOYOTA,COROLLA,1.8 VVT-I HYBRID FLEX ALTIS CVT,2022,2023.0,72627.0,Automática,Sedã,139900.0,98.0,São Paulo (SP)
68645581,TOYOTA,COROLLA,2.0 VVT-IE FLEX XEI DIRECT SHIFT,2025,2025.0,0.0,Automática,Sedã,171990.0,108.0,São Paulo (SP)
67922991,TOYOTA,COROLLA,2.0 XRS 16V FLEX 4P AUTOMÁTICO,2017,2018.0,108461.0,CVT,Sedã,110000.0,111.0,São Paulo (SP)
69504399,TOYOTA,COROLLA,2.0 VVT-IE FLEX GLI DIRECT SHIFT,2025,2025.0,43000.0,CVT,Sedã,143900.0,100.0,São Paulo (SP)
69337951,TOYOTA,COROLLA,2.0 VVT-IE FLEX XEI DIRECT SHIFT,2023,2023.0,57000.0,Automática,Sedã,133090.0,104.0,São Paulo (SP)
67751773,TOYOTA,COROLLA,2.0 VVT-IE FLEX XEI DIRECT SHIFT,2021,2022.0,95189.0,CVT,Sedã,130000.0,106.0,São Paulo (SP)
69498769,TOYOTA,COROLLA,2.0 VVT-IE FLEX XEI DIRECT SHIFT,2023,2023.0,61000.0,CVT,Sedã,127900.0,100.0,São Paulo (SP)
69344213,TOYOTA,COROLLA,2.0 VVT-IE FLEX XEI DIRECT SHIFT,2022,2023.0,48631.0,Automática,Sedã,139190.0,109.0,São Paulo (SP)
68471742,TOYOTA,COROLLA,2.0 VVT-IE FLEX XEI DIRECT SHIFT,2020,2021.0,54256.0,Automática,Sedã,124990.0,104.0,São Paulo (SP)
69376531,TOYOTA,COROLLA,2.0 VVT-IE FLEX XEI DIRECT SHIFT,2022,2023.0,60339.0,Automática,Sedã,129990.0,102.0,São Paulo (SP)
59071724,TOYOTA,COROLLA,2.0 VVT-IE FLEX XEI DIRECT SHIFT,2021,2022.0,113900.0,Automática,Sedã,159990.0,130.0,São Paulo (SP)
69554049,TOYOTA,COROLLA,2.0 XEI 16V FLEX 4P AUTOMÁTICO,2016,2017.0,205557.0,Automática,Sedã,81990.0,93.0,São Paulo (SP)
69375799,TOYOTA,COROLLA,1.8 VVT-I HYBRID FLEX ALTIS CVT,2023,2023.0,57607.0,Automática,Sedã,156590.0,110.0,São Paulo (SP)
69299333,TOYOTA,COROLLA,2.0 VVT-IE FLEX XEI DIRECT SHIFT,2023,2023.0,77071.0,Automática,Sedã,133790.0,105.0,São Paulo (SP)
69555236,TOYOTA,COROLLA,2.0 VVT-IE FLEX GR-S DIRECT SHIFT,2023,2024.0,45000.0,Automática,Sedã,165900.0,104.0,São Paulo (SP)
69377114,TOYOTA,COROLLA,2.0 VVT-IE FLEX XEI DIRECT SHIFT,2024,2024.0,83885.0,Automática,Sedã,139290.0,98.0,São Paulo (SP)
69450543,TOYOTA,COROLLA,2.0 VVT-IE FLEX ALTIS DIRECT SHIFT,2023,2023.0,55000.0,CVT,Sedã,149900.0,105.0,São Paulo (SP)
69448651,TOYOTA,COROLLA,2.0 VVT-IE FLEX ALTIS DIRECT SHIFT,2021,2022.0,53749.0,Automática,Sedã,169990.0,125.0,São Paulo (SP)
69309399,TOYOTA,COROLLA,2.0 VVT-IE FLEX XEI DIRECT SHIFT,2022,2023.0,97240.0,Automática,Sedã,127790.0,100.0,São Paulo (SP)
69309389,TOYOTA,COROLLA,2.0 VVT-IE FLEX XEI DIRECT SHIFT,2022,2023.0,97240.0,Automática,Sedã,127790.0,100.0,São Paulo (SP)
69355047,TOYOTA,COROLLA,2.0 VVT-IE FLEX XEI DIRECT SHIFT,2024,2024.0,91000.0,Automática,Sedã,136500.0,96.0,São Paulo (SP)
67429855,TOYOTA,COROLLA,2.0 VVT-IE FLEX XEI DIRECT SHIFT,2019,2020.0,106000.0,CVT,Sedã,139000.0,119.0,São Paulo (SP)
69253516,TOYOTA,COROLLA,2.0 VVT-IE FLEX XEI DIRECT SHIFT,2023,2024.0,79000.0,CVT,Sedã,138900.0,97.0,São Paulo (SP)
69503990,TOYOTA,COROLLA,1.8 GLI 16V FLEX 4P AUTOMÁTICO,2016,2016.0,116468.0,Automática,Sedã,87990.0,112.0,São Paulo (SP)
69553636,TOYOTA,COROLLA,2.0 ALTIS 16V FLEX 4P AUTOMÁTICO,2013,2014.0,175000.0,Automática,Sedã,78900.0,110.0,São Paulo (SP)
69240027,TOYOTA,COROLLA,2.0 VVT-IE FLEX XEI DIRECT SHIFT,2023,2024.0,54000.0,CVT,Sedã,189000.0,132.0,São Paulo (SP)
66467809,TOYOTA,COROLLA,1.8 VVT-I HYBRID FLEX ALTIS CVT,2022,2023.0,69613.0,CVT,Sedã,149900.0,105.0,São Paulo (SP)
67678706,TOYOTA,COROLLA,2.0 XEI 16V FLEX 4P AUTOMÁTICO,2016,2017.0,124000.0,Automática,Sedã,97900.0,111.0,São Paulo (SP)
64933761,TOYOTA,COROLLA,1.8 GLI 16V FLEX 4P AUTOMÁTICO,2013,2014.0,153505.0,Automática,Sedã,67800.0,104.0,São Paulo (SP)
68867144,TOYOTA,COROLLA,2.0 VVT-IE FLEX GLI DIRECT SHIFT,2023,2024.0,33359.0,Automática,Sedã,124880.0,99.0,São Paulo (SP)
69569804,TOYOTA,COROLLA,2.0 VVT-IE FLEX XEI DIRECT SHIFT,2022,2023.0,22365.0,Automática,Sedã,141290.0,111.0,São Paulo (SP)
69568363,TOYOTA,COROLLA,2.0 VVT-IE FLEX XEI DIRECT SHIFT,2022,2023.0,96841.0,Automática,Sedã,130990.0,103.0,São Paulo (SP)
69569015,TOYOTA,COROLLA,1.8 VVT-I HYBRID FLEX ALTIS CVT,2021,2022.0,91607.0,Automática,Sedã,156690.0,118.0,São Paulo (SP)
69567337,TOYOTA,COROLLA,2.0 VVT-IE FLEX XEI DIRECT SHIFT,2025,2025.0,6163.0,Automática,Sedã,165390.0,104.0,São Paulo (SP)
69578397,TOYOTA,COROLLA,2.0 VVT-IE FLEX XEI DIRECT SHIFT,2023,2023.0,97188.0,Automática,Sedã,130990.0,103.0,São Paulo (SP)
69569326,TOYOTA,COROLLA,2.0 VVT-IE FLEX XEI DIRECT SHIFT,2022,2023.0,54397.0,Automática,Sedã,133090.0,104.0,São Paulo (SP)
69578399,TOYOTA,COROLLA,2.0 VVT-IE FLEX XEI DIRECT SHIFT,2023,2023.0,97188.0,Automática,Sedã,130990.0,103.0,São Paulo (SP)
69569270,TOYOTA,COROLLA,2.0 VVT-IE FLEX XEI DIRECT SHIFT,2023,2023.0,27065.0,Automática,Sedã,143790.0,113.0,São Paulo (SP)
69569436,TOYOTA,COROLLA,2.0 VVT-IE FLEX XEI DIRECT SHIFT,2022,2023.0,97291.0,Automática,Sedã,130990.0,103.0,São Paulo (SP)
69569261,TOYOTA,COROLLA,2.0 VVT-IE FLEX XEI DIRECT SHIFT,2023,2023.0,27065.0,Automática,Sedã,143790.0,113.0,São Paulo (SP)
69569275,TOYOTA,COROLLA,2.0 VVT-IE FLEX XEI DIRECT SHIFT,2023,2023.0,27065.0,Automática,Sedã,143790.0,113.0,São Paulo (SP)
69569325,TOYOTA,COROLLA,2.0 VVT-IE FLEX XEI DIRECT SHIFT,2022,2023.0,54397.0,Automática,Sedã,133090.0,104.0,São Paulo (SP)
69569814,TOYOTA,COROLLA,2.0 VVT-IE FLEX XEI DIRECT SHIFT,2023,2023.0,61886.0,Automática,Sedã,133990.0,105.0,São Paulo (SP)
69569267,TOYOTA,COROLLA,2.0 VVT-IE FLEX XEI DIRECT SHIFT,2022,2023.0,88524.0,Automática,Sedã,132390.0,104.0,São Paulo (SP)
66905291,TOYOTA,COROLLA,2.0 ALTIS 16V FLEX 4P AUTOMÁTICO,2016,2017.0,109900.0,Automática,Sedã,89990.0,100.0,São Paulo (SP)
69569429,TOYOTA,COROLLA,2.0 VVT-IE FLEX XEI DIRECT SHIFT,2022,2023.0,97291.0,Automática,Sedã,130990.0,103.0,São Paulo (SP)
69569343,TOYOTA,COROLLA,2.0 VVT-IE FLEX XEI DIRECT SHIFT,2022,2023.0,54397.0,Automática,Sedã,133090.0,104.0,São Paulo (SP)
69569252,TOYOTA,COROLLA,2.0 VVT-IE FLEX XEI DIRECT SHIFT,2022,2023.0,88524.0,Automática,Sedã,132390.0,104.0,São Paulo (SP)
69569521,TOYOTA,COROLLA,2.0 VVT-IE FLEX XEI DIRECT SHIFT,2023,2023.0,77071.0,Automática,Sedã,133090.0,104.0,São Paulo (SP)
69589689,TOYOTA,COROLLA,2.0 VVT-IE FLEX XEI DIRECT SHIFT,2024,2024.0,99850.0,Automática,Sedã,134990.0,95.0,São Paulo (SP)
69569541,TOYOTA,COROLLA,2.0 VVT-IE FLEX XEI DIRECT SHIFT,2023,2023.0,77071.0,Automática,Sedã,133090.0,104.0,São Paulo (SP)
69568359,TOYOTA,COROLLA,2.0 VVT-IE FLEX XEI DIRECT SHIFT,2022,2023.0,96841.0,Automática,Sedã,130990.0,103.0,São Paulo (SP)
69578405,TOYOTA,COROLLA,2.0 VVT-IE FLEX XEI DIRECT SHIFT,2023,2023.0,97188.0,Automática,Sedã,130990.0,103.0,São Paulo (SP)
69570401,TOYOTA,COROLLA,2.0 VVT-IE FLEX XEI DIRECT SHIFT,2023,2023.0,46510.0,Automática,Sedã,136090.0,107.0,São Paulo (SP)
69578400,TOYOTA,COROLLA,2.0 VVT-IE FLEX XEI DIRECT SHIFT,2023,2023.0,97188.0,Automática,Sedã,130990.0,103.0,São Paulo (SP)
69569528,TOYOTA,COROLLA,2.0 VVT-IE FLEX XEI DIRECT SHIFT,2023,2023.0,77071.0,Automática,Sedã,133090.0,104.0,São Paulo (SP)
69569257,TOYOTA,COROLLA,2.0 VVT-IE FLEX XEI DIRECT SHIFT,2022,2023.0,88524.0,Automática,Sedã,132390.0,104.0,São Paulo (SP)
69567342,TOYOTA,COROLLA,2.0 VVT-IE FLEX XEI DIRECT SHIFT,2025,2025.0,6163.0,Automática,Sedã,165390.0,104.0,São Paulo (SP)
69569439,TOYOTA,COROLLA,2.0 VVT-IE FLEX XEI DIRECT SHIFT,2022,2023.0,97291.0,Automática,Sedã,130990.0,103.0,São Paulo (SP)
69569424,TOYOTA,COROLLA,2.0 VVT-IE FLEX XEI DIRECT SHIFT,2022,2023.0,97291.0,Automática,Sedã,130990.0,103.0,São Paulo (SP)
68911910,TOYOTA,COROLLA,1.8 VVT-I HYBRID FLEX ALTIS PREMIUM CVT,2025,2025.0,9800.0,Automática,Sedã,189990.0,106.0,São Paulo (SP)
67779621,TOYOTA,COROLLA,2.0 VVT-IE FLEX XEI DIRECT SHIFT,2024,2024.0,25000.0,Automática,Sedã,155900.0,109.0,São Paulo (SP)
68637858,TOYOTA,COROLLA,2.0 VVT-IE FLEX GLI DIRECT SHIFT,2023,2023.0,21000.0,Automática,Sedã,129900.0,110.0,São Paulo (SP)
68649884,TOYOTA,COROLLA,1.8 VVT-I HYBRID FLEX ALTIS PREMIUM CVT,2025,2025.0,15000.0,Automática,Sedã,189900.0,106.0,São Paulo (SP)
69126417,TOYOTA,COROLLA,2.0 XEI 16V FLEX 4P AUTOMÁTICO,2013,2014.0,107000.0,Automática,Sedã,83900.0,120.0,São Paulo (SP)
67779930,TOYOTA,COROLLA,1.8 GLI UPPER 16V FLEX 4P AUTOMÁTICO,2018,2018.0,108000.0,Automática,Sedã,103900.0,121.0,São Paulo (SP)
68898200,TOYOTA,COROLLA,2.0 VVT-IE FLEX GLI DIRECT SHIFT,2020,2021.0,78000.0,Automática,Sedã,109800.0,99.0,São Paulo (SP)
67779940,TOYOTA,COROLLA,2.0 VVT-IE FLEX XEI DIRECT SHIFT,2025,2025.0,9213.0,CVT,Sedã,160990.0,101.0,São Paulo (SP)
68897731,TOYOTA,COROLLA,2.0 XEI 16V FLEX 4P AUTOMÁTICO,2016,2017.0,112000.0,Automática,Sedã,89890.0,102.0,São Paulo (SP)
67745899,TOYOTA,COROLLA,2.0 VVT-IE FLEX XEI DIRECT SHIFT,2024,2024.0,45000.0,CVT,Sedã,143890.0,101.0,São Paulo (SP)
68979941,TOYOTA,COROLLA,2.0 XEI 16V FLEX 4P AUTOMÁTICO,2014,2015.0,129320.0,Automática,Sedã,82900.0,101.0,São Paulo (SP)
65342299,TOYOTA,COROLLA,2.0 VVT-IE FLEX XEI DIRECT SHIFT,2023,2023.0,28600.0,CVT,Sedã,129800.0,102.0,São Paulo (SP)
67729141,TOYOTA,COROLLA,2.0 VVT-IE FLEX XEI DIRECT SHIFT,2019,2020.0,56000.0,Automática,Sedã,121990.0,105.0,São Paulo (SP)
67312823,TOYOTA,COROLLA,2.0 VVT-IE FLEX GLI DIRECT SHIFT,2024,2024.0,19084.0,Automática,Sedã,166900.0,133.0,São Paulo (SP)
68182888,TOYOTA,COROLLA,2.0 VVT-IE FLEX GLI DIRECT SHIFT,2019,2020.0,71620.0,CVT,Sedã,108700.0,101.0,São Paulo (SP)
68360394,TOYOTA,COROLLA,2.0 VVT-IE FLEX XEI DIRECT SHIFT,2019,2020.0,53000.0,Automática,Sedã,119990.0,103.0,São Paulo (SP)
68764616,TOYOTA,COROLLA,2.0 VVT-IE FLEX XEI DIRECT SHIFT,2022,2023.0,35611.0,CVT,Sedã,129899.0,102.0,São Paulo (SP)
66349526,TOYOTA,COROLLA,2.0 VVT-IE FLEX ALTIS DIRECT SHIFT,2020,2021.0,87733.0,CVT,Sedã,129900.0,100.0,São Paulo (SP)
68112481,TOYOTA,COROLLA,2.0 VVT-IE FLEX XEI DIRECT SHIFT,2021,2022.0,52481.0,CVT,Sedã,125000.0,102.0,São Paulo (SP)
66840980,TOYOTA,COROLLA,2.0 VVT-IE FLEX XEI DIRECT SHIFT,2019,2020.0,72000.0,CVT,Sedã,120990.0,104.0,São Paulo (SP)
68231856,TOYOTA,COROLLA,2.0 XEI 16V FLEX 4P AUTOMÁTICO,2019,2019.0,81216.0,Automática,Sedã,104990.0,102.0,São Paulo (SP)
67821210,TOYOTA,COROLLA,2.0 VVT-IE FLEX ALTIS PREMIUM DIRECT SHIFT,2025,2025.0,26500.0,CVT,Sedã,177990.0,101.0,São Paulo (SP)
67903417,TOYOTA,COROLLA,2.0 XEI 16V FLEX 4P AUTOMÁTICO,2018,2019.0,82827.0,Automática,Sedã,107890.0,105.0,São Paulo (SP)
67360516,TOYOTA,COROLLA,2.0 ALTIS 16V FLEX 4P AUTOMÁTICO,2012,2013.0,192000.0,Automática,Sedã,75900.0,112.0,São Paulo (SP)
67814569,TOYOTA,COROLLA,2.0 VVT-IE FLEX XEI DIRECT SHIFT,2023,2024.0,68927.0,Automática,Sedã,139990.0,98.0,São Paulo (SP)
68906901,TOYOTA,COROLLA,1.8 VVT-I HYBRID FLEX ALTIS PREMIUM CVT,2024,2024.0,5800.0,Automática,Sedã,174990.0,106.0,São Paulo (SP)
67782292,TOYOTA,COROLLA,2.0 VVT-IE FLEX ALTIS DIRECT SHIFT,2024,2024.0,40000.0,Automática,Sedã,163990.0,100.0,São Paulo (SP)
67532078,TOYOTA,COROLLA,2.0 VVT-IE FLEX ALTIS DIRECT SHIFT,2022,2023.0,62331.0,Automática,Sedã,142800.0,100.0,São Paulo (SP)
69501985,TOYOTA,COROLLA,2.0 VVT-IE FLEX XEI DIRECT SHIFT,2025,2025.0,9000.0,CVT,Sedã,161890.0,102.0,São Paulo (SP)
67749221,TOYOTA,COROLLA,2.0 VVT-IE FLEX XEI DIRECT SHIFT,2021,2022.0,35821.0,Automática,Sedã,129790.0,106.0,São Paulo (SP)
68353443,TOYOTA,COROLLA,1.8 VVT-I HYBRID FLEX ALTIS CVT,2022,2023.0,40064.0,CVT,Sedã,148990.0,105.0,São Paulo (SP)
66882388,TOYOTA,COROLLA,1.8 VVT-I HYBRID FLEX ALTIS PREMIUM CVT,2019,2020.0,93050.0,CVT,Sedã,139700.0,111.0,São Paulo (SP)
68741098,TOYOTA,COROLLA,2.0 XEI 16V FLEX 4P AUTOMÁTICO,2015,2016.0,112204.0,Automática,Sedã,93990.0,111.0,São Paulo (SP)
67700039,TOYOTA,COROLLA,2.0 VVT-IE FLEX XEI DIRECT SHIFT,2024,2024.0,63882.0,Automática,Sedã,137300.0,96.0,São Paulo (SP)
69266014,TOYOTA,COROLLA,2.0 XEI 16V FLEX 4P AUTOMÁTICO,2012,2013.0,95260.0,Automática,Sedã,73900.0,111.0,São Paulo (SP)
67937770,TOYOTA,COROLLA,2.0 XEI 16V FLEX 4P AUTOMÁTICO,2018,2018.0,145000.0,Automática,Sedã,101990.0,102.0,São Paulo (SP)
68481863,TOYOTA,COROLLA,1.8 GLI 16V FLEX 4P AUTOMÁTICO,2017,2018.0,119000.0,Automática,Sedã,85900.0,101.0,São Paulo (SP)
67749135,TOYOTA,COROLLA,2.0 VVT-IE FLEX XEI DIRECT SHIFT,2020,2021.0,65504.0,Automática,Sedã,125790.0,105.0,São Paulo (SP)
69454245,TOYOTA,COROLLA,2.0 VVT-IE FLEX XEI DIRECT SHIFT,2024,2024.0,18263.0,Automática,Sedã,149990.0,105.0,São Paulo (SP)
68598538,TOYOTA,COROLLA,2.0 VVT-IE FLEX GLI DIRECT SHIFT,2023,2024.0,49947.0,Automática,Sedã,121900.0,97.0,São Paulo (SP)
69382659,TOYOTA,COROLLA,2.0 XEI 16V FLEX 4P AUTOMÁTICO,2014,2015.0,89650.0,Automática,Sedã,94790.0,116.0,São Paulo (SP)
67117299,TOYOTA,COROLLA,2.0 VVT-IE FLEX GR-S DIRECT SHIFT,2025,2025.0,30154.0,Automática,Sedã,176900.0,101.0,São Paulo (SP)
68490399,TOYOTA,COROLLA,1.8 GLI 16V FLEX 4P AUTOMÁTICO,2016,2017.0,139703.0,Automática,Sedã,83990.0,103.0,São Paulo (SP)
67101278,TOYOTA,COROLLA,1.8 VVT-I HYBRID FLEX ALTIS PREMIUM CVT,2020,2021.0,87000.0,CVT,Sedã,168890.0,130.0,São Paulo (SP)
69111143,TOYOTA,COROLLA,2.0 VVT-IE FLEX GR-S DIRECT SHIFT,2024,2024.0,46000.0,Automática,Sedã,159980.0,100.0,São Paulo (SP)
67749242,TOYOTA,COROLLA,2.0 VVT-IE FLEX GLI DIRECT SHIFT,2025,2025.0,18227.0,Automática,Sedã,154790.0,107.0,São Paulo (SP)
68641371,TOYOTA,COROLLA,2.0 VVT-IE FLEX XEI DIRECT SHIFT,2021,2022.0,122000.0,CVT,Sedã,123900.0,101.0,São Paulo (SP)
67387778,TOYOTA,COROLLA,2.0 VVT-IE FLEX GLI DIRECT SHIFT,2024,2024.0,42792.0,Automática,Sedã,130500.0,104.0,São Paulo (SP)
67783899,TOYOTA,COROLLA,1.8 VVT-I HYBRID FLEX ALTIS PREMIUM CVT,2026,2026.0,0.0,CVT,Sedã,209010.0,111.0,São Paulo (SP)
69384625,TOYOTA,COROLLA,2.0 VVT-IE FLEX XEI DIRECT SHIFT,2022,2023.0,29800.0,Automática,Sedã,136990.0,107.0,São Paulo (SP)
68848541,TOYOTA,COROLLA,2.0 VVT-IE FLEX XEI DIRECT SHIFT,2024,2024.0,24545.0,CVT,Sedã,143990.0,101.0,São Paulo (SP)
67749130,TOYOTA,COROLLA,2.0 VVT-IE FLEX XEI DIRECT SHIFT,2020,2021.0,81000.0,Automática,Sedã,121790.0,102.0,São Paulo (SP)
69517476,TOYOTA,COROLLA,2.0 VVT-IE FLEX XEI DIRECT SHIFT,2023,2023.0,84145.0,Automática,Sedã,116590.0,91.0,São Paulo (SP)
67913069,TOYOTA,COROLLA,2.0 VVT-IE FLEX XEI DIRECT SHIFT,2022,2023.0,49000.0,CVT,Sedã,169890.0,133.0,São Paulo (SP)
67578386,TOYOTA,COROLLA,2.0 VVT-IE FLEX GLI DIRECT SHIFT,2025,2025.0,3000.0,CVT,Sedã,245000.0,170.0,São Paulo (SP)
68471435,TOYOTA,COROLLA,2.0 VVT-IE FLEX XEI DIRECT SHIFT,2021,2022.0,33640.0,CVT,Sedã,128990.0,105.0,São Paulo (SP)
68904111,TOYOTA,COROLLA,2.0 XEI 16V FLEX 4P AUTOMÁTICO,2019,2019.0,129485.0,Automática,Sedã,111790.0,109.0,São Paulo (SP)
67676566,TOYOTA,COROLLA,2.0 VVT-IE FLEX XEI DIRECT SHIFT,2023,2024.0,45174.0,Automática,Sedã,185900.0,130.0,São Paulo (SP)
69488440,TOYOTA,COROLLA,2.0 VVT-IE FLEX GR-S DIRECT SHIFT,2022,2023.0,57000.0,Automática,Sedã,137990.0,100.0,São Paulo (SP)
68848572,TOYOTA,COROLLA,1.8 GLI 16V FLEX 4P AUTOMÁTICO,2017,2018.0,93027.0,CVT,Sedã,90990.0,107.0,São Paulo (SP)
69389729,TOYOTA,COROLLA,2.0 XEI 16V FLEX 4P AUTOMÁTICO,2018,2018.0,97000.0,Automática,Sedã,110990.0,111.0,São Paulo (SP)
67495102,TOYOTA,COROLLA,2.0 VVT-IE FLEX XEI DIRECT SHIFT,2023,2023.0,97333.0,CVT,Sedã,129990.0,102.0,São Paulo (SP)
69350016,TOYOTA,COROLLA,2.0 VVT-IE FLEX GLI DIRECT SHIFT,2024,2024.0,38902.0,Automática,Sedã,127300.0,101.0,São Paulo (SP)
68771277,TOYOTA,COROLLA,2.0 VVT-IE FLEX XEI DIRECT SHIFT,2023,2023.0,89345.0,Automática,Sedã,125500.0,98.0,São Paulo (SP)
69454655,TOYOTA,COROLLA,2.0 VVT-IE FLEX XEI DIRECT SHIFT,2023,2024.0,79000.0,CVT,Sedã,143700.0,101.0,São Paulo (SP)
68490646,TOYOTA,COROLLA,2.0 VVT-IE FLEX ALTIS DIRECT SHIFT,2023,2023.0,76660.0,Automática,Sedã,155990.0,109.0,São Paulo (SP)
69334631,TOYOTA,COROLLA,2.0 VVT-IE FLEX XEI DIRECT SHIFT,2026,2026.0,0.0,Automática,Sedã,177010.0,108.0,São Paulo (SP)
69550416,TOYOTA,COROLLA,2.0 XEI 16V FLEX 4P AUTOMÁTICO,2011,2012.0,169320.0,Automática,Sedã,64700.0,102.0,São Paulo (SP)
66935398,TOYOTA,COROLLA,2.0 VVT-IE FLEX XEI DIRECT SHIFT,2024,2024.0,54179.0,Automática,Sedã,149300.0,105.0,São Paulo (SP)
69560233,TOYOTA,COROLLA,1.8 VVT-I HYBRID FLEX ALTIS PREMIUM CVT,2023,2024.0,25268.0,Automática,Sedã,168900.0,102.0,São Paulo (SP)
69554880,TOYOTA,COROLLA,2.0 XEI 16V FLEX 4P AUTOMÁTICO,2016,2017.0,87925.0,Automática,Sedã,94900.0,108.0,São Paulo (SP)
68911696,TOYOTA,COROLLA,2.0 VVT-IE FLEX XEI DIRECT SHIFT,2023,2024.0,46000.0,Automática,Sedã,143990.0,101.0,São Paulo (SP)
68911670,TOYOTA,COROLLA,2.0 VVT-IE FLEX XEI DIRECT SHIFT,2023,2024.0,46000.0,Automática,Sedã,143990.0,101.0,São Paulo (SP)
69557501,TOYOTA,COROLLA,2.0 VVT-IE FLEX XEI DIRECT SHIFT,2024,2024.0,53181.0,Automática,Sedã,142200.0,100.0,São Paulo (SP)
69495145,TOYOTA,COROLLA,2.0 VVT-IE FLEX XEI DIRECT SHIFT,2024,2024.0,54848.0,Automática,Sedã,142200.0,100.0,São Paulo (SP)
68353656,TOYOTA,COROLLA,2.0 VVT-IE FLEX XEI DIRECT SHIFT,2021,2022.0,57711.0,CVT,Sedã,127990.0,104.0,São Paulo (SP)
69562350,TOYOTA,COROLLA,2.0 VVT-IE FLEX XEI DIRECT SHIFT,2023,2024.0,57935.0,CVT,Sedã,141000.0,99.0,São Paulo (SP)
69485881,TOYOTA,COROLLA,2.0 VVT-IE FLEX XEI DIRECT SHIFT,2025,2025.0,11063.0,CVT,Sedã,164990.0,103.0,São Paulo (SP)
68911603,TOYOTA,COROLLA,2.0 VVT-IE FLEX XEI DIRECT SHIFT,2023,2024.0,46000.0,Automática,Sedã,143990.0,101.0,São Paulo (SP)
69304300,TOYOTA,COROLLA,2.0 VVT-IE FLEX XEI DIRECT SHIFT,2024,2024.0,37820.0,Automática,Sedã,145800.0,102.0,São Paulo (SP)
69252807,TOYOTA,COROLLA,2.0 VVT-IE FLEX XEI DIRECT SHIFT,2021,2022.0,98322.0,Automática,Sedã,124990.0,102.0,São Paulo (SP)
66374880,TOYOTA,COROLLA,1.8 GLI 16V FLEX 4P AUTOMÁTICO,2013,2014.0,216000.0,Automática,Sedã,63900.0,98.0,São Paulo (SP)
65195232,TOYOTA,COROLLA,2.0 VVT-IE FLEX ALTIS DIRECT SHIFT,2019,2020.0,77000.0,Automática,Sedã,146990.0,118.0,São Paulo (SP)
66736562,TOYOTA,COROLLA,2.0 VVT-IE FLEX XEI DIRECT SHIFT,2025,2025.0,2000.0,Automática,Sedã,169900.0,107.0,São Paulo (SP)
65580439,TOYOTA,COROLLA,2.0 VVT-IE FLEX XEI DIRECT SHIFT,2024,2024.0,18000.0,CVT,Sedã,189880.0,133.0,São Paulo (SP)
67645653,TOYOTA,COROLLA,1.8 VVT-I HYBRID FLEX ALTIS PREMIUM CVT,2025,2026.0,2000.0,CVT,Sedã,187990.0,100.0,São Paulo (SP)
57548730,TOYOTA,COROLLA,1.8 VVT-I HYBRID FLEX ALTIS PREMIUM CVT,2019,2020.0,97000.0,CVT,Sedã,145880.0,116.0,São Paulo (SP)
69262051,TOYOTA,COROLLA,2.0 XEI 16V FLEX 4P AUTOMÁTICO,2012,2013.0,130000.0,Automática,Sedã,62700.0,94.0,São Paulo (SP)
67847387,TOYOTA,COROLLA,1.8 SE-G 16V FLEX 4P AUTOMÁTICO,2009,2010.0,110000.0,Automática,Sedã,59900.0,105.0,São Paulo (SP)
68650518,TOYOTA,COROLLA,2.0 XEI 16V FLEX 4P AUTOMÁTICO,2011,2011.0,145000.0,Automática,Sedã,56800.0,97.0,São Paulo (SP)
62744458,TOYOTA,COROLLA,2.0 XEI 16V FLEX 4P AUTOMÁTICO,2018,2019.0,89000.0,CVT,Sedã,101790.0,99.0,São Paulo (SP)
67682038,TOYOTA,COROLLA,2.0 VVT-IE FLEX ALTIS DIRECT SHIFT,2023,2023.0,81769.0,CVT,Sedã,137990.0,96.0,São Paulo (SP)
65747835,TOYOTA,COROLLA,2.0 VVT-IE FLEX GLI DIRECT SHIFT,2021,2022.0,36000.0,CVT,Sedã,119900.0,105.0,São Paulo (SP)
69273523,TOYOTA,COROLLA,2.0 VVT-IE FLEX GR-S DIRECT SHIFT,2021,2022.0,104237.0,Automática,Sedã,119990.0,94.0,São Paulo (SP)
67653913,TOYOTA,COROLLA,2.0 XEI 16V FLEX 4P AUTOMÁTICO,2016,2016.0,98000.0,Automática,Sedã,86790.0,103.0,São Paulo (SP)
69266060,TOYOTA,COROLLA,2.0 VVT-IE FLEX ALTIS DIRECT SHIFT,2021,2022.0,55738.0,Automática,Sedã,124990.0,92.0,São Paulo (SP)
66498801,TOYOTA,COROLLA,2.0 VVT-IE FLEX XEI DIRECT SHIFT,2020,2021.0,55000.0,Automática,Sedã,119900.0,100.0,São Paulo (SP)
67086731,TOYOTA,COROLLA,2.0 VVT-IE FLEX XEI DIRECT SHIFT,2020,2020.0,60529.0,Automática,Sedã,118980.0,102.0,São Paulo (SP)
67638689,TOYOTA,COROLLA,2.0 VVT-IE FLEX GR-S DIRECT SHIFT,2023,2023.0,41000.0,Automática,Sedã,144890.0,105.0,São Paulo (SP)
68613051,TOYOTA,COROLLA,2.0 XEI 16V FLEX 4P AUTOMÁTICO,2016,2017.0,129499.0,Automática,Sedã,86900.0,99.0,São Paulo (SP)
66277256,TOYOTA,COROLLA,2.0 VVT-IE FLEX XEI DIRECT SHIFT,2022,2023.0,34000.0,CVT,Sedã,134900.0,106.0,São Paulo (SP)
66955452,TOYOTA,COROLLA,1.8 GLI 16V FLEX 4P AUTOMÁTICO,2014,2015.0,108658.0,Automática,Sedã,79990.0,106.0,São Paulo (SP)
66462533,TOYOTA,COROLLA,1.8 GLI UPPER 16V FLEX 4P AUTOMÁTICO,2015,2016.0,147000.0,Automática,Sedã,82900.0,106.0,São Paulo (SP)
65374771,TOYOTA,COROLLA,2.0 VVT-IE FLEX XEI DIRECT SHIFT,2023,2024.0,29000.0,CVT,Sedã,189900.0,133.0,São Paulo (SP)
67815556,TOYOTA,COROLLA,1.8 VVT-I HYBRID FLEX ALTIS PREMIUM CVT,2026,2026.0,0.0,CVT,Sedã,196800.0,104.0,São Paulo (SP)
65398487,TOYOTA,COROLLA,2.0 VVT-IE FLEX ALTIS PREMIUM DIRECT SHIFT,2025,2025.0,1558.0,CVT,Sedã,265000.0,150.0,São Paulo (SP)
65912513,TOYOTA,COROLLA,1.8 GLI UPPER 16V FLEX 4P AUTOMÁTICO,2019,2019.0,107346.0,Automática,Sedã,98790.0,112.0,São Paulo (SP)
65777474,TOYOTA,COROLLA,1.8 VVT-I HYBRID FLEX ALTIS PREMIUM CVT,2025,2026.0,0.0,CVT,Sedã,296990.0,158.0,São Paulo (SP)
65308697,TOYOTA,COROLLA,1.8 VVT-I HYBRID FLEX ALTIS PREMIUM CVT,2025,2026.0,0.0,CVT,Sedã,201990.0,107.0,São Paulo (SP)
69512800,TOYOTA,COROLLA,2.0 VVT-IE FLEX XEI DIRECT SHIFT,2022,2023.0,77389.0,Automática,Sedã,116890.0,92.0,São Paulo (SP)
66977629,TOYOTA,COROLLA,1.8 GLI 16V FLEX 4P AUTOMÁTICO,2011,2011.0,999999.0,Automática,Sedã,60900.0,110.0,São Paulo (SP)
60587184,TOYOTA,COROLLA,2.0 VVT-IE FLEX GLI DIRECT SHIFT,2022,2023.0,87300.0,CVT,Sedã,118700.0,100.0,São Paulo (SP)
69454980,TOYOTA,COROLLA,1.8 VVT-I HYBRID FLEX ALTIS PREMIUM CVT,2021,2022.0,63504.0,CVT,Sedã,155900.0,116.0,São Paulo (SP)
69085186,TOYOTA,COROLLA,2.0 VVT-IE FLEX XEI DIRECT SHIFT,2022,2023.0,54000.0,Automática,Sedã,155900.0,122.0,São Paulo (SP)
68765304,TOYOTA,COROLLA,2.0 XEI 16V FLEX 4P AUTOMÁTICO,2011,2012.0,119000.0,Automática,Sedã,67899.0,107.0,São Paulo (SP)
65918677,TOYOTA,COROLLA,2.0 VVT-IE FLEX GLI DIRECT SHIFT,2019,2020.0,70000.0,Automática,Sedã,119990.0,111.0,São Paulo (SP)
66450084,TOYOTA,COROLLA,1.8 VVT-I HYBRID FLEX ALTIS PREMIUM CVT,2026,2026.0,0.0,Automática,Sedã,209010.0,111.0,São Paulo (SP)
67389304,TOYOTA,COROLLA,2.0 VVT-IE FLEX XEI DIRECT SHIFT,2023,2024.0,48948.0,Automática,Sedã,144890.0,102.0,São Paulo (SP)
66630903,TOYOTA,COROLLA,1.8 VVT-I HYBRID FLEX ALTIS PREMIUM CVT,2026,2026.0,0.0,CVT,Sedã,209010.0,111.0,São Paulo (SP)
67930676,TOYOTA,COROLLA,2.0 XEI 16V FLEX 4P AUTOMÁTICO,2018,2019.0,160347.0,Automática,Sedã,102890.0,100.0,São Paulo (SP)
68480222,TOYOTA,COROLLA,2.0 XEI 16V FLEX 4P AUTOMÁTICO,2018,2019.0,85406.0,Automática,Sedã,105900.0,103.0,São Paulo (SP)
68479047,TOYOTA,COROLLA,2.0 XEI 16V FLEX 4P AUTOMÁTICO,2013,2014.0,161471.0,Automática,Sedã,76900.0,110.0,São Paulo (SP)
69209840,TOYOTA,COROLLA,2.0 XEI 16V FLEX 4P AUTOMÁTICO,2013,2014.0,119102.0,Automática,Sedã,65800.0,94.0,São Paulo (SP)
67696058,TOYOTA,COROLLA,2.0 VVT-IE FLEX XEI DIRECT SHIFT,2023,2024.0,22340.0,CVT,Sedã,149900.0,105.0,São Paulo (SP)
69100874,TOYOTA,COROLLA,1.8 VVT-I HYBRID FLEX ALTIS PREMIUM CVT,2023,2024.0,31000.0,Automática,Sedã,219900.0,133.0,São Paulo (SP)
67683322,TOYOTA,COROLLA,2.0 VVT-IE FLEX GLI DIRECT SHIFT,2022,2023.0,65000.0,Automática,Sedã,119980.0,101.0,São Paulo (SP)
67203388,TOYOTA,COROLLA,2.0 VVT-IE FLEX GR-S DIRECT SHIFT,2022,2023.0,30500.0,Manual,Sedã,144990.0,105.0,São Paulo (SP)
68492636,TOYOTA,COROLLA,2.0 XEI 16V FLEX 4P AUTOMÁTICO,2013,2014.0,119480.0,Automática,Sedã,69800.0,100.0,São Paulo (SP)
68735573,TOYOTA,COROLLA,2.0 XEI 16V FLEX 4P AUTOMÁTICO,2011,2011.0,121483.0,Automática,Sedã,69000.0,118.0,São Paulo (SP)
68386650,TOYOTA,COROLLA,2.0 XEI 16V FLEX 4P AUTOMÁTICO,2011,2012.0,160303.0,Automática,Sedã,56800.0,89.0,São Paulo (SP)
67148518,TOYOTA,COROLLA,1.8 XEI 16V FLEX 4P AUTOMÁTICO,2009,2009.0,175600.0,Automática,Sedã,52200.0,97.0,São Paulo (SP)
69202879,TOYOTA,COROLLA,1.8 VVT-I HYBRID FLEX ALTIS CVT,2024,2024.0,26000.0,CVT,Sedã,169900.0,105.0,São Paulo (SP)
67844146,TOYOTA,COROLLA,2.0 XEI 16V FLEX 4P AUTOMÁTICO,2018,2018.0,80567.0,Automática,Sedã,108790.0,109.0,São Paulo (SP)
67889943,TOYOTA,COROLLA,2.0 VVT-IE FLEX XEI DIRECT SHIFT,2020,2021.0,60000.0,Automática,Sedã,118990.0,99.0,São Paulo (SP)
68530889,TOYOTA,COROLLA,2.0 VVT-IE FLEX XEI DIRECT SHIFT,2023,2023.0,93000.0,Automática,Sedã,119990.0,94.0,São Paulo (SP)
68610248,TOYOTA,COROLLA,2.0 VVT-IE FLEX XEI DIRECT SHIFT,2020,2021.0,116057.0,CVT,Sedã,111890.0,93.0,São Paulo (SP)
66094343,TOYOTA,COROLLA,2.0 VVT-IE FLEX GR-S DIRECT SHIFT,2022,2023.0,116300.0,CVT,Sedã,134980.0,97.0,São Paulo (SP)
67980782,TOYOTA,COROLLA,2.0 XEI 16V FLEX 4P AUTOMÁTICO,2016,2017.0,146400.0,Automática,Sedã,86980.0,99.0,São Paulo (SP)
68242392,TOYOTA,COROLLA,2.0 XEI 16V FLEX 4P AUTOMÁTICO,2013,2014.0,114499.0,Automática,Sedã,84900.0,121.0,São Paulo (SP)
68510626,TOYOTA,COROLLA,2.0 VVT-IE FLEX XEI DIRECT SHIFT,2020,2020.0,100000.0,Automática,Sedã,112900.0,97.0,São Paulo (SP)
67929128,TOYOTA,COROLLA,2.0 VVT-IE FLEX XEI DIRECT SHIFT,2024,2024.0,15845.0,CVT,Sedã,195900.0,137.0,São Paulo (SP)
68531044,TOYOTA,COROLLA,2.0 ALTIS 16V FLEX 4P AUTOMÁTICO,2014,2015.0,40000.0,Automática,Sedã,103000.0,124.0,São Paulo (SP)
68749371,TOYOTA,COROLLA,2.0 VVT-IE FLEX XEI DIRECT SHIFT,2024,2024.0,16000.0,CVT,Sedã,149900.0,105.0,São Paulo (SP)
66802961,TOYOTA,COROLLA,2.0 VVT-IE FLEX GR-S DIRECT SHIFT,2023,2023.0,69000.0,CVT,Sedã,141900.0,102.0,São Paulo (SP)
68372266,TOYOTA,COROLLA,2.0 VVT-IE FLEX XEI DIRECT SHIFT,2019,2020.0,110000.0,Automática,Sedã,114900.0,99.0,São Paulo (SP)
68732832,TOYOTA,COROLLA,1.8 GLI 16V FLEX 4P AUTOMÁTICO,2016,2017.0,155000.0,Automática,Sedã,81000.0,100.0,São Paulo (SP)
68183932,TOYOTA,COROLLA,1.8 VVT-I HYBRID FLEX ALTIS PREMIUM CVT,2026,2026.0,7300.0,Automática,Sedã,193990.0,103.0,São Paulo (SP)
67894713,TOYOTA,COROLLA,2.0 VVT-IE FLEX XEI DIRECT SHIFT,2021,2022.0,78130.0,CVT,Sedã,119900.0,98.0,São Paulo (SP)
67853379,TOYOTA,COROLLA,2.0 VVT-IE FLEX XEI DIRECT SHIFT,2022,2023.0,40648.0,Automática,Sedã,132900.0,104.0,São Paulo (SP)
68633287,TOYOTA,COROLLA,2.0 XRS 16V FLEX 4P AUTOMÁTICO,2017,2018.0,97000.0,Automática,Sedã,103990.0,105.0,São Paulo (SP)
69237084,TOYOTA,COROLLA,1.8 VVT-I HYBRID FLEX ALTIS CVT,2021,2022.0,85000.0,CVT,Sedã,133000.0,100.0,São Paulo (SP)
67839388,TOYOTA,COROLLA,2.0 VVT-IE FLEX XEI DIRECT SHIFT,2019,2020.0,65000.0,Automática,Sedã,119890.0,103.0,São Paulo (SP)
66717164,TOYOTA,COROLLA,2.0 VVT-IE FLEX XEI DIRECT SHIFT,2022,2023.0,72537.0,CVT,Sedã,131900.0,103.0,São Paulo (SP)
68889610,TOYOTA,COROLLA,2.0 XEI 16V FLEX 4P AUTOMÁTICO,2016,2017.0,120000.0,Automática,Sedã,89999.0,102.0,São Paulo (SP)
68631186,TOYOTA,COROLLA,2.0 VVT-IE FLEX XEI DIRECT SHIFT,2023,2023.0,70000.0,CVT,Sedã,127900.0,100.0,São Paulo (SP)
68865260,TOYOTA,COROLLA,2.0 XRS 16V FLEX 4P AUTOMÁTICO,2018,2018.0,97460.0,CVT,Sedã,101900.0,103.0,São Paulo (SP)
65161515,TOYOTA,COROLLA,2.0 VVT-IE FLEX GR-S DIRECT SHIFT,2022,2023.0,46000.0,CVT,Sedã,145900.0,105.0,São Paulo (SP)
67780040,TOYOTA,COROLLA,2.0 VVT-IE FLEX XEI DIRECT SHIFT,2022,2023.0,87000.0,CVT,Sedã,125900.0,99.0,São Paulo (SP)
69387815,TOYOTA,COROLLA,2.0 VVT-IE FLEX XEI DIRECT SHIFT,2020,2021.0,97477.0,Automática,Sedã,114800.0,96.0,São Paulo (SP)
68496291,TOYOTA,COROLLA,2.0 XEI 16V FLEX 4P AUTOMÁTICO,2016,2017.0,97000.0,Automática,Sedã,91890.0,104.0,São Paulo (SP)
67618775,TOYOTA,COROLLA,2.0 XEI 16V FLEX 4P AUTOMÁTICO,2017,2018.0,151000.0,Automática,Sedã,109900.0,110.0,São Paulo (SP)
67938166,TOYOTA,COROLLA,2.0 XEI 16V FLEX 4P AUTOMÁTICO,2019,2019.0,104300.0,Automática,Sedã,109990.0,107.0,São Paulo (SP)
69272032,TOYOTA,COROLLA,2.0 XEI 16V FLEX 4P AUTOMÁTICO,2015,2015.0,102000.0,Automática,Sedã,85900.0,105.0,São Paulo (SP)
68622298,TOYOTA,COROLLA,1.8 GLI 16V FLEX 4P AUTOMÁTICO,2018,2018.0,91200.0,CVT,Sedã,90800.0,107.0,São Paulo (SP)
69077317,TOYOTA,COROLLA,1.8 XLI 16V FLEX 4P MANUAL,2009,2010.0,221000.0,Manual,Sedã,52900.0,104.0,São Paulo (SP)
69113313,TOYOTA,COROLLA,2.0 XEI 16V FLEX 4P AUTOMÁTICO,2016,2016.0,86068.0,Automática,Sedã,88900.0,105.0,São Paulo (SP)
68729956,TOYOTA,COROLLA,1.8 VVT-I HYBRID FLEX ALTIS PREMIUM CVT,2022,2023.0,56000.0,CVT,Sedã,145000.0,100.0,São Paulo (SP)
69090830,TOYOTA,COROLLA,2.0 VVT-IE FLEX GLI DIRECT SHIFT,2021,2022.0,63113.0,CVT,Sedã,110000.0,96.0,São Paulo (SP)
67608725,TOYOTA,COROLLA,2.0 VVT-IE FLEX XEI DIRECT SHIFT,2021,2022.0,79502.0,Automática,Sedã,129900.0,106.0,São Paulo (SP)
66599351,TOYOTA,COROLLA,2.0 XEI 16V FLEX 4P AUTOMÁTICO,2016,2017.0,130000.0,Automática,Sedã,89500.0,101.0,São Paulo (SP)
67862923,TOYOTA,COROLLA,2.0 XEI 16V FLEX 4P AUTOMÁTICO,2012,2013.0,300000.0,Automática,Sedã,65000.0,98.0,São Paulo (SP)
23965871,TOYOTA,COROLLA,2.0 XEI 16V FLEX 4P AUTOMÁTICO,2014,2015.0,149000.0,Automática,Sedã,82000.0,100.0,São Paulo (SP)
69355369,TOYOTA,COROLLA,1.8 VVT-I HYBRID FLEX ALTIS PREMIUM CVT,2025,2025.0,28000.0,Automática,Sedã,244990.0,136.0,São Paulo (SP)
69445549,TOYOTA,COROLLA,2.0 VVT-IE FLEX XEI DIRECT SHIFT,2020,2021.0,68000.0,CVT,Sedã,124000.0,103.0,São Paulo (SP)
68755252,TOYOTA,COROLLA,2.0 XEI 16V FLEX 4P AUTOMÁTICO,2014,2015.0,225000.0,Automática,Sedã,80000.0,98.0,São Paulo (SP)
69455433,TOYOTA,COROLLA,2.0 VVT-IE FLEX XEI DIRECT SHIFT,2024,2024.0,17700.0,CVT,Sedã,145000.0,102.0,São Paulo (SP)
69392349,TOYOTA,COROLLA,1.8 GLI 16V FLEX 4P AUTOMÁTICO,2018,2019.0,11130.0,CVT,Sedã,110000.0,125.0,São Paulo (SP)
69441191,TOYOTA,COROLLA,2.0 XEI 16V FLEX 4P AUTOMÁTICO,2018,2019.0,157548.0,CVT,Sedã,98800.0,96.0,São Paulo (SP)
69562424,TOYOTA,COROLLA,2.0 VVT-IE FLEX XEI DIRECT SHIFT,2023,2024.0,47000.0,CVT,Sedã,142890.0,100.0,São Paulo (SP)
69562317,TOYOTA,COROLLA,2.0 XEI 16V FLEX 4P AUTOMÁTICO,2018,2019.0,75000.0,CVT,Sedã,120000.0,117.0,São Paulo (SP)
68780160,TOYOTA,COROLLA,2.0 XEI 16V FLEX 4P AUTOMÁTICO,2011,2012.0,127000.0,Automática,Sedã,61990.0,98.0,São Paulo (SP)
69590105,TOYOTA,COROLLA,2.0 XEI 16V FLEX 4P AUTOMÁTICO,2015,2016.0,91000.0,Automática,Sedã,86000.0,102.0,São Paulo (SP)
69134267,TOYOTA,COROLLA,1.8 GLI 16V FLEX 4P AUTOMÁTICO,2017,2017.0,39765.0,Automática,Sedã,85000.0,105.0,São Paulo (SP)
69204719,TOYOTA,COROLLA,2.0 XEI 16V FLEX 4P AUTOMÁTICO,2012,2013.0,117273.0,Automática,Sedã,62400.0,94.0,São Paulo (SP)
68892267,TOYOTA,COROLLA,2.0 VVT-IE FLEX XEI DIRECT SHIFT,2022,2023.0,31125.0,Automática,Sedã,126900.0,99.0,São Paulo (SP)
69127025,TOYOTA,COROLLA,1.8 XEI 16V FLEX 4P AUTOMÁTICO,2008,2009.0,140000.0,Automática,Sedã,58900.0,110.0,São Paulo (SP)
67388295,TOYOTA,COROLLA,2.0 VVT-IE FLEX XEI DIRECT SHIFT,2021,2022.0,76000.0,Automática,Sedã,117800.0,96.0,São Paulo (SP)
66060985,TOYOTA,COROLLA,2.0 VVT-IE FLEX XEI DIRECT SHIFT,2023,2024.0,39000.0,CVT,Sedã,139900.0,98.0,São Paulo (SP)
65919797,TOYOTA,COROLLA,2.0 VVT-IE FLEX XEI DIRECT SHIFT,2025,2025.0,9380.0,CVT,Sedã,235500.0,148.0,São Paulo (SP)
67907669,TOYOTA,COROLLA,2.0 VVT-IE FLEX ALTIS DIRECT SHIFT,2020,2021.0,98000.0,CVT,Sedã,135990.0,104.0,São Paulo (SP)
67578154,TOYOTA,COROLLA,2.0 XEI 16V FLEX 4P AUTOMÁTICO,2012,2013.0,185000.0,Automática,Sedã,69900.0,105.0,São Paulo (SP)
67816168,TOYOTA,COROLLA,2.0 VVT-IE FLEX XEI DIRECT SHIFT,2021,2022.0,51360.0,Automática,Sedã,121990.0,99.0,São Paulo (SP)
65814580,TOYOTA,COROLLA,2.0 VVT-IE FLEX XEI DIRECT SHIFT,2021,2022.0,75000.0,CVT,Sedã,119900.0,98.0,São Paulo (SP)
68473604,TOYOTA,COROLLA,2.0 VVT-IE FLEX XEI DIRECT SHIFT,2020,2021.0,57150.0,Automática,Sedã,119490.0,100.0,São Paulo (SP)
68732402,TOYOTA,COROLLA,2.0 VVT-IE FLEX XEI DIRECT SHIFT,2022,2023.0,47000.0,Automática,Sedã,125900.0,99.0,São Paulo (SP)
68368122,TOYOTA,COROLLA,2.0 VVT-IE FLEX GR-S DIRECT SHIFT,2024,2024.0,28000.0,CVT,Sedã,167990.0,105.0,São Paulo (SP)
69207046,TOYOTA,COROLLA,2.0 VVT-IE FLEX GLI DIRECT SHIFT,2025,2025.0,8502.0,Automática,Sedã,146490.0,101.0,São Paulo (SP)
68391153,TOYOTA,COROLLA,2.0 VVT-IE FLEX GR-S DIRECT SHIFT,2025,2025.0,25000.0,CVT,Sedã,170990.0,97.0,São Paulo (SP)
68763530,TOYOTA,COROLLA,1.8 GLI 16V FLEX 4P AUTOMÁTICO,2012,2013.0,185000.0,Automática,Sedã,67900.0,109.0,São Paulo (SP)
68866013,TOYOTA,COROLLA,2.0 XEI 16V FLEX 4P AUTOMÁTICO,2017,2018.0,68795.0,CVT,Sedã,106490.0,107.0,São Paulo (SP)
68871206,TOYOTA,COROLLA,1.8 SE-G 16V FLEX 4P AUTOMÁTICO,2008,2009.0,159000.0,Automática,Sedã,59990.0,108.0,São Paulo (SP)
68526034,TOYOTA,COROLLA,2.0 VVT-IE FLEX XEI DIRECT SHIFT,2021,2022.0,46051.0,Automática,Sedã,121990.0,99.0,São Paulo (SP)
69448049,TOYOTA,COROLLA,2.0 VVT-IE FLEX XEI DIRECT SHIFT,2025,2026.0,5639.0,Automática,Sedã,158990.0,97.0,São Paulo (SP)
68496128,TOYOTA,COROLLA,2.0 VVT-IE FLEX GR-S DIRECT SHIFT,2023,2023.0,23634.0,Automática,Sedã,144900.0,105.0,São Paulo (SP)
67968733,TOYOTA,COROLLA,1.8 GLI UPPER 16V FLEX 4P AUTOMÁTICO,2018,2019.0,169900.0,Automática,Sedã,97900.0,111.0,São Paulo (SP)
67450972,TOYOTA,COROLLA,2.0 XEI 16V FLEX 4P AUTOMÁTICO,2013,2014.0,114000.0,Automática,Sedã,74900.0,107.0,São Paulo (SP)
67637011,TOYOTA,COROLLA,2.0 VVT-IE FLEX GR-S DIRECT SHIFT,2023,2024.0,39981.0,Automática,Sedã,164890.0,103.0,São Paulo (SP)
67785975,TOYOTA,COROLLA,1.8 GLI 16V FLEX 4P AUTOMÁTICO,2016,2017.0,115000.0,Automática,Sedã,88900.0,109.0,São Paulo (SP)
66563884,TOYOTA,COROLLA,2.0 VVT-IE FLEX XEI DIRECT SHIFT,2025,2026.0,2100.0,Automática,Sedã,179900.0,109.0,São Paulo (SP)
68982094,TOYOTA,COROLLA,2.0 XEI 16V FLEX 4P AUTOMÁTICO,2019,2019.0,119233.0,Automática,Sedã,99990.0,97.0,São Paulo (SP)
69230710,TOYOTA,COROLLA,1.8 GLI 16V FLEX 4P AUTOMÁTICO,2016,2017.0,65631.0,Automática,Sedã,89990.0,111.0,São Paulo (SP)
68649554,TOYOTA,COROLLA,2.0 XEI 16V FLEX 4P AUTOMÁTICO,2015,2016.0,79650.0,Automática,Sedã,97790.0,116.0,São Paulo (SP)
67548753,TOYOTA,COROLLA,2.0 VVT-IE FLEX GLI DIRECT SHIFT,2025,2025.0,19584.0,Automática,Sedã,151890.0,105.0,São Paulo (SP)
69236736,TOYOTA,COROLLA,2.0 XEI 16V FLEX 4P AUTOMÁTICO,2018,2018.0,78254.0,Automática,Sedã,106900.0,107.0,São Paulo (SP)
67391923,TOYOTA,COROLLA,2.0 VVT-IE FLEX XEI DIRECT SHIFT,2024,2024.0,110000.0,CVT,Sedã,129900.0,91.0,São Paulo (SP)
67507577,TOYOTA,COROLLA,2.0 VVT-IE FLEX XEI DIRECT SHIFT,2026,2026.0,0.0,Automática,Sedã,167980.0,102.0,São Paulo (SP)
67819643,TOYOTA,COROLLA,1.8 GLI 16V FLEX 4P AUTOMÁTICO,2017,2018.0,109339.0,Automática,Sedã,89990.0,106.0,São Paulo (SP)
67274627,TOYOTA,COROLLA,2.0 VVT-IE FLEX GLI DIRECT SHIFT,2021,2022.0,59000.0,Automática,Sedã,113770.0,99.0,São Paulo (SP)
68242522,TOYOTA,COROLLA,2.0 XEI 16V FLEX 4P AUTOMÁTICO,2018,2019.0,111647.0,Automática,Sedã,106900.0,104.0,São Paulo (SP)
67781263,TOYOTA,COROLLA,2.0 VVT-IE FLEX XEI DIRECT SHIFT,2022,2023.0,63650.0,Automática,Sedã,126990.0,99.0,São Paulo (SP)
68121232,TOYOTA,COROLLA,2.0 VVT-IE FLEX GR-S DIRECT SHIFT,2022,2023.0,60568.0,Automática,Sedã,138780.0,100.0,São Paulo (SP)
69250517,TOYOTA,COROLLA,2.0 VVT-IE FLEX XEI DIRECT SHIFT,2020,2021.0,93635.0,Automática,Sedã,117990.0,98.0,São Paulo (SP)
67478274,TOYOTA,COROLLA,2.0 VVT-IE FLEX XEI DIRECT SHIFT,2021,2022.0,96631.0,Automática,Sedã,117790.0,96.0,São Paulo (SP)
66995750,TOYOTA,COROLLA,2.0 VVT-IE FLEX XEI DIRECT SHIFT,2020,2021.0,70000.0,Automática,Sedã,125900.0,105.0,São Paulo (SP)
67846797,TOYOTA,COROLLA,2.0 VVT-IE FLEX ALTIS DIRECT SHIFT,2021,2022.0,70000.0,CVT,Sedã,144990.0,106.0,São Paulo (SP)
66840834,TOYOTA,COROLLA,2.0 VVT-IE FLEX XEI DIRECT SHIFT,2024,2025.0,51891.0,Automática,Sedã,154990.0,97.0,São Paulo (SP)
69556583,TOYOTA,COROLLA,2.0 XEI 16V FLEX 4P AUTOMÁTICO,2015,2015.0,100000.0,Automática,Sedã,82900.0,101.0,São Paulo (SP)
68985672,TOYOTA,COROLLA,2.0 VVT-IE FLEX XEI DIRECT SHIFT,2024,2024.0,29570.0,Automática,Sedã,149900.0,105.0,São Paulo (SP)
69454020,TOYOTA,COROLLA,2.0 ALTIS 16V FLEX 4P AUTOMÁTICO,2018,2019.0,75331.0,Automática,Sedã,112790.0,106.0,São Paulo (SP)
69333610,TOYOTA,COROLLA,2.0 VVT-IE FLEX XEI DIRECT SHIFT,2020,2020.0,61000.0,CVT,Sedã,123900.0,106.0,São Paulo (SP)
69558945,TOYOTA,COROLLA,1.8 VVT-I HYBRID FLEX ALTIS PREMIUM CVT,2023,2023.0,38000.0,Automática,Sedã,149900.0,104.0,São Paulo (SP)
69497743,TOYOTA,COROLLA,2.0 VVT-IE FLEX XEI DIRECT SHIFT,2025,2025.0,19769.0,Automática,Sedã,153850.0,96.0,São Paulo (SP)
66633492,TOYOTA,COROLLA,1.8 VVT-I HYBRID FLEX ALTIS PREMIUM CVT,2026,2026.0,0.0,CVT,Sedã,209010.0,111.0,São Paulo (SP)
65278612,TOYOTA,COROLLA,2.0 VVT-IE FLEX XEI DIRECT SHIFT,2025,2026.0,26743.0,Automática,Sedã,179990.0,109.0,São Paulo (SP)
68359294,TOYOTA,COROLLA,2.0 VVT-IE FLEX XEI DIRECT SHIFT,2022,2023.0,70000.0,Automática,Sedã,129890.0,102.0,São Paulo (SP)
69517291,TOYOTA,COROLLA,2.0 VVT-IE FLEX GR-S DIRECT SHIFT,2024,2024.0,28677.0,Automática,Sedã,160000.0,100.0,São Paulo (SP)
67970851,TOYOTA,COROLLA,2.0 VVT-IE FLEX XEI DIRECT SHIFT,2023,2024.0,32000.0,Automática,Sedã,149900.0,105.0,São Paulo (SP)
69221147,TOYOTA,COROLLA,2.0 VVT-IE FLEX ALTIS DIRECT SHIFT,2022,2023.0,58600.0,Automática,Sedã,137950.0,96.0,São Paulo (SP)
67435386,TOYOTA,COROLLA,2.0 VVT-IE FLEX GLI DIRECT SHIFT,2024,2024.0,63232.0,Automática,Sedã,125300.0,100.0,São Paulo (SP)
69511062,TOYOTA,COROLLA,2.0 XEI 16V FLEX 4P AUTOMÁTICO,2019,2019.0,122937.0,Automática,Sedã,99800.0,97.0,São Paulo (SP)
69559821,TOYOTA,COROLLA,2.0 XEI 16V FLEX 4P AUTOMÁTICO,2016,2017.0,98067.0,Automática,Sedã,95600.0,108.0,São Paulo (SP)
69310311,TOYOTA,COROLLA,2.0 VVT-IE FLEX XEI DIRECT SHIFT,2023,2023.0,81575.0,Automática,Sedã,129990.0,102.0,São Paulo (SP)
69492895,TOYOTA,COROLLA,2.0 VVT-IE FLEX XEI DIRECT SHIFT,2020,2020.0,95434.0,Automática,Sedã,117900.0,101.0,São Paulo (SP)
68623683,TOYOTA,COROLLA,1.8 VVT-I HYBRID FLEX ALTIS PREMIUM CVT,2026,2026.0,0.0,CVT,Sedã,209010.0,111.0,São Paulo (SP)
68600733,TOYOTA,COROLLA,2.0 VVT-IE FLEX XEI DIRECT SHIFT,2020,2021.0,89571.0,Automática,Sedã,125900.0,105.0,São Paulo (SP)
68623307,TOYOTA,COROLLA,1.8 VVT-I HYBRID FLEX ALTIS PREMIUM CVT,2026,2026.0,0.0,CVT,Sedã,209010.0,111.0,São Paulo (SP)
68623573,TOYOTA,COROLLA,1.8 VVT-I HYBRID FLEX ALTIS PREMIUM CVT,2026,2026.0,0.0,CVT,Sedã,209010.0,111.0,São Paulo (SP)
69513345,TOYOTA,COROLLA,2.0 VVT-IE FLEX GLI DIRECT SHIFT,2020,2021.0,65000.0,CVT,Sedã,149890.0,136.0,São Paulo (SP)
69305002,TOYOTA,COROLLA,2.0 VVT-IE FLEX XEI DIRECT SHIFT,2023,2023.0,80200.0,Automática,Sedã,132590.0,104.0,São Paulo (SP)
69511875,TOYOTA,COROLLA,2.0 VVT-IE FLEX XEI DIRECT SHIFT,2021,2022.0,80000.0,CVT,Sedã,123000.0,100.0,São Paulo (SP)
69334461,TOYOTA,COROLLA,2.0 VVT-IE FLEX XEI DIRECT SHIFT,2023,2024.0,57935.0,Automática,Sedã,146880.0,103.0,São Paulo (SP)
68856968,TOYOTA,COROLLA,1.8 XEI 16V GASOLINA 4P AUTOMÁTICO,2002,2003.0,235766.0,Automática,Sedã,28200.0,88.0,São Paulo (SP)
67452927,TOYOTA,COROLLA,2.0 VVT-IE FLEX XEI DIRECT SHIFT,2021,2022.0,24157.0,Automática,Sedã,124900.0,102.0,São Paulo (SP)
66906759,TOYOTA,COROLLA,2.0 VVT-IE FLEX XEI DIRECT SHIFT,2021,2022.0,34271.0,Automática,Sedã,123900.0,101.0,São Paulo (SP)
67315871,TOYOTA,COROLLA,1.8 GLI 16V FLEX 4P AUTOMÁTICO,2016,2017.0,79998.0,Automática,Sedã,88980.0,110.0,São Paulo (SP)
67495554,TOYOTA,COROLLA,1.8 GLI 16V FLEX 4P AUTOMÁTICO,2011,2012.0,155500.0,Automática,Sedã,65790.0,110.0,São Paulo (SP)
68088318,TOYOTA,COROLLA,2.0 VVT-IE FLEX GLI DIRECT SHIFT,2019,2020.0,32000.0,CVT,Sedã,109900.0,102.0,São Paulo (SP)
66372706,TOYOTA,COROLLA,2.0 VVT-IE FLEX ALTIS PREMIUM DIRECT SHIFT,2025,2025.0,19760.0,CVT,Sedã,178000.0,101.0,São Paulo (SP)
67573297,TOYOTA,COROLLA,2.0 XEI 16V FLEX 4P AUTOMÁTICO,2014,2015.0,108000.0,Automática,Sedã,86800.0,106.0,São Paulo (SP)
65919699,TOYOTA,COROLLA,2.0 VVT-IE FLEX ALTIS PREMIUM DIRECT SHIFT,2025,2025.0,9380.0,CVT,Sedã,235500.0,133.0,São Paulo (SP)
67784669,TOYOTA,COROLLA,1.8 GLI 16V FLEX 4P AUTOMÁTICO,2017,2017.0,102000.0,Automática,Sedã,85890.0,106.0,São Paulo (SP)
55598526,TOYOTA,COROLLA,2.0 XEI 16V FLEX 4P AUTOMÁTICO,2017,2018.0,89000.0,CVT,Sedã,99800.0,100.0,São Paulo (SP)
65027750,TOYOTA,COROLLA,1.8 VVT-I HYBRID FLEX ALTIS PREMIUM CVT,2025,2026.0,0.0,CVT,Sedã,196900.0,104.0,São Paulo (SP)
68610431,TOYOTA,COROLLA,2.0 VVT-IE FLEX GLI DIRECT SHIFT,2023,2023.0,42183.0,CVT,Sedã,101799.0,86.0,São Paulo (SP)
68614666,TOYOTA,COROLLA,2.0 VVT-IE FLEX GLI DIRECT SHIFT,2023,2023.0,42183.0,CVT,Sedã,101799.0,86.0,São Paulo (SP)
68614505,TOYOTA,COROLLA,2.0 VVT-IE FLEX GLI DIRECT SHIFT,2023,2023.0,42183.0,CVT,Sedã,101799.0,86.0,São Paulo (SP)
63982632,TOYOTA,COROLLA,1.8 VVT-I HYBRID FLEX ALTIS PREMIUM CVT,2025,2026.0,0.0,CVT,Sedã,196900.0,104.0,São Paulo (SP)
68912400,TOYOTA,COROLLA,2.0 XEI 16V FLEX 4P AUTOMÁTICO,2018,2019.0,98000.0,Automática,Sedã,98990.0,96.0,São Paulo (SP)
66780045,TOYOTA,COROLLA,2.0 VVT-IE FLEX GLI DIRECT SHIFT,2020,2020.0,66800.0,CVT,Sedã,109890.0,102.0,São Paulo (SP)
68909361,TOYOTA,COROLLA,1.8 VVT-I HYBRID FLEX ALTIS CVT,2020,2021.0,79300.0,CVT,Sedã,119990.0,95.0,São Paulo (SP)
67851712,TOYOTA,COROLLA,1.8 VVT-I HYBRID FLEX ALTIS CVT,2020,2020.0,20300.0,CVT,Sedã,159900.0,131.0,São Paulo (SP)
67366131,TOYOTA,COROLLA,2.0 XEI 16V FLEX 4P AUTOMÁTICO,2018,2019.0,80000.0,CVT,Sedã,104990.0,102.0,São Paulo (SP)
67824233,TOYOTA,COROLLA,1.8 VVT-I HYBRID FLEX ALTIS CVT,2022,2023.0,61293.0,Automática,Sedã,141780.0,100.0,São Paulo (SP)
67001732,TOYOTA,COROLLA,2.0 VVT-IE FLEX XEI DIRECT SHIFT,2023,2024.0,72000.0,CVT,Sedã,132980.0,93.0,São Paulo (SP)
67083501,TOYOTA,COROLLA,2.0 VVT-IE FLEX XEI DIRECT SHIFT,2023,2023.0,37430.0,CVT,Sedã,133000.0,104.0,São Paulo (SP)
66128031,TOYOTA,COROLLA,1.8 GLI 16V FLEX 4P AUTOMÁTICO,2018,2019.0,92000.0,CVT,Sedã,91900.0,105.0,São Paulo (SP)
63988109,TOYOTA,COROLLA,2.0 VVT-IE FLEX XEI DIRECT SHIFT,2021,2022.0,83320.0,Automática,Sedã,117990.0,96.0,São Paulo (SP)
67389446,TOYOTA,COROLLA,2.0 XEI 16V FLEX 4P AUTOMÁTICO,2017,2018.0,102140.0,Automática,Sedã,95890.0,96.0,São Paulo (SP)
64311221,TOYOTA,COROLLA,2.0 VVT-IE FLEX GLI DIRECT SHIFT,2023,2023.0,44727.0,Automática,Sedã,128790.0,109.0,São Paulo (SP)
67507530,TOYOTA,COROLLA,2.0 VVT-IE FLEX ALTIS PREMIUM DIRECT SHIFT,2026,2026.0,0.0,Automática,Sedã,199980.0,106.0,São Paulo (SP)
67844365,TOYOTA,COROLLA,2.0 VVT-IE FLEX GLI DIRECT SHIFT,2023,2023.0,53000.0,CVT,Sedã,119800.0,101.0,São Paulo (SP)
61971699,TOYOTA,COROLLA,2.0 XEI 16V FLEX 4P AUTOMÁTICO,2012,2013.0,168000.0,Automática,Sedã,69900.0,105.0,São Paulo (SP)
65547457,TOYOTA,COROLLA,2.0 VVT-IE FLEX GLI DIRECT SHIFT,2021,2022.0,84000.0,CVT,Sedã,109900.0,96.0,São Paulo (SP)
69218245,TOYOTA,COROLLA,2.0 VVT-IE FLEX ALTIS DIRECT SHIFT,2022,2023.0,58600.0,Automática,Sedã,137950.0,96.0,São Paulo (SP)
68482666,TOYOTA,COROLLA,2.0 VVT-IE FLEX GLI DIRECT SHIFT,2024,2024.0,54581.0,Automática,Sedã,123900.0,99.0,São Paulo (SP)
67314438,TOYOTA,COROLLA,1.8 VVT-I HYBRID FLEX ALTIS CVT,2023,2023.0,103804.0,Automática,Sedã,144900.0,102.0,São Paulo (SP)
66167296,TOYOTA,COROLLA,2.0 VVT-IE FLEX XEI DIRECT SHIFT,2025,2026.0,0.0,CVT,Sedã,177320.0,108.0,São Paulo (SP)
66717772,TOYOTA,COROLLA,2.0 VVT-IE FLEX GLI DIRECT SHIFT,2024,2024.0,37809.0,Automática,Sedã,130400.0,104.0,São Paulo (SP)
65906916,TOYOTA,COROLLA,2.0 VVT-IE FLEX XEI DIRECT SHIFT,2024,2024.0,29942.0,Automática,Sedã,149890.0,105.0,São Paulo (SP)
67504294,TOYOTA,COROLLA,2.0 VVT-IE FLEX GLI DIRECT SHIFT,2024,2024.0,59469.0,Automática,Sedã,126000.0,100.0,São Paulo (SP)
64926666,TOYOTA,COROLLA,2.0 VVT-IE FLEX XEI DIRECT SHIFT,2023,2024.0,49905.0,Automática,Sedã,142900.0,100.0,São Paulo (SP)
68740585,TOYOTA,COROLLA,2.0 XEI 16V FLEX 4P AUTOMÁTICO,2012,2013.0,129500.0,Automática,Sedã,61900.0,93.0,São Paulo (SP)
67542063,TOYOTA,COROLLA,1.8 XEI 16V FLEX 4P MANUAL,2009,2010.0,157000.0,Manual,Sedã,53500.0,98.0,São Paulo (SP)
68184290,TOYOTA,COROLLA,2.0 XEI 16V FLEX 4P AUTOMÁTICO,2012,2013.0,109443.0,Automática,Sedã,67498.0,102.0,São Paulo (SP)
67878064,TOYOTA,COROLLA,2.0 XEI 16V FLEX 4P AUTOMÁTICO,2016,2016.0,143000.0,Automática,Sedã,78900.0,93.0,São Paulo (SP)
67881392,TOYOTA,COROLLA,2.0 XEI 16V FLEX 4P AUTOMÁTICO,2013,2014.0,133000.0,Automática,Sedã,66250.0,95.0,São Paulo (SP)
69117179,TOYOTA,COROLLA,1.8 VVT-I HYBRID FLEX ALTIS CVT,2020,2020.0,124800.0,CVT,Sedã,106000.0,87.0,São Paulo (SP)
67845480,TOYOTA,COROLLA,2.0 XEI 16V FLEX 4P AUTOMÁTICO,2014,2014.0,132000.0,Automática,Sedã,68500.0,98.0,São Paulo (SP)
67692150,TOYOTA,COROLLA,1.8 XLI 16V FLEX 4P AUTOMÁTICO,2009,2010.0,135000.0,Automática,Sedã,56000.0,105.0,São Paulo (SP)
68985341,TOYOTA,COROLLA,1.8 XEI 16V FLEX 4P AUTOMÁTICO,2009,2010.0,140000.0,Automática,Sedã,52900.0,95.0,São Paulo (SP)
68728231,TOYOTA,COROLLA,1.8 XEI 16V FLEX 4P AUTOMÁTICO,2000,2000.0,92300.0,Automática,Sedã,36800.0,155.0,São Paulo (SP)
67710164,TOYOTA,COROLLA,2.0 XEI 16V FLEX 4P AUTOMÁTICO,2018,2019.0,64640.0,CVT,Sedã,108000.0,105.0,São Paulo (SP)
67692109,TOYOTA,COROLLA,2.0 XEI 16V FLEX 4P AUTOMÁTICO,2015,2016.0,94000.0,Automática,Sedã,85500.0,101.0,São Paulo (SP)
67784899,TOYOTA,COROLLA,1.8 XEI 16V FLEX 4P MANUAL,2008,2009.0,269000.0,Automática,Sedã,51000.0,98.0,São Paulo (SP)
67146150,TOYOTA,COROLLA,1.8 XEI 16V GASOLINA 4P MANUAL,1999,1999.0,230000.0,Manual,Sedã,29400.0,135.0,São Paulo (SP)
67338245,TOYOTA,COROLLA,2.0 VVT-IE FLEX XEI DIRECT SHIFT,2022,2023.0,21182.0,CVT,Sedã,129800.0,102.0,São Paulo (SP)
67915222,TOYOTA,COROLLA,1.6 XLI 16V GASOLINA 4P AUTOMÁTICO,2008,2008.0,242000.0,Automática,Sedã,40700.0,100.0,São Paulo (SP)
67738866,TOYOTA,COROLLA,1.8 GLI 16V FLEX 4P AUTOMÁTICO,2014,2015.0,147000.0,Automática,Sedã,72000.0,95.0,São Paulo (SP)
67063056,TOYOTA,COROLLA,2.0 XEI 16V FLEX 4P AUTOMÁTICO,2017,2018.0,89000.0,CVT,Sedã,105990.0,106.0,São Paulo (SP)
67730462,TOYOTA,COROLLA,2.0 XEI 16V FLEX 4P AUTOMÁTICO,2015,2016.0,169000.0,Automática,Sedã,82100.0,97.0,São Paulo (SP)
67273435,TOYOTA,COROLLA,1.6 XLI 16V GASOLINA 4P AUTOMÁTICO,2004,2005.0,250000.0,Automática,Sedã,35000.0,99.0,São Paulo (SP)
67946232,TOYOTA,COROLLA,2.0 XEI 16V FLEX 4P AUTOMÁTICO,2016,2017.0,89200.0,Automática,Sedã,91900.0,104.0,São Paulo (SP)
67731827,TOYOTA,COROLLA,2.0 VVT-IE FLEX ALTIS PREMIUM DIRECT SHIFT,2025,2025.0,22000.0,CVT,Sedã,179900.0,102.0,São Paulo (SP)
68484383,TOYOTA,COROLLA,1.8 VVT-I HYBRID FLEX ALTIS PREMIUM CVT,2022,2023.0,59000.0,CVT,Sedã,148000.0,102.0,São Paulo (SP)
66230952,TOYOTA,COROLLA,2.0 XRS 16V FLEX 4P AUTOMÁTICO,2012,2013.0,179000.0,Manual,Sedã,68000.0,101.0,São Paulo (SP)
67751175,TOYOTA,COROLLA,2.0 VVT-IE FLEX XEI DIRECT SHIFT,2021,2022.0,57000.0,CVT,Sedã,125000.0,102.0,São Paulo (SP)
67803885,TOYOTA,COROLLA,1.8 GLI 16V FLEX 4P AUTOMÁTICO,2016,2017.0,93500.0,Automática,Sedã,82900.0,102.0,São Paulo (SP)
67938118,TOYOTA,COROLLA,2.0 VVT-IE FLEX XEI DIRECT SHIFT,2023,2024.0,42800.0,CVT,Sedã,142500.0,100.0,São Paulo (SP)
67727747,TOYOTA,COROLLA,2.0 VVT-IE FLEX XEI DIRECT SHIFT,2021,2022.0,80000.0,CVT,Sedã,121900.0,99.0,São Paulo (SP)
67976110,TOYOTA,COROLLA,1.8 GLI 16V FLEX 4P AUTOMÁTICO,2017,2018.0,77200.0,CVT,Sedã,90900.0,107.0,São Paulo (SP)
67967868,TOYOTA,COROLLA,2.0 VVT-IE FLEX XEI DIRECT SHIFT,2021,2022.0,59500.0,CVT,Sedã,125000.0,102.0,São Paulo (SP)
69351758,TOYOTA,COROLLA,2.0 ALTIS 16V FLEX 4P AUTOMÁTICO,2014,2015.0,24000.0,Automática,Sedã,109999.0,132.0,São Paulo (SP)
68230929,TOYOTA,COROLLA,1.8 GLI 16V FLEX 4P AUTOMÁTICO,2016,2017.0,126000.0,Automática,Sedã,83900.0,103.0,São Paulo (SP)
67855260,TOYOTA,COROLLA,1.8 GLI 16V FLEX 4P AUTOMÁTICO,2016,2017.0,150000.0,Automática,Sedã,86000.0,106.0,São Paulo (SP)
67750385,TOYOTA,COROLLA,2.0 VVT-IE FLEX XEI DIRECT SHIFT,2021,2022.0,71500.0,CVT,Sedã,124700.0,102.0,São Paulo (SP)
69562583,TOYOTA,COROLLA,1.8 XEI 16V GASOLINA 4P AUTOMÁTICO,2005,2005.0,204447.0,Automática,Sedã,39900.0,109.0,São Paulo (SP)
48651998,TOYOTA,COROLLA,2.0 VVT-IE FLEX XEI DIRECT SHIFT,2023,2023.0,60000.0,Automática,Sedã,132500.0,104.0,São Paulo (SP)
67707649,TOYOTA,COROLLA,2.0 VVT-IE FLEX GLI DIRECT SHIFT,2022,2023.0,32000.0,CVT,Sedã,116990.0,99.0,São Paulo (SP)
69589068,TOYOTA,COROLLA,1.8 GLI 16V FLEX 4P AUTOMÁTICO,2010,2011.0,143000.0,Automática,Sedã,57000.0,103.0,São Paulo (SP)
69587398,TOYOTA,COROLLA,2.0 VVT-IE FLEX GR-S DIRECT SHIFT,2024,2024.0,67000.0,CVT,Sedã,152000.0,95.0,São Paulo (SP)
69588810,TOYOTA,COROLLA,2.0 XEI 16V FLEX 4P AUTOMÁTICO,2017,2018.0,71000.0,CVT,Sedã,108000.0,108.0,São Paulo (SP)
67773015,TOYOTA,COROLLA,1.8 VVT-I HYBRID FLEX ALTIS CVT,2022,2023.0,72594.0,Automática,Sedã,138490.0,97.0,São Paulo (SP)
64047065,TOYOTA,COROLLA,2.0 XEI 16V FLEX 4P AUTOMÁTICO,2010,2011.0,216000.0,Automática,Sedã,55000.0,94.0,São Paulo (SP)
69587558,TOYOTA,COROLLA,1.8 GLI 16V FLEX 4P AUTOMÁTICO,2017,2018.0,130000.0,Automática,Sedã,88000.0,103.0,São Paulo (SP)
69560407,TOYOTA,COROLLA,2.0 XEI 16V FLEX 4P AUTOMÁTICO,2013,2014.0,50000.0,Automática,Sedã,77000.0,110.0,São Paulo (SP)
69588593,TOYOTA,COROLLA,1.8 VVT-I HYBRID FLEX ALTIS PREMIUM CVT,2021,2022.0,59000.0,CVT,Sedã,179800.0,133.0,São Paulo (SP)
67931222,TOYOTA,COROLLA,1.8 GLI 16V FLEX 4P AUTOMÁTICO,2017,2018.0,88000.0,CVT,Sedã,82500.0,97.0,São Paulo (SP)
66831346,TOYOTA,COROLLA,2.0 XEI 16V FLEX 4P AUTOMÁTICO,2014,2015.0,98500.0,Automática,Sedã,81900.0,100.0,São Paulo (SP)
67691419,TOYOTA,COROLLA,2.0 XEI 16V FLEX 4P AUTOMÁTICO,2019,2019.0,108000.0,CVT,Sedã,101900.0,99.0,São Paulo (SP)
68730180,TOYOTA,COROLLA,2.0 VVT-IE FLEX XEI DIRECT SHIFT,2024,2024.0,14276.0,CVT,Sedã,143000.0,100.0,São Paulo (SP)
29698254,TOYOTA,COROLLA,2.0 XEI 16V FLEX 4P AUTOMÁTICO,2016,2017.0,112100.0,Automática,Sedã,87000.0,99.0,São Paulo (SP)
67784535,TOYOTA,COROLLA,1.8 GLI 16V FLEX 4P AUTOMÁTICO,2017,2018.0,125000.0,CVT,Sedã,78000.0,92.0,São Paulo (SP)
66619186,TOYOTA,COROLLA,2.0 XEI 16V FLEX 4P AUTOMÁTICO,2013,2014.0,132000.0,Automática,Sedã,66900.0,96.0,São Paulo (SP)
67241978,TOYOTA,COROLLA,1.8 GLI 16V FLEX 4P AUTOMÁTICO,2013,2014.0,49200.0,Manual,Sedã,79980.0,123.0,São Paulo (SP)
67376574,TOYOTA,COROLLA,2.0 XEI 16V FLEX 4P AUTOMÁTICO,2017,2018.0,97000.0,CVT,Sedã,97500.0,98.0,São Paulo (SP)
65702563,TOYOTA,COROLLA,2.0 VVT-IE FLEX XEI DIRECT SHIFT,2023,2023.0,122324.0,CVT,Sedã,119000.0,93.0,São Paulo (SP)
67902420,TOYOTA,COROLLA,1.8 VVT-I HYBRID FLEX ALTIS PREMIUM CVT,2023,2023.0,115000.0,CVT,Sedã,130000.0,90.0,São Paulo (SP)
60014055,TOYOTA,COROLLA,2.0 XEI 16V FLEX 4P AUTOMÁTICO,2018,2019.0,110000.0,CVT,Sedã,98500.0,96.0,São Paulo (SP)
67854155,TOYOTA,COROLLA,1.8 GLI UPPER 16V FLEX 4P AUTOMÁTICO,2017,2018.0,148826.0,CVT,Sedã,79900.0,93.0,São Paulo (SP)
67270639,TOYOTA,COROLLA,2.0 XEI 16V FLEX 4P AUTOMÁTICO,2010,2011.0,103000.0,Automática,Sedã,61000.0,104.0,São Paulo (SP)
67423079,TOYOTA,COROLLA,2.0 XEI 16V FLEX 4P AUTOMÁTICO,2013,2014.0,125000.0,Automática,Sedã,69000.0,99.0,São Paulo (SP)
66094013,TOYOTA,COROLLA,2.0 XEI 16V FLEX 4P AUTOMÁTICO,2010,2011.0,275000.0,Automática,Sedã,53000.0,91.0,São Paulo (SP)
63976587,TOYOTA,COROLLA,2.0 XEI 16V FLEX 4P AUTOMÁTICO,2019,2019.0,43400.0,Automática,Sedã,109000.0,106.0,São Paulo (SP)
67964537,TOYOTA,COROLLA,2.0 VVT-IE FLEX GR-S DIRECT SHIFT,2026,2026.0,4780.0,CVT,Sedã,190000.0,104.0,São Paulo (SP)
66498079,TOYOTA,COROLLA,2.0 XEI 16V FLEX 4P AUTOMÁTICO,2015,2016.0,114700.0,Automática,Sedã,83500.0,99.0,São Paulo (SP)
66690241,TOYOTA,COROLLA,1.8 GLI 16V FLEX 4P AUTOMÁTICO,2019,2019.0,143.0,CVT,Sedã,80000.0,91.0,São Paulo (SP)
66364816,TOYOTA,COROLLA,2.0 XEI 16V FLEX 4P AUTOMÁTICO,2014,2015.0,120000.0,Automática,Sedã,84450.0,103.0,São Paulo (SP)
66833493,TOYOTA,COROLLA,1.8 XEI 16V FLEX 4P AUTOMÁTICO,2004,2004.0,165200.0,Automática,Sedã,41900.0,117.0,São Paulo (SP)
66608021,TOYOTA,COROLLA,2.0 XEI 16V FLEX 4P AUTOMÁTICO,2014,2015.0,98032.0,Automática,Sedã,84500.0,103.0,São Paulo (SP)
67346074,TOYOTA,COROLLA,2.0 VVT-IE FLEX ALTIS DIRECT SHIFT,2023,2023.0,50800.0,CVT,Sedã,145000.0,101.0,São Paulo (SP)
67319590,TOYOTA,COROLLA,2.0 XEI 16V FLEX 4P AUTOMÁTICO,2011,2012.0,258000.0,Automática,Sedã,62000.0,98.0,São Paulo (SP)
66501636,TOYOTA,COROLLA,2.0 XEI 16V FLEX 4P AUTOMÁTICO,2014,2014.0,91000.0,Automática,Sedã,75900.0,109.0,São Paulo (SP)
66649622,TOYOTA,COROLLA,1.8 GLI 16V FLEX 4P AUTOMÁTICO,2014,2014.0,164700.0,Automática,Sedã,64690.0,100.0,São Paulo (SP)
66332527,TOYOTA,COROLLA,1.8 GLI 16V FLEX 4P AUTOMÁTICO,2017,2018.0,144000.0,CVT,Sedã,81900.0,96.0,São Paulo (SP)
67327396,TOYOTA,COROLLA,2.0 VVT-IE FLEX GR-S DIRECT SHIFT,2024,2024.0,42000.0,CVT,Sedã,157900.0,99.0,São Paulo (SP)
61858543,TOYOTA,COROLLA,1.8 GLI UPPER 16V FLEX 4P AUTOMÁTICO,2017,2018.0,75000.0,CVT,Sedã,94500.0,110.0,São Paulo (SP)
67084428,TOYOTA,COROLLA,2.0 VVT-IE FLEX GR-S DIRECT SHIFT,2021,2022.0,89000.0,Automática,Sedã,124900.0,98.0,São Paulo (SP)
67155000,TOYOTA,COROLLA,2.0 XEI 16V FLEX 4P AUTOMÁTICO,2015,2016.0,96300.0,Automática,Sedã,85000.0,101.0,São Paulo (SP)
68183009,TOYOTA,COROLLA,2.0 VVT-IE FLEX XEI DIRECT SHIFT,2019,2020.0,88000.0,CVT,Sedã,115000.0,99.0,São Paulo (SP)
66670222,TOYOTA,COROLLA,1.8 GLI 16V FLEX 4P AUTOMÁTICO,2017,2017.0,92000.0,Automática,Sedã,82900.0,102.0,São Paulo (SP)
65036937,TOYOTA,COROLLA,1.8 GLI 16V FLEX 4P AUTOMÁTICO,2017,2018.0,88000.0,CVT,Sedã,89000.0,104.0,São Paulo (SP)
67326046,TOYOTA,COROLLA,1.8 XEI 16V FLEX 4P AUTOMÁTICO,2009,2010.0,203000.0,Automática,Sedã,55500.0,100.0,São Paulo (SP)
67636162,TOYOTA,COROLLA,2.0 XEI 16V FLEX 4P AUTOMÁTICO,2018,2019.0,86000.0,CVT,Sedã,104000.0,101.0,São Paulo (SP)
30499286,TOYOTA,COROLLA,1.8 SE-G 16V GASOLINA 4P AUTOMÁTICO,2005,2005.0,239500.0,Automática,Sedã,45000.0,117.0,São Paulo (SP)
64530052,TOYOTA,COROLLA,1.8 LE 16V GASOLINA 4P AUTOMÁTICO,1993,1994.0,196000.0,Automática,Sedã,40000.0,322.0,São Paulo (SP)
68235901,TOYOTA,COROLLA,2.0 VVT-IE FLEX XEI DIRECT SHIFT,2020,2021.0,54000.0,CVT,Sedã,118840.0,99.0,São Paulo (SP)
66051848,TOYOTA,COROLLA,2.0 XEI 16V FLEX 4P AUTOMÁTICO,2013,2014.0,127500.0,Automática,Sedã,70000.0,100.0,São Paulo (SP)
66546488,TOYOTA,COROLLA,2.0 XEI 16V FLEX 4P AUTOMÁTICO,2015,2016.0,144643.0,Automática,Sedã,84000.0,99.0,São Paulo (SP)
67289576,TOYOTA,COROLLA,1.8 GLI 16V FLEX 4P AUTOMÁTICO,2014,2015.0,140000.0,Automática,Sedã,76900.0,102.0,São Paulo (SP)
68768122,TOYOTA,COROLLA,2.0 VVT-IE FLEX XEI DIRECT SHIFT,2020,2021.0,71000.0,CVT,Sedã,118000.0,98.0,São Paulo (SP)
67786415,TOYOTA,COROLLA,2.0 XEI 16V FLEX 4P AUTOMÁTICO,2017,2018.0,134000.0,CVT,Sedã,89900.0,90.0,São Paulo (SP)
68368878,TOYOTA,COROLLA,1.8 VVT-I HYBRID FLEX ALTIS PREMIUM CVT,2023,2023.0,44000.0,CVT,Sedã,149000.0,103.0,São Paulo (SP)
65442192,TOYOTA,COROLLA,1.8 GLI 16V FLEX 4P AUTOMÁTICO,2017,2018.0,151000.0,CVT,Sedã,83900.0,98.0,São Paulo (SP)
66561656,TOYOTA,COROLLA,1.8 GLI 16V FLEX 4P AUTOMÁTICO,2016,2017.0,118000.0,Automática,Sedã,79900.0,98.0,São Paulo (SP)
63550727,TOYOTA,COROLLA,2.0 VVT-IE FLEX XEI DIRECT SHIFT,2023,2023.0,26500.0,CVT,Sedã,137000.0,107.0,São Paulo (SP)
66443207,TOYOTA,COROLLA,2.0 XEI 16V FLEX 4P AUTOMÁTICO,2017,2018.0,140000.0,CVT,Sedã,93990.0,94.0,São Paulo (SP)
67036638,TOYOTA,COROLLA,2.0 XEI 16V FLEX 4P AUTOMÁTICO,2010,2011.0,89500.0,Automática,Sedã,65000.0,111.0,São Paulo (SP)
68725945,TOYOTA,COROLLA,2.0 ALTIS 16V FLEX 4P AUTOMÁTICO,2018,2019.0,54057.0,CVT,Sedã,112900.0,106.0,São Paulo (SP)
67555974,TOYOTA,COROLLA,2.0 VVT-IE FLEX GR-S DIRECT SHIFT,2024,2025.0,30000.0,CVT,Sedã,174900.0,100.0,São Paulo (SP)
67821535,TOYOTA,COROLLA,1.8 GLI 16V FLEX 4P AUTOMÁTICO,2015,2016.0,124000.0,Automática,Sedã,77000.0,98.0,São Paulo (SP)
67495896,TOYOTA,COROLLA,2.0 XEI 16V FLEX 4P AUTOMÁTICO,2010,2011.0,175.0,Automática,Sedã,58900.0,101.0,São Paulo (SP)
68516886,TOYOTA,COROLLA,2.0 ALTIS 16V FLEX 4P AUTOMÁTICO,2015,2016.0,141000.0,Automática,Sedã,85000.0,99.0,São Paulo (SP)
69212981,TOYOTA,COROLLA,1.8 VVT-I HYBRID FLEX ALTIS PREMIUM CVT,2022,2023.0,101.0,CVT,Sedã,144000.0,100.0,São Paulo (SP)
28587691,TOYOTA,COROLLA,2.0 ALTIS 16V FLEX 4P AUTOMÁTICO,2011,2012.0,193333.0,Automática,Sedã,63000.0,96.0,São Paulo (SP)
67171906,TOYOTA,COROLLA,1.8 GLI 16V FLEX 4P AUTOMÁTICO,2016,2017.0,147000.0,Automática,Sedã,80000.0,99.0,São Paulo (SP)
66707128,TOYOTA,COROLLA,1.8 VVT-I HYBRID FLEX ALTIS PREMIUM CVT,2020,2020.0,156000.0,CVT,Sedã,120000.0,96.0,São Paulo (SP)
67748878,TOYOTA,COROLLA,2.0 VVT-IE FLEX XEI DIRECT SHIFT,2024,2025.0,20100.0,CVT,Sedã,159500.0,100.0,São Paulo (SP)
68298276,TOYOTA,COROLLA,2.0 VVT-IE FLEX XEI DIRECT SHIFT,2020,2021.0,99000.0,CVT,Sedã,110000.0,92.0,São Paulo (SP)
69031680,TOYOTA,COROLLA,2.0 VVT-IE FLEX GR-S DIRECT SHIFT,2023,2024.0,84000.0,CVT,Sedã,151000.0,95.0,São Paulo (SP)
67165752,TOYOTA,COROLLA,1.8 XEI 16V FLEX 4P AUTOMÁTICO,2008,2009.0,157170.0,Automática,Sedã,56500.0,105.0,São Paulo (SP)
67790214,TOYOTA,COROLLA,1.8 SE-G 16V FLEX 4P AUTOMÁTICO,2008,2009.0,220000.0,Automática,Sedã,55900.0,100.0,São Paulo (SP)
67473018,TOYOTA,COROLLA,1.8 VVT-I HYBRID FLEX ALTIS PREMIUM CVT,2025,2025.0,29000.0,CVT,Sedã,184900.0,103.0,São Paulo (SP)
65673210,TOYOTA,COROLLA,1.8 GLI UPPER 16V FLEX 4P AUTOMÁTICO,2016,2017.0,130000.0,Automática,Sedã,78999.0,97.0,São Paulo (SP)
67871921,TOYOTA,COROLLA,2.0 XEI 16V FLEX 4P AUTOMÁTICO,2016,2017.0,149100.0,Automática,Sedã,85000.0,96.0,São Paulo (SP)
62357326,TOYOTA,COROLLA,2.0 XEI 16V FLEX 4P AUTOMÁTICO,2016,2017.0,102000.0,Automática,Sedã,87990.0,100.0,São Paulo (SP)
69142690,TOYOTA,COROLLA,2.0 VVT-IE FLEX GR-S DIRECT SHIFT,2024,2024.0,39664.0,CVT,Sedã,160500.0,101.0,São Paulo (SP)
69498788,TOYOTA,COROLLA,2.0 XEI 16V FLEX 4P AUTOMÁTICO,2019,2019.0,167000.0,CVT,Sedã,90000.0,87.0,São Paulo (SP)
68299043,TOYOTA,COROLLA,2.0 XEI 16V FLEX 4P AUTOMÁTICO,2016,2017.0,140000.0,Automática,Sedã,89900.0,102.0,São Paulo (SP)
67623622,TOYOTA,COROLLA,2.0 VVT-IE FLEX XEI DIRECT SHIFT,2022,2023.0,37000.0,CVT,Sedã,165000.0,129.0,São Paulo (SP)
67822736,TOYOTA,COROLLA,2.0 VVT-IE FLEX ALTIS DIRECT SHIFT,2020,2020.0,85400.0,CVT,Sedã,129888.0,104.0,São Paulo (SP)
65680827,TOYOTA,COROLLA,2.0 XEI 16V FLEX 4P AUTOMÁTICO,2017,2018.0,163500.0,CVT,Sedã,93900.0,94.0,São Paulo (SP)
49115813,TOYOTA,COROLLA,2.0 XEI 16V FLEX 4P AUTOMÁTICO,2018,2018.0,132000.0,CVT,Sedã,98500.0,99.0,São Paulo (SP)
67218042,TOYOTA,COROLLA,2.0 ALTIS 16V FLEX 4P AUTOMÁTICO,2017,2018.0,106000.0,CVT,Sedã,109900.0,107.0,São Paulo (SP)
67197643,TOYOTA,COROLLA,2.0 VVT-IE FLEX GR-S DIRECT SHIFT,2021,2022.0,110800.0,CVT,Sedã,123000.0,96.0,São Paulo (SP)
65665955,TOYOTA,COROLLA,2.0 VVT-IE FLEX GR-S DIRECT SHIFT,2022,2023.0,60000.0,CVT,Sedã,140000.0,101.0,São Paulo (SP)
66264050,TOYOTA,COROLLA,2.0 VVT-IE FLEX ALTIS DIRECT SHIFT,2021,2022.0,66758.0,CVT,Sedã,135500.0,99.0,São Paulo (SP)
64591348,TOYOTA,COROLLA,1.8 GLI 16V FLEX 4P AUTOMÁTICO,2017,2018.0,124000.0,CVT,Sedã,88000.0,103.0,São Paulo (SP)
66482881,TOYOTA,COROLLA,1.8 GLI 16V FLEX 4P AUTOMÁTICO,2016,2017.0,177000.0,Automática,Sedã,80000.0,99.0,São Paulo (SP)
68536817,TOYOTA,COROLLA,2.0 VVT-IE FLEX XEI DIRECT SHIFT,2024,2024.0,21000.0,CVT,Sedã,145000.0,102.0,São Paulo (SP)
68916338,TOYOTA,COROLLA,2.0 XEI 16V FLEX 4P AUTOMÁTICO,2018,2019.0,78000.0,CVT,Sedã,103990.0,101.0,São Paulo (SP)
67305791,TOYOTA,COROLLA,1.8 GLI UPPER 16V FLEX 4P AUTOMÁTICO,2017,2018.0,93000.0,CVT,Sedã,89000.0,104.0,São Paulo (SP)
67523164,TOYOTA,COROLLA,2.0 VVT-IE FLEX XEI DIRECT SHIFT,2024,2024.0,59800.0,CVT,Sedã,143150.0,100.0,São Paulo (SP)
68907527,TOYOTA,COROLLA,1.8 GLI 16V FLEX 4P AUTOMÁTICO,2015,2016.0,132000.0,Automática,Sedã,75900.0,97.0,São Paulo (SP)
68532504,TOYOTA,COROLLA,2.0 XEI 16V FLEX 4P AUTOMÁTICO,2019,2019.0,102000.0,CVT,Sedã,101500.0,99.0,São Paulo (SP)
66500353,TOYOTA,COROLLA,2.0 VVT-IE FLEX XEI DIRECT SHIFT,2023,2024.0,69000.0,CVT,Sedã,140000.0,98.0,São Paulo (SP)
67521224,TOYOTA,COROLLA,2.0 VVT-IE FLEX XEI DIRECT SHIFT,2020,2021.0,82000.0,CVT,Sedã,118999.0,99.0,São Paulo (SP)
69097605,TOYOTA,COROLLA,2.0 VVT-IE FLEX GR-S DIRECT SHIFT,2024,2024.0,16000.0,CVT,Sedã,213000.0,133.0,São Paulo (SP)
68398098,TOYOTA,COROLLA,1.8 XLI 16V FLEX 4P AUTOMÁTICO,2012,2012.0,215000.0,Automática,Sedã,55500.0,96.0,São Paulo (SP)
28782293,TOYOTA,COROLLA,2.0 VVT-IE FLEX XEI DIRECT SHIFT,2023,2024.0,53000.0,Automática,Sedã,137900.0,97.0,São Paulo (SP)
67812478,TOYOTA,COROLLA,1.8 VVT-I HYBRID FLEX ALTIS PREMIUM CVT,2024,2024.0,39600.0,CVT,Sedã,165999.0,100.0,São Paulo (SP)
66207957,TOYOTA,COROLLA,1.8 GLI UPPER 16V FLEX 4P AUTOMÁTICO,2019,2019.0,213000.0,CVT,Sedã,86500.0,98.0,São Paulo (SP)
68364121,TOYOTA,COROLLA,2.0 VVT-IE FLEX XEI DIRECT SHIFT,2023,2024.0,29849.0,CVT,Sedã,141900.0,99.0,São Paulo (SP)
66643353,TOYOTA,COROLLA,2.0 XRS 16V FLEX 4P AUTOMÁTICO,2017,2018.0,79800.0,CVT,Sedã,110000.0,111.0,São Paulo (SP)
67012548,TOYOTA,COROLLA,2.0 VVT-IE FLEX XEI DIRECT SHIFT,2025,2025.0,16300.0,CVT,Sedã,169900.0,107.0,São Paulo (SP)
66780208,TOYOTA,COROLLA,1.8 GLI 16V FLEX 4P AUTOMÁTICO,2016,2017.0,132000.0,Automática,Sedã,81000.0,100.0,São Paulo (SP)
67936944,TOYOTA,COROLLA,2.0 XEI 16V FLEX 4P AUTOMÁTICO,2012,2013.0,160537.0,Automática,Sedã,64800.0,98.0,São Paulo (SP)
67243664,TOYOTA,COROLLA,1.8 GLI 16V FLEX 4P AUTOMÁTICO,2015,2015.0,150000.0,Automática,Sedã,76000.0,101.0,São Paulo (SP)
66547210,TOYOTA,COROLLA,2.0 XEI 16V FLEX 4P AUTOMÁTICO,2016,2017.0,107000.0,Automática,Sedã,92000.0,104.0,São Paulo (SP)
67915667,TOYOTA,COROLLA,2.0 VVT-IE FLEX GLI DIRECT SHIFT,2020,2020.0,95000.0,CVT,Sedã,107990.0,100.0,São Paulo (SP)
63745970,TOYOTA,COROLLA,2.0 XRS 16V FLEX 4P AUTOMÁTICO,2017,2018.0,161000.0,CVT,Sedã,99000.0,100.0,São Paulo (SP)
66015340,TOYOTA,COROLLA,2.0 VVT-IE FLEX XEI DIRECT SHIFT,2020,2021.0,93000.0,CVT,Sedã,117777.0,98.0,São Paulo (SP)
65510408,TOYOTA,COROLLA,1.8 GLI 16V FLEX 4P AUTOMÁTICO,2012,2013.0,205000.0,Automática,Sedã,61898.0,99.0,São Paulo (SP)
63785927,TOYOTA,COROLLA,1.8 GLI UPPER 16V FLEX 4P AUTOMÁTICO,2016,2017.0,190000.0,Automática,Sedã,80000.0,98.0,São Paulo (SP)
66325325,TOYOTA,COROLLA,2.0 XEI 16V FLEX 4P AUTOMÁTICO,2016,2016.0,136700.0,Automática,Sedã,88900.0,105.0,São Paulo (SP)
66589112,TOYOTA,COROLLA,2.0 VVT-IE FLEX GR-S DIRECT SHIFT,2023,2024.0,65000.0,CVT,Sedã,155500.0,97.0,São Paulo (SP)
65169187,TOYOTA,COROLLA,2.0 VVT-IE FLEX XEI DIRECT SHIFT,2019,2020.0,107000.0,CVT,Sedã,115999.0,100.0,São Paulo (SP)
65150430,TOYOTA,COROLLA,2.0 XEI 16V FLEX 4P AUTOMÁTICO,2019,2019.0,100000.0,CVT,Sedã,105000.0,102.0,São Paulo (SP)
69417918,TOYOTA,COROLLA,1.8 VVT-I HYBRID FLEX ALTIS PREMIUM CVT,2023,2023.0,27500.0,CVT,Sedã,160000.0,111.0,São Paulo (SP)
68986064,TOYOTA,COROLLA,2.0 VVT-IE FLEX XEI DIRECT SHIFT,2023,2023.0,62000.0,CVT,Sedã,129699.0,102.0,São Paulo (SP)
66407806,TOYOTA,COROLLA,2.0 XEI 16V FLEX 4P AUTOMÁTICO,2018,2019.0,149000.0,CVT,Sedã,103900.0,101.0,São Paulo (SP)
66594547,TOYOTA,COROLLA,2.0 VVT-IE FLEX XEI DIRECT SHIFT,2022,2023.0,133500.0,Automática,Sedã,121900.0,95.0,São Paulo (SP)
65387127,TOYOTA,COROLLA,1.8 GLI 16V FLEX 4P AUTOMÁTICO,2018,2019.0,120000.0,CVT,Sedã,89000.0,101.0,São Paulo (SP)
68976803,TOYOTA,COROLLA,2.0 VVT-IE FLEX XEI DIRECT SHIFT,2024,2024.0,38500.0,CVT,Sedã,145888.0,102.0,São Paulo (SP)
66402213,TOYOTA,COROLLA,2.0 VVT-IE FLEX XEI DIRECT SHIFT,2023,2023.0,31000.0,CVT,Sedã,140000.0,110.0,São Paulo (SP)
65309283,TOYOTA,COROLLA,2.0 VVT-IE FLEX XEI DIRECT SHIFT,2023,2023.0,30000.0,CVT,Sedã,170000.0,133.0,São Paulo (SP)
68979648,TOYOTA,COROLLA,2.0 XEI 16V FLEX 4P AUTOMÁTICO,2014,2015.0,125500.0,Automática,Sedã,82900.0,101.0,São Paulo (SP)
68125212,TOYOTA,COROLLA,2.0 VVT-IE FLEX ALTIS DIRECT SHIFT,2020,2021.0,68000.0,CVT,Sedã,135000.0,104.0,São Paulo (SP)
66079209,TOYOTA,COROLLA,2.0 VVT-IE FLEX XEI DIRECT SHIFT,2021,2022.0,65600.0,CVT,Sedã,127000.0,103.0,São Paulo (SP)
65811914,TOYOTA,COROLLA,2.0 VVT-IE FLEX XEI DIRECT SHIFT,2025,2025.0,2566.0,CVT,Sedã,174990.0,110.0,São Paulo (SP)
65672264,TOYOTA,COROLLA,2.0 VVT-IE FLEX ALTIS DIRECT SHIFT,2022,2023.0,119000.0,Automática,Sedã,146900.0,102.0,São Paulo (SP)
67197518,TOYOTA,COROLLA,2.0 VVT-IE FLEX XEI DIRECT SHIFT,2023,2023.0,58300.0,CVT,Sedã,127900.0,100.0,São Paulo (SP)
66531332,TOYOTA,COROLLA,2.0 VVT-IE FLEX XEI DIRECT SHIFT,2023,2023.0,52000.0,CVT,Sedã,128900.0,101.0,São Paulo (SP)
68403839,TOYOTA,COROLLA,1.8 VVT-I HYBRID FLEX ALTIS PREMIUM CVT,2023,2024.0,62000.0,CVT,Sedã,167000.0,101.0,São Paulo (SP)
65779956,TOYOTA,COROLLA,2.0 XEI 16V FLEX 4P AUTOMÁTICO,2017,2018.0,106000.0,CVT,Sedã,103000.0,103.0,São Paulo (SP)
69528183,TOYOTA,COROLLA,2.0 XRS 16V FLEX 4P AUTOMÁTICO,2013,2014.0,151000.0,Automática,Sedã,69900.0,102.0,São Paulo (SP)
67580479,TOYOTA,COROLLA,2.0 VVT-IE FLEX XEI DIRECT SHIFT,2023,2023.0,80000.0,CVT,Sedã,159900.0,125.0,São Paulo (SP)
67003346,TOYOTA,COROLLA,1.8 VVT-I HYBRID FLEX ALTIS PREMIUM CVT,2021,2022.0,120000.0,CVT,Sedã,136900.0,101.0,São Paulo (SP)
68117201,TOYOTA,COROLLA,2.0 VVT-IE FLEX XEI DIRECT SHIFT,2023,2024.0,71500.0,CVT,Sedã,140000.0,98.0,São Paulo (SP)
66442508,TOYOTA,COROLLA,2.0 VVT-IE FLEX GR-S DIRECT SHIFT,2021,2022.0,73000.0,CVT,Sedã,135990.0,107.0,São Paulo (SP)
66097883,TOYOTA,COROLLA,2.0 VVT-IE FLEX XEI DIRECT SHIFT,2023,2024.0,65091.0,CVT,Sedã,143500.0,101.0,São Paulo (SP)
67869743,TOYOTA,COROLLA,2.0 VVT-IE FLEX XEI DIRECT SHIFT,2022,2023.0,70000.0,CVT,Sedã,130000.0,102.0,São Paulo (SP)
66588144,TOYOTA,COROLLA,2.0 VVT-IE FLEX GR-S DIRECT SHIFT,2021,2022.0,85000.0,CVT,Sedã,129000.0,101.0,São Paulo (SP)
69368940,TOYOTA,COROLLA,1.8 VVT-I HYBRID FLEX ALTIS CVT,2022,2023.0,169000.0,CVT,Sedã,139000.0,98.0,São Paulo (SP)
69433745,TOYOTA,COROLLA,2.0 VVT-IE FLEX XEI DIRECT SHIFT,2023,2023.0,60500.0,CVT,Sedã,126900.0,99.0,São Paulo (SP)
66097179,TOYOTA,COROLLA,1.8 GLI UPPER 16V FLEX 4P AUTOMÁTICO,2018,2019.0,178000.0,CVT,Sedã,91000.0,103.0,São Paulo (SP)
69561190,TOYOTA,COROLLA,1.8 GLI 16V FLEX 4P AUTOMÁTICO,2016,2017.0,51000.0,Automática,Sedã,90900.0,112.0,São Paulo (SP)
60774142,TOYOTA,COROLLA,2.0 VVT-IE FLEX XEI DIRECT SHIFT,2020,2021.0,84600.0,CVT,Sedã,122900.0,103.0,São Paulo (SP)
69273952,TOYOTA,COROLLA,2.0 VVT-IE FLEX GR-S DIRECT SHIFT,2023,2024.0,35882.0,CVT,Sedã,166000.0,104.0,São Paulo (SP)
68184494,TOYOTA,COROLLA,2.0 VVT-IE FLEX XEI DIRECT SHIFT,2021,2022.0,58700.0,CVT,Sedã,124900.0,102.0,São Paulo (SP)
65682234,TOYOTA,COROLLA,2.0 VVT-IE FLEX XEI DIRECT SHIFT,2022,2023.0,86500.0,CVT,Sedã,130000.0,102.0,São Paulo (SP)
69490774,TOYOTA,COROLLA,2.0 VVT-IE FLEX GR-S DIRECT SHIFT,2022,2023.0,42000.0,CVT,Sedã,140000.0,101.0,São Paulo (SP)
65515817,TOYOTA,COROLLA,2.0 VVT-IE FLEX XEI DIRECT SHIFT,2022,2023.0,64000.0,CVT,Sedã,143000.0,112.0,São Paulo (SP)
69332697,TOYOTA,COROLLA,1.8 VVT-I HYBRID FLEX ALTIS PREMIUM CVT,2022,2023.0,65200.0,CVT,Sedã,144500.0,100.0,São Paulo (SP)
68983156,TOYOTA,COROLLA,2.0 VVT-IE FLEX GLI DIRECT SHIFT,2025,2025.0,26000.0,CVT,Sedã,148000.0,102.0,São Paulo (SP)
50746699,TOYOTA,COROLLA,1.8 VVT-I HYBRID FLEX ALTIS PREMIUM CVT,2021,2022.0,75500.0,CVT,Sedã,149900.0,111.0,São Paulo (SP)
67734196,TOYOTA,COROLLA,1.8 GLI 16V FLEX 4P AUTOMÁTICO,2010,2011.0,193000.0,Automática,Sedã,52000.0,94.0,São Paulo (SP)
67746549,TOYOTA,COROLLA,2.0 VVT-IE FLEX ALTIS DIRECT SHIFT,2024,2024.0,22771.0,CVT,Sedã,160000.0,98.0,São Paulo (SP)
67752188,TOYOTA,COROLLA,2.0 VVT-IE FLEX XEI DIRECT SHIFT,2021,2022.0,18400.0,CVT,Sedã,127000.0,103.0,São Paulo (SP)
67784047,TOYOTA,COROLLA,1.8 GLI 16V FLEX 4P AUTOMÁTICO,2017,2017.0,163000.0,Automática,Sedã,77000.0,95.0,São Paulo (SP)
42638143,TOYOTA,COROLLA,2.0 XEI 16V FLEX 4P AUTOMÁTICO,2014,2015.0,179000.0,Automática,Sedã,68990.0,84.0,São Paulo (SP)
67861211,TOYOTA,COROLLA,2.0 VVT-IE FLEX GR-S DIRECT SHIFT,2024,2024.0,8900.0,CVT,Sedã,166000.0,104.0,São Paulo (SP)
67137798,TOYOTA,COROLLA,1.8 GLI 16V FLEX 4P AUTOMÁTICO,2016,2017.0,78000.0,Automática,Sedã,80000.0,99.0,São Paulo (SP)
67207697,TOYOTA,COROLLA,2.0 VVT-IE FLEX XEI DIRECT SHIFT,2025,2026.0,2310.0,CVT,Sedã,170000.0,103.0,São Paulo (SP)
68392006,TOYOTA,COROLLA,1.8 VVT-I HYBRID FLEX ALTIS PREMIUM CVT,2023,2023.0,25500.0,CVT,Sedã,144990.0,100.0,São Paulo (SP)
67623963,TOYOTA,COROLLA,2.0 VVT-IE FLEX XEI DIRECT SHIFT,2024,2024.0,25000.0,CVT,Sedã,142900.0,100.0,São Paulo (SP)
66471511,TOYOTA,COROLLA,2.0 XEI 16V FLEX 4P AUTOMÁTICO,2010,2011.0,199000.0,Automática,Sedã,57000.0,97.0,São Paulo (SP)
67798995,TOYOTA,COROLLA,2.0 XEI 16V FLEX 4P AUTOMÁTICO,2015,2016.0,210000.0,Automática,Sedã,78000.0,92.0,São Paulo (SP)
67612996,TOYOTA,COROLLA,2.0 VVT-IE FLEX XEI DIRECT SHIFT,2021,2022.0,44000.0,CVT,Sedã,149900.0,122.0,São Paulo (SP)
66963442,TOYOTA,COROLLA,2.0 VVT-IE FLEX XEI DIRECT SHIFT,2023,2024.0,36000.0,CVT,Sedã,138900.0,97.0,São Paulo (SP)
67180688,TOYOTA,COROLLA,1.8 VVT-I HYBRID FLEX ALTIS PREMIUM CVT,2022,2023.0,69500.0,CVT,Sedã,138500.0,96.0,São Paulo (SP)
66170243,TOYOTA,COROLLA,2.0 VVT-IE FLEX XEI DIRECT SHIFT,2019,2020.0,55000.0,CVT,Sedã,118500.0,102.0,São Paulo (SP)
66402800,TOYOTA,COROLLA,2.0 VVT-IE FLEX XEI DIRECT SHIFT,2022,2023.0,93000.0,CVT,Sedã,118400.0,93.0,São Paulo (SP)
65747243,TOYOTA,COROLLA,1.8 VVT-I HYBRID FLEX ALTIS PREMIUM CVT,2020,2021.0,61000.0,CVT,Sedã,139990.0,108.0,São Paulo (SP)
66443573,TOYOTA,COROLLA,2.0 XEI 16V FLEX 4P AUTOMÁTICO,2017,2018.0,128000.0,CVT,Sedã,102075.0,103.0,São Paulo (SP)
66531482,TOYOTA,COROLLA,2.0 VVT-IE FLEX XEI DIRECT SHIFT,2021,2022.0,44333.0,CVT,Sedã,130000.0,106.0,São Paulo (SP)
68181094,TOYOTA,COROLLA,2.0 VVT-IE FLEX XEI DIRECT SHIFT,2023,2023.0,53000.0,CVT,Sedã,128000.0,100.0,São Paulo (SP)
63359671,TOYOTA,COROLLA,2.0 VVT-IE FLEX XEI DIRECT SHIFT,2024,2024.0,48000.0,CVT,Sedã,144990.0,102.0,São Paulo (SP)
61652034,TOYOTA,COROLLA,2.0 VVT-IE FLEX XEI DIRECT SHIFT,2023,2023.0,64000.0,CVT,Sedã,130000.0,102.0,São Paulo (SP)
64160208,TOYOTA,COROLLA,2.0 VVT-IE FLEX XEI DIRECT SHIFT,2023,2023.0,70000.0,CVT,Sedã,135000.0,106.0,São Paulo (SP)
63061996,TOYOTA,COROLLA,2.0 VVT-IE FLEX XEI DIRECT SHIFT,2020,2021.0,107000.0,CVT,Sedã,135000.0,113.0,São Paulo (SP)
69444445,TOYOTA,COROLLA,2.0 VVT-IE FLEX XEI DIRECT SHIFT,2022,2023.0,74332.0,Automática,Sedã,125990.0,99.0,São Paulo (SP)
66805950,TOYOTA,COROLLA,2.0 XEI 16V FLEX 4P AUTOMÁTICO,2018,2019.0,143338.0,Automática,Sedã,105990.0,103.0,São Paulo (SP)
69554260,TOYOTA,COROLLA,2.0 VVT-IE FLEX XEI DIRECT SHIFT,2022,2023.0,39982.0,Automática,Sedã,132990.0,104.0,São Paulo (SP)
67579761,TOYOTA,COROLLA,2.0 VVT-IE FLEX XEI DIRECT SHIFT,2019,2020.0,53491.0,Automática,Sedã,149880.0,129.0,São Paulo (SP)
64476254,TOYOTA,COROLLA,2.0 XEI 16V FLEX 4P AUTOMÁTICO,2018,2019.0,162700.0,Automática,Sedã,96990.0,94.0,São Paulo (SP)
63218056,TOYOTA,COROLLA,2.0 XEI 16V FLEX 4P AUTOMÁTICO,2019,2019.0,108573.0,CVT,Sedã,108900.0,106.0,São Paulo (SP)
66875938,TOYOTA,COROLLA,2.0 XEI 16V FLEX 4P AUTOMÁTICO,2019,2019.0,7590.0,CVT,Sedã,119900.0,117.0,São Paulo (SP)
69385122,TOYOTA,COROLLA,1.8 VVT-I HYBRID FLEX ALTIS CVT,2020,2021.0,98000.0,Automática,Sedã,123800.0,98.0,São Paulo (SP)
66547493,TOYOTA,COROLLA,2.0 VVT-IE FLEX XEI DIRECT SHIFT,2021,2022.0,80000.0,CVT,Sedã,119990.0,98.0,São Paulo (SP)
66225995,TOYOTA,COROLLA,2.0 VVT-IE FLEX XEI DIRECT SHIFT,2024,2024.0,53900.0,CVT,Sedã,143000.0,100.0,São Paulo (SP)
67404857,TOYOTA,COROLLA,1.8 GLI UPPER 16V FLEX 4P AUTOMÁTICO,2017,2018.0,89000.0,Automática,Sedã,91900.0,107.0,São Paulo (SP)
63632111,TOYOTA,COROLLA,2.0 VVT-IE FLEX XEI DIRECT SHIFT,2021,2022.0,115285.0,Automática,Sedã,120590.0,98.0,São Paulo (SP)
63754121,TOYOTA,COROLLA,2.0 VVT-IE FLEX XEI DIRECT SHIFT,2022,2023.0,53595.0,Automática,Sedã,137490.0,108.0,São Paulo (SP)
65074700,TOYOTA,COROLLA,2.0 VVT-IE FLEX XEI DIRECT SHIFT,2023,2023.0,64955.0,Automática,Sedã,133290.0,104.0,São Paulo (SP)
68351377,TOYOTA,COROLLA,1.8 GLI 16V FLEX 4P AUTOMÁTICO,2010,2011.0,154990.0,Automática,Sedã,57890.0,104.0,São Paulo (SP)
67379441,TOYOTA,COROLLA,2.0 ALTIS 16V FLEX 4P AUTOMÁTICO,2013,2013.0,185363.0,Automática,Sedã,71990.0,107.0,São Paulo (SP)
69243119,TOYOTA,COROLLA,1.8 VVT-I HYBRID FLEX ALTIS PREMIUM CVT,2025,2026.0,4000.0,CVT,Sedã,192900.0,102.0,São Paulo (SP)
64788026,TOYOTA,COROLLA,2.0 VVT-IE FLEX ALTIS DIRECT SHIFT,2022,2023.0,47858.0,Automática,Sedã,149890.0,105.0,São Paulo (SP)
67806225,TOYOTA,COROLLA,2.0 VVT-IE FLEX GLI DIRECT SHIFT,2019,2020.0,80482.0,Automática,Sedã,113900.0,106.0,São Paulo (SP)
66701435,TOYOTA,COROLLA,2.0 XEI 16V FLEX 4P AUTOMÁTICO,2017,2018.0,119602.0,Automática,Sedã,105900.0,106.0,São Paulo (SP)
67212654,TOYOTA,COROLLA,2.0 VVT-IE FLEX XEI DIRECT SHIFT,2021,2022.0,89869.0,Automática,Sedã,120890.0,98.0,São Paulo (SP)
63129207,TOYOTA,COROLLA,2.0 VVT-IE FLEX ALTIS DIRECT SHIFT,2022,2023.0,69111.0,CVT,Sedã,189900.0,132.0,São Paulo (SP)
67140786,TOYOTA,COROLLA,2.0 VVT-IE FLEX XEI DIRECT SHIFT,2023,2024.0,48400.0,Automática,Sedã,138990.0,97.0,São Paulo (SP)
69418165,TOYOTA,COROLLA,2.0 VVT-IE FLEX XEI DIRECT SHIFT,2025,2026.0,3000.0,Automática,Sedã,279990.0,170.0,São Paulo (SP)
69251536,TOYOTA,COROLLA,1.8 VVT-I HYBRID FLEX ALTIS PREMIUM CVT,2025,2026.0,14799.0,Automática,Sedã,179800.0,95.0,São Paulo (SP)
61036410,TOYOTA,COROLLA,1.8 VVT-I HYBRID FLEX ALTIS CVT,2022,2023.0,102258.0,Automática,Sedã,144990.0,102.0,São Paulo (SP)
67807835,TOYOTA,COROLLA,2.0 VVT-IE FLEX XEI DIRECT SHIFT,2021,2022.0,80512.0,CVT,Sedã,122900.0,100.0,São Paulo (SP)
65279022,TOYOTA,COROLLA,1.8 VVT-I HYBRID FLEX ALTIS PREMIUM CVT,2025,2026.0,0.0,CVT,Sedã,204320.0,108.0,São Paulo (SP)
67960996,TOYOTA,COROLLA,2.0 VVT-IE FLEX XEI DIRECT SHIFT,2022,2022.0,80512.0,Automática,Sedã,122900.0,100.0,São Paulo (SP)
69266438,TOYOTA,COROLLA,1.8 VVT-I HYBRID FLEX ALTIS PREMIUM CVT,2024,2024.0,41161.0,Automática,Sedã,169900.0,103.0,São Paulo (SP)
69453840,TOYOTA,COROLLA,2.0 VVT-IE FLEX XEI DIRECT SHIFT,2022,2023.0,57179.0,Automática,Sedã,129590.0,101.0,São Paulo (SP)
66257803,TOYOTA,COROLLA,2.0 VVT-IE FLEX XEI DIRECT SHIFT,2026,2026.0,0.0,CVT,Sedã,175620.0,107.0,São Paulo (SP)
68756116,TOYOTA,COROLLA,2.0 VVT-IE FLEX ALTIS DIRECT SHIFT,2022,2023.0,49000.0,CVT,Sedã,145990.0,102.0,São Paulo (SP)
68637097,TOYOTA,COROLLA,1.8 GLI 16V FLEX 4P AUTOMÁTICO,2017,2017.0,104682.0,Automática,Sedã,94900.0,117.0,São Paulo (SP)
68481723,TOYOTA,COROLLA,2.0 VVT-IE FLEX XEI DIRECT SHIFT,2021,2022.0,43986.0,Automática,Sedã,130490.0,106.0,São Paulo (SP)
69557509,TOYOTA,COROLLA,2.0 VVT-IE FLEX XEI DIRECT SHIFT,2023,2024.0,92544.0,Automática,Sedã,129900.0,91.0,São Paulo (SP)
69146891,TOYOTA,COROLLA,2.0 VVT-IE FLEX XEI DIRECT SHIFT,2022,2023.0,87000.0,CVT,Sedã,132000.0,103.0,São Paulo (SP)
66360873,TOYOTA,COROLLA,2.0 ALTIS 16V FLEX 4P AUTOMÁTICO,2011,2012.0,215000.0,Automática,Sedã,63800.0,98.0,São Paulo (SP)
65636955,TOYOTA,COROLLA,2.0 ALTIS 16V FLEX 4P AUTOMÁTICO,2018,2018.0,122000.0,Automática,Sedã,108900.0,106.0,São Paulo (SP)
64507568,TOYOTA,COROLLA,2.0 VVT-IE FLEX GLI DIRECT SHIFT,2020,2020.0,42933.0,Automática,Sedã,124790.0,116.0,São Paulo (SP)
64617949,TOYOTA,COROLLA,1.8 VVT-I HYBRID FLEX ALTIS PREMIUM CVT,2024,2024.0,11605.0,Automática,Sedã,171190.0,103.0,São Paulo (SP)
65145774,TOYOTA,COROLLA,1.8 VVT-I HYBRID FLEX ALTIS PREMIUM CVT,2021,2022.0,49900.0,Automática,Sedã,178890.0,133.0,São Paulo (SP)
66305145,TOYOTA,COROLLA,1.8 GLI 16V FLEX 4P AUTOMÁTICO,2017,2018.0,128000.0,Automática,Sedã,84899.0,100.0,São Paulo (SP)
65908811,TOYOTA,COROLLA,1.8 GLI UPPER 16V FLEX 4P AUTOMÁTICO,2019,2019.0,97346.0,Automática,Sedã,98790.0,112.0,São Paulo (SP)
65410589,TOYOTA,COROLLA,1.8 SE-G 16V FLEX 4P AUTOMÁTICO,2009,2009.0,182000.0,Automática,Sedã,59888.0,107.0,São Paulo (SP)
66293597,TOYOTA,COROLLA,2.0 XEI 16V FLEX 4P AUTOMÁTICO,2014,2015.0,138501.0,Automática,Sedã,79990.0,98.0,São Paulo (SP)
66222940,TOYOTA,COROLLA,1.8 VVT-I HYBRID FLEX ALTIS PREMIUM CVT,2024,2024.0,27000.0,Automática,Sedã,234900.0,142.0,São Paulo (SP)
67145420,TOYOTA,COROLLA,2.0 VVT-IE FLEX XEI DIRECT SHIFT,2022,2023.0,575.0,Automática,Sedã,132590.0,104.0,São Paulo (SP)
66192903,TOYOTA,COROLLA,2.0 VVT-IE FLEX XEI DIRECT SHIFT,2022,2023.0,57179.0,Automática,Sedã,126790.0,99.0,São Paulo (SP)
65191375,TOYOTA,COROLLA,1.8 VVT-I HYBRID FLEX ALTIS CVT,2022,2023.0,8402.0,Automática,Sedã,165590.0,116.0,São Paulo (SP)
64475939,TOYOTA,COROLLA,2.0 VVT-IE FLEX XEI DIRECT SHIFT,2022,2023.0,39909.0,Automática,Sedã,136790.0,107.0,São Paulo (SP)
66607967,TOYOTA,COROLLA,2.0 VVT-IE FLEX XEI DIRECT SHIFT,2023,2024.0,95500.0,Automática,Sedã,139900.0,98.0,São Paulo (SP)
64815645,TOYOTA,COROLLA,1.8 VVT-I HYBRID FLEX ALTIS CVT,2022,2023.0,8402.0,Automática,Sedã,165590.0,116.0,São Paulo (SP)
64798721,TOYOTA,COROLLA,1.8 VVT-I HYBRID FLEX ALTIS CVT,2022,2023.0,8402.0,Automática,Sedã,165590.0,116.0,São Paulo (SP)
66671178,TOYOTA,COROLLA,2.0 VVT-IE FLEX XEI DIRECT SHIFT,2022,2023.0,123000.0,CVT,Sedã,127000.0,99.0,São Paulo (SP)
68650353,TOYOTA,COROLLA,2.0 VVT-IE FLEX XEI DIRECT SHIFT,2022,2023.0,64037.0,Automática,Sedã,121890.0,95.0,São Paulo (SP)
66343267,TOYOTA,COROLLA,2.0 VVT-IE FLEX ALTIS DIRECT SHIFT,2023,2023.0,71650.0,Automática,Sedã,138990.0,97.0,São Paulo (SP)
65522442,TOYOTA,COROLLA,1.8 VVT-I HYBRID FLEX ALTIS CVT,2023,2023.0,72376.0,Automática,Sedã,143890.0,101.0,São Paulo (SP)
65619078,TOYOTA,COROLLA,2.0 VVT-IE FLEX XEI DIRECT SHIFT,2022,2023.0,66930.0,Automática,Sedã,126890.0,99.0,São Paulo (SP)
64978678,TOYOTA,COROLLA,2.0 VVT-IE FLEX ALTIS DIRECT SHIFT,2024,2024.0,69000.0,Automática,Sedã,165900.0,102.0,São Paulo (SP)
65809068,TOYOTA,COROLLA,2.0 VVT-IE FLEX XEI DIRECT SHIFT,2026,2026.0,0.0,CVT,Sedã,177010.0,108.0,São Paulo (SP)
65808572,TOYOTA,COROLLA,2.0 VVT-IE FLEX XEI DIRECT SHIFT,2026,2026.0,0.0,CVT,Sedã,177010.0,108.0,São Paulo (SP)
68889717,TOYOTA,COROLLA,2.0 VVT-IE FLEX XEI DIRECT SHIFT,2023,2023.0,48538.0,CVT,Sedã,125900.0,99.0,São Paulo (SP)
67960316,TOYOTA,COROLLA,2.0 VVT-IE FLEX XEI DIRECT SHIFT,2021,2022.0,55117.0,Automática,Sedã,125990.0,103.0,São Paulo (SP)
68478103,TOYOTA,COROLLA,2.0 VVT-IE FLEX XEI DIRECT SHIFT,2022,2023.0,68351.0,Automática,Sedã,133900.0,105.0,São Paulo (SP)
67989272,TOYOTA,COROLLA,2.0 VVT-IE FLEX ALTIS DIRECT SHIFT,2024,2024.0,24000.0,CVT,Sedã,163999.0,100.0,São Paulo (SP)
69229243,TOYOTA,COROLLA,1.8 VVT-I HYBRID FLEX ALTIS PREMIUM CVT,2020,2021.0,46600.0,CVT,Sedã,134980.0,104.0,São Paulo (SP)
68347255,TOYOTA,COROLLA,2.0 VVT-IE FLEX GR-S DIRECT SHIFT,2024,2024.0,17000.0,Automática,Sedã,169890.0,106.0,São Paulo (SP)
67205315,TOYOTA,COROLLA,2.0 XEI 16V FLEX 4P AUTOMÁTICO,2018,2019.0,145537.0,CVT,Sedã,103900.0,101.0,São Paulo (SP)
68869870,TOYOTA,COROLLA,2.0 XEI 16V FLEX 4P AUTOMÁTICO,2016,2017.0,143000.0,Automática,Sedã,85900.0,97.0,São Paulo (SP)
68791536,TOYOTA,COROLLA,2.0 VVT-IE FLEX XEI DIRECT SHIFT,2021,2022.0,70975.0,CVT,Sedã,120900.0,98.0,São Paulo (SP)
69496107,TOYOTA,COROLLA,1.8 VVT-I HYBRID FLEX ALTIS PREMIUM CVT,2022,2023.0,40388.0,CVT,Sedã,172900.0,120.0,São Paulo (SP)
67232837,TOYOTA,COROLLA,1.8 VVT-I HYBRID FLEX ALTIS PREMIUM CVT,2020,2020.0,143802.0,Automática,Sedã,130900.0,104.0,São Paulo (SP)
68479536,TOYOTA,COROLLA,1.8 GLI 16V FLEX 4P AUTOMÁTICO,2016,2017.0,150482.0,Automática,Sedã,84900.0,105.0,São Paulo (SP)
69498339,TOYOTA,COROLLA,2.0 VVT-IE FLEX XEI DIRECT SHIFT,2021,2022.0,62136.0,Automática,Sedã,120900.0,98.0,São Paulo (SP)
67022511,TOYOTA,COROLLA,2.0 XEI 16V FLEX 4P AUTOMÁTICO,2018,2019.0,79000.0,Automática,Sedã,108900.0,106.0,São Paulo (SP)
65721027,TOYOTA,COROLLA,2.0 XEI 16V FLEX 4P AUTOMÁTICO,2011,2012.0,78000.0,Automática,Sedã,74990.0,118.0,São Paulo (SP)
67735809,TOYOTA,COROLLA,1.8 GLI 16V FLEX 4P AUTOMÁTICO,2011,2012.0,155503.0,Automática,Sedã,67900.0,114.0,São Paulo (SP)
67911967,TOYOTA,COROLLA,1.8 GLI 16V FLEX 4P AUTOMÁTICO,2017,2017.0,100100.0,Automática,Sedã,75900.0,93.0,São Paulo (SP)
66959702,TOYOTA,COROLLA,1.8 GLI 16V FLEX 4P AUTOMÁTICO,2014,2015.0,96000.0,Automática,Sedã,78499.0,104.0,São Paulo (SP)
68533687,TOYOTA,COROLLA,2.0 VVT-IE FLEX XEI DIRECT SHIFT,2021,2022.0,49000.0,CVT,Sedã,118890.0,97.0,São Paulo (SP)
67291836,TOYOTA,COROLLA,2.0 ALTIS 16V FLEX 4P AUTOMÁTICO,2011,2012.0,132479.0,Automática,Sedã,70890.0,108.0,São Paulo (SP)
66576299,TOYOTA,COROLLA,2.0 VVT-IE FLEX ALTIS DIRECT SHIFT,2021,2022.0,80253.0,Automática,Sedã,130000.0,95.0,São Paulo (SP)
67065743,TOYOTA,COROLLA,2.0 XEI 16V FLEX 4P AUTOMÁTICO,2015,2016.0,122000.0,Automática,Sedã,81800.0,97.0,São Paulo (SP)
69448445,TOYOTA,COROLLA,2.0 VVT-IE FLEX XEI DIRECT SHIFT,2023,2023.0,20662.0,CVT,Sedã,127900.0,100.0,São Paulo (SP)
67887459,TOYOTA,COROLLA,1.8 VVT-I HYBRID FLEX ALTIS PREMIUM CVT,2023,2023.0,40918.0,CVT,Sedã,149990.0,104.0,São Paulo (SP)
68109627,TOYOTA,COROLLA,1.8 VVT-I HYBRID FLEX ALTIS PREMIUM CVT,2021,2022.0,90486.0,CVT,Sedã,129900.0,96.0,São Paulo (SP)
67816284,TOYOTA,COROLLA,2.0 VVT-IE FLEX XEI DIRECT SHIFT,2021,2021.0,63068.0,CVT,Sedã,123000.0,103.0,São Paulo (SP)
68090644,TOYOTA,COROLLA,2.0 XRS 16V FLEX 4P AUTOMÁTICO,2017,2018.0,91750.0,Automática,Sedã,102900.0,104.0,São Paulo (SP)
68863061,TOYOTA,COROLLA,2.0 VVT-IE FLEX XEI DIRECT SHIFT,2022,2023.0,38815.0,CVT,Sedã,129990.0,102.0,São Paulo (SP)
68378501,TOYOTA,COROLLA,2.0 VVT-IE FLEX XEI DIRECT SHIFT,2023,2023.0,44604.0,CVT,Sedã,128990.0,101.0,São Paulo (SP)
66741692,TOYOTA,COROLLA,2.0 XEI 16V FLEX 4P AUTOMÁTICO,2015,2016.0,137000.0,Automática,Sedã,79000.0,94.0,São Paulo (SP)
67915063,TOYOTA,COROLLA,2.0 XEI 16V FLEX 4P AUTOMÁTICO,2014,2015.0,176000.0,Automática,Sedã,69900.0,85.0,São Paulo (SP)
67675349,TOYOTA,COROLLA,2.0 XRS 16V FLEX 4P AUTOMÁTICO,2018,2019.0,57000.0,CVT,Sedã,105000.0,103.0,São Paulo (SP)
67878887,TOYOTA,COROLLA,1.8 XEI 16V FLEX 4P AUTOMÁTICO,2002,2003.0,182934.0,Automática,Sedã,37000.0,115.0,São Paulo (SP)
68182894,TOYOTA,COROLLA,1.8 GLI 16V FLEX 4P AUTOMÁTICO,2013,2014.0,117000.0,Automática,Sedã,66000.0,102.0,São Paulo (SP)
67708876,TOYOTA,COROLLA,1.8 XEI 16V GASOLINA 4P AUTOMÁTICO,2001,2001.0,285000.0,Automática,Sedã,31500.0,115.0,São Paulo (SP)
67870163,TOYOTA,COROLLA,2.0 XEI 16V FLEX 4P AUTOMÁTICO,2010,2011.0,220000.0,Automática,Sedã,55000.0,94.0,São Paulo (SP)
68500309,TOYOTA,COROLLA,1.8 GLI UPPER 16V FLEX 4P AUTOMÁTICO,2017,2018.0,158765.0,CVT,Sedã,75000.0,87.0,São Paulo (SP)
68138027,TOYOTA,COROLLA,2.0 XEI 16V FLEX 4P AUTOMÁTICO,2015,2016.0,59000.0,Automática,Sedã,90000.0,107.0,São Paulo (SP)
67767648,TOYOTA,COROLLA,1.8 SE-G 16V FLEX 4P AUTOMÁTICO,2008,2009.0,180000.0,Automática,Sedã,59900.0,107.0,São Paulo (SP)
67521226,TOYOTA,COROLLA,2.0 XEI 16V FLEX 4P AUTOMÁTICO,2012,2013.0,195000.0,Automática,Sedã,65000.0,98.0,São Paulo (SP)
69244184,TOYOTA,COROLLA,1.8 VVT-I HYBRID FLEX ALTIS PREMIUM CVT,2023,2023.0,37500.0,CVT,Sedã,146990.0,102.0,São Paulo (SP)
66772587,TOYOTA,COROLLA,1.8 GLI 16V FLEX 4P AUTOMÁTICO,2016,2017.0,91000.0,Automática,Sedã,82900.0,102.0,São Paulo (SP)
65903157,TOYOTA,COROLLA,2.0 VVT-IE FLEX XEI DIRECT SHIFT,2024,2024.0,45000.0,CVT,Sedã,139890.0,98.0,São Paulo (SP)
63534757,TOYOTA,COROLLA,1.8 GLI 16V FLEX 4P AUTOMÁTICO,2013,2014.0,205700.0,Automática,Sedã,65000.0,100.0,São Paulo (SP)
68300556,TOYOTA,COROLLA,2.0 VVT-IE FLEX XEI DIRECT SHIFT,2024,2024.0,10500.0,CVT,Sedã,199000.0,140.0,São Paulo (SP)
69446356,TOYOTA,COROLLA,2.0 ALTIS 16V FLEX 4P AUTOMÁTICO,2018,2018.0,89066.0,CVT,Sedã,112900.0,110.0,São Paulo (SP)
65483261,TOYOTA,COROLLA,2.0 VVT-IE FLEX ALTIS DIRECT SHIFT,2022,2023.0,33500.0,CVT,Sedã,144900.0,101.0,São Paulo (SP)
69588985,TOYOTA,COROLLA,2.0 VVT-IE FLEX XEI DIRECT SHIFT,2022,2023.0,46812.0,CVT,Sedã,130000.0,102.0,São Paulo (SP)
69389728,TOYOTA,COROLLA,2.0 XEI 16V FLEX 4P AUTOMÁTICO,2018,2018.0,82841.0,CVT,Sedã,80000.0,80.0,São Paulo (SP)
67317381,TOYOTA,COROLLA,2.0 VVT-IE FLEX GR-S DIRECT SHIFT,2025,2025.0,15000.0,CVT,Sedã,174000.0,99.0,São Paulo (SP)
67913621,TOYOTA,COROLLA,2.0 VVT-IE FLEX GLI DIRECT SHIFT,2025,2025.0,11000.0,CVT,Sedã,140000.0,97.0,São Paulo (SP)
61767600,TOYOTA,COROLLA,2.0 XEI 16V FLEX 4P AUTOMÁTICO,2013,2014.0,89000.0,Automática,Sedã,68000.0,97.0,São Paulo (SP)
67448732,TOYOTA,COROLLA,1.6 XLI 16V GASOLINA 4P AUTOMÁTICO,2005,2005.0,238000.0,Automática,Sedã,34500.0,98.0,São Paulo (SP)
63395676,TOYOTA,COROLLA,1.8 GLI 16V FLEX 4P AUTOMÁTICO,2015,2016.0,145000.0,Automática,Sedã,72900.0,93.0,São Paulo (SP)
67032043,TOYOTA,COROLLA,1.8 XLI 16V FLEX 4P AUTOMÁTICO,2010,2010.0,184000.0,Automática,Sedã,49900.0,93.0,São Paulo (SP)
48591495,TOYOTA,COROLLA,1.8 GLI 16V FLEX 4P AUTOMÁTICO,2017,2018.0,61400.0,CVT,Sedã,87500.0,103.0,São Paulo (SP)
67098125,TOYOTA,COROLLA,2.0 VVT-IE FLEX XEI DIRECT SHIFT,2024,2024.0,101000.0,CVT,Sedã,125900.0,88.0,São Paulo (SP)
67155014,TOYOTA,COROLLA,1.8 GLI 16V FLEX 4P AUTOMÁTICO,2016,2017.0,106000.0,Automática,Sedã,78000.0,96.0,São Paulo (SP)
68229660,TOYOTA,COROLLA,2.0 XEI 16V FLEX 4P AUTOMÁTICO,2015,2016.0,108000.0,Automática,Sedã,79000.0,94.0,São Paulo (SP)
68299076,TOYOTA,COROLLA,2.0 VVT-IE FLEX XEI DIRECT SHIFT,2024,2024.0,29000.0,CVT,Sedã,142650.0,100.0,São Paulo (SP)
63082849,TOYOTA,COROLLA,2.0 XEI 16V FLEX 4P AUTOMÁTICO,2010,2011.0,210000.0,Automática,Sedã,53000.0,91.0,São Paulo (SP)
67552563,TOYOTA,COROLLA,1.8 GLI 16V FLEX 4P AUTOMÁTICO,2012,2012.0,118000.0,Automática,Sedã,60000.0,100.0,São Paulo (SP)
33859060,TOYOTA,COROLLA,1.6 DX 16V GASOLINA 4P MANUAL,1995,1995.0,185000.0,Manual,Sedã,53999.0,313.0,São Paulo (SP)
64947232,TOYOTA,COROLLA,2.0 VVT-IE FLEX XEI DIRECT SHIFT,2020,2021.0,80000.0,Automática,Sedã,119990.0,100.0,São Paulo (SP)
67816300,TOYOTA,COROLLA,2.0 VVT-IE FLEX XEI DIRECT SHIFT,2021,2022.0,80000.0,CVT,Sedã,115000.0,94.0,São Paulo (SP)
67086088,TOYOTA,COROLLA,1.8 GLI 16V FLEX 4P AUTOMÁTICO,2014,2015.0,104784.0,CVT,Sedã,74890.0,99.0,São Paulo (SP)
63023698,TOYOTA,COROLLA,2.0 XEI 16V FLEX 4P AUTOMÁTICO,2011,2012.0,132000.0,Automática,Sedã,58900.0,93.0,São Paulo (SP)
63052245,TOYOTA,COROLLA,2.0 XEI 16V FLEX 4P AUTOMÁTICO,2014,2015.0,127000.0,Automática,Sedã,79900.0,97.0,São Paulo (SP)
67192078,TOYOTA,COROLLA,2.0 XRS 16V FLEX 4P AUTOMÁTICO,2012,2013.0,96000.0,Automática,Sedã,69000.0,103.0,São Paulo (SP)
67514789,TOYOTA,COROLLA,1.8 VVT-I HYBRID FLEX ALTIS PREMIUM CVT,2022,2023.0,138000.0,CVT,Sedã,135000.0,93.0,São Paulo (SP)
65315484,TOYOTA,COROLLA,1.8 GLI 16V FLEX 4P AUTOMÁTICO,2011,2012.0,217871.0,Automática,Sedã,54999.0,92.0,São Paulo (SP)
66648593,TOYOTA,COROLLA,1.8 XEI 16V FLEX 4P AUTOMÁTICO,2009,2010.0,235000.0,Automática,Sedã,54000.0,97.0,São Paulo (SP)
67850206,TOYOTA,COROLLA,2.0 XEI 16V FLEX 4P AUTOMÁTICO,2018,2019.0,101800.0,CVT,Sedã,100300.0,98.0,São Paulo (SP)
68640115,TOYOTA,COROLLA,2.0 VVT-IE FLEX XEI DIRECT SHIFT,2024,2024.0,12030.0,CVT,Sedã,148000.0,104.0,São Paulo (SP)
67701367,TOYOTA,COROLLA,2.0 VVT-IE FLEX XEI DIRECT SHIFT,2022,2023.0,30000.0,CVT,Sedã,130500.0,102.0,São Paulo (SP)
67236243,TOYOTA,COROLLA,2.0 XEI 16V FLEX 4P AUTOMÁTICO,2011,2012.0,92300.0,Automática,Sedã,66500.0,105.0,São Paulo (SP)
47388072,TOYOTA,COROLLA,2.0 DYNAMIC 16V FLEX 4P AUTOMÁTICO,2016,2017.0,102000.0,Automática,Sedã,85000.0,95.0,São Paulo (SP)
67221815,TOYOTA,COROLLA,2.0 VVT-IE FLEX XEI DIRECT SHIFT,2023,2024.0,22000.0,CVT,Sedã,143800.0,101.0,São Paulo (SP)
65814156,TOYOTA,COROLLA,1.8 GLI 16V FLEX 4P AUTOMÁTICO,2017,2018.0,104864.0,CVT,Sedã,84900.0,100.0,São Paulo (SP)
66543641,TOYOTA,COROLLA,2.0 ALTIS 16V FLEX 4P AUTOMÁTICO,2016,2017.0,122000.0,Automática,Sedã,88500.0,98.0,São Paulo (SP)
66613721,TOYOTA,COROLLA,2.0 ALTIS 16V FLEX 4P AUTOMÁTICO,2015,2016.0,129000.0,Automática,Sedã,84900.0,99.0,São Paulo (SP)
67839701,TOYOTA,COROLLA,1.8 GLI 16V FLEX 4P AUTOMÁTICO,2016,2017.0,84000.0,Automática,Sedã,80000.0,99.0,São Paulo (SP)
66543307,TOYOTA,COROLLA,1.8 VVT-I HYBRID FLEX ALTIS CVT,2019,2020.0,202000.0,CVT,Sedã,112000.0,92.0,São Paulo (SP)
67405682,TOYOTA,COROLLA,1.8 VVT-I HYBRID FLEX ALTIS CVT,2023,2023.0,120.0,CVT,Sedã,140000.0,98.0,São Paulo (SP)
66436025,TOYOTA,COROLLA,2.0 XEI 16V FLEX 4P AUTOMÁTICO,2015,2016.0,150000.0,Automática,Sedã,78000.0,92.0,São Paulo (SP)
67326537,TOYOTA,COROLLA,2.0 VVT-IE FLEX XEI DIRECT SHIFT,2021,2022.0,33000.0,CVT,Sedã,124000.0,101.0,São Paulo (SP)
66323177,TOYOTA,COROLLA,2.0 VVT-IE FLEX GR-S DIRECT SHIFT,2021,2022.0,38000.0,CVT,Sedã,134990.0,106.0,São Paulo (SP)
67426119,TOYOTA,COROLLA,1.8 GLI UPPER 16V FLEX 4P AUTOMÁTICO,2017,2018.0,113000.0,CVT,Sedã,83500.0,97.0,São Paulo (SP)
67574085,TOYOTA,COROLLA,2.0 VVT-IE FLEX GLI DIRECT SHIFT,2025,2025.0,8987.0,CVT,Sedã,151900.0,105.0,São Paulo (SP)
63142103,TOYOTA,COROLLA,2.0 XEI 16V FLEX 4P AUTOMÁTICO,2017,2018.0,95579.0,CVT,Sedã,98900.0,99.0,São Paulo (SP)
69426172,TOYOTA,COROLLA,2.0 XEI 16V FLEX 4P AUTOMÁTICO,2010,2011.0,136500.0,Automática,Sedã,58300.0,100.0,São Paulo (SP)
66579533,TOYOTA,COROLLA,2.0 XEI 16V FLEX 4P AUTOMÁTICO,2014,2015.0,148000.0,Automática,Sedã,80000.0,98.0,São Paulo (SP)
68744349,TOYOTA,COROLLA,2.0 VVT-IE FLEX XEI DIRECT SHIFT,2025,2025.0,23000.0,CVT,Sedã,149790.0,94.0,São Paulo (SP)
66175650,TOYOTA,COROLLA,2.0 XRS 16V FLEX 4P AUTOMÁTICO,2017,2018.0,145000.0,CVT,Sedã,93000.0,94.0,São Paulo (SP)
67527884,TOYOTA,COROLLA,2.0 XEI 16V FLEX 4P AUTOMÁTICO,2016,2017.0,100000.0,Automática,Sedã,89900.0,102.0,São Paulo (SP)
65891660,TOYOTA,COROLLA,1.8 GLI UPPER 16V FLEX 4P AUTOMÁTICO,2018,2019.0,181000.0,CVT,Sedã,82490.0,93.0,São Paulo (SP)
66230712,TOYOTA,COROLLA,2.0 XEI 16V FLEX 4P AUTOMÁTICO,2013,2014.0,195000.0,Automática,Sedã,65900.0,94.0,São Paulo (SP)
64951858,TOYOTA,COROLLA,2.0 ALTIS 16V FLEX 4P AUTOMÁTICO,2014,2015.0,179100.0,Automática,Sedã,79000.0,95.0,São Paulo (SP)
67088231,TOYOTA,COROLLA,2.0 XEI 16V FLEX 4P AUTOMÁTICO,2016,2017.0,92300.0,Automática,Sedã,87900.0,100.0,São Paulo (SP)
66531429,TOYOTA,COROLLA,1.8 VVT-I HYBRID FLEX ALTIS PREMIUM CVT,2025,2026.0,3000.0,CVT,Sedã,192000.0,102.0,São Paulo (SP)
66544112,TOYOTA,COROLLA,2.0 XEI 16V FLEX 4P AUTOMÁTICO,2015,2016.0,95000.0,CVT,Sedã,84900.0,101.0,São Paulo (SP)
67914694,TOYOTA,COROLLA,1.8 GLI 16V FLEX 4P AUTOMÁTICO,2015,2016.0,100000.0,Automática,Sedã,78000.0,99.0,São Paulo (SP)
67902700,TOYOTA,COROLLA,2.0 VVT-IE FLEX XEI DIRECT SHIFT,2022,2023.0,90524.0,CVT,Sedã,119900.0,94.0,São Paulo (SP)
60782732,TOYOTA,COROLLA,1.8 GLI UPPER 16V FLEX 4P AUTOMÁTICO,2016,2017.0,134000.0,Automática,Sedã,79900.0,98.0,São Paulo (SP)
68002933,TOYOTA,COROLLA,1.8 GLI UPPER 16V FLEX 4P AUTOMÁTICO,2018,2019.0,98900.0,CVT,Sedã,86980.0,98.0,São Paulo (SP)
67470543,TOYOTA,COROLLA,2.0 VVT-IE FLEX ALTIS DIRECT SHIFT,2019,2020.0,40000.0,CVT,Sedã,149000.0,119.0,São Paulo (SP)
67973649,TOYOTA,COROLLA,2.0 VVT-IE FLEX XEI DIRECT SHIFT,2022,2023.0,48000.0,CVT,Sedã,127000.0,99.0,São Paulo (SP)
67044268,TOYOTA,COROLLA,1.8 GLI 16V FLEX 4P AUTOMÁTICO,2016,2017.0,122000.0,Automática,Sedã,79900.0,98.0,São Paulo (SP)
66936665,TOYOTA,COROLLA,2.0 ALTIS 16V FLEX 4P AUTOMÁTICO,2011,2012.0,213000.0,Automática,Sedã,62900.0,96.0,São Paulo (SP)
65810442,TOYOTA,COROLLA,1.8 VVT-I HYBRID FLEX ALTIS PREMIUM CVT,2023,2024.0,107300.0,CVT,Sedã,149900.0,91.0,São Paulo (SP)
69387612,TOYOTA,COROLLA,2.0 VVT-IE FLEX XEI DIRECT SHIFT,2025,2025.0,15200.0,CVT,Sedã,156900.0,98.0,São Paulo (SP)
68368482,TOYOTA,COROLLA,2.0 VVT-IE FLEX ALTIS DIRECT SHIFT,2019,2020.0,109000.0,CVT,Sedã,124880.0,100.0,São Paulo (SP)
67938608,TOYOTA,COROLLA,2.0 VVT-IE FLEX XEI DIRECT SHIFT,2024,2024.0,40000.0,CVT,Sedã,138500.0,97.0,São Paulo (SP)
68637340,TOYOTA,COROLLA,2.0 VVT-IE FLEX GLI DIRECT SHIFT,2022,2023.0,23762.0,CVT,Sedã,123900.0,105.0,São Paulo (SP)
63654999,TOYOTA,COROLLA,1.8 XEI 16V FLEX 4P AUTOMÁTICO,2009,2010.0,335000.0,Automática,Sedã,51500.0,93.0,São Paulo (SP)
67046565,TOYOTA,COROLLA,2.0 XEI 16V FLEX 4P AUTOMÁTICO,2017,2018.0,175000.0,Automática,Sedã,93900.0,94.0,São Paulo (SP)
68131367,TOYOTA,COROLLA,1.8 GLI 16V FLEX 4P AUTOMÁTICO,2019,2019.0,139000.0,CVT,Sedã,82000.0,93.0,São Paulo (SP)
67304598,TOYOTA,COROLLA,2.0 XEI 16V FLEX 4P AUTOMÁTICO,2018,2018.0,87000.0,CVT,Sedã,100000.0,100.0,São Paulo (SP)
68777847,TOYOTA,COROLLA,2.0 XEI 16V FLEX 4P AUTOMÁTICO,2014,2015.0,43500.0,Automática,Sedã,88900.0,108.0,São Paulo (SP)
64434471,TOYOTA,COROLLA,2.0 XEI 16V FLEX 4P AUTOMÁTICO,2011,2012.0,180000.0,Automática,Sedã,62000.0,98.0,São Paulo (SP)
67359115,TOYOTA,COROLLA,2.0 VVT-IE FLEX XEI DIRECT SHIFT,2022,2023.0,55000.0,CVT,Sedã,124800.0,98.0,São Paulo (SP)
66211666,TOYOTA,COROLLA,1.8 GLI 16V FLEX 4P AUTOMÁTICO,2014,2015.0,156000.0,Automática,Sedã,71900.0,95.0,São Paulo (SP)
67815936,TOYOTA,COROLLA,1.8 GLI 16V FLEX 4P AUTOMÁTICO,2013,2014.0,59898.0,Automática,Sedã,75000.0,116.0,São Paulo (SP)
64041782,TOYOTA,COROLLA,2.0 VVT-IE FLEX XEI DIRECT SHIFT,2019,2020.0,101250.0,CVT,Sedã,112000.0,96.0,São Paulo (SP)
67158863,TOYOTA,COROLLA,2.0 XEI 16V FLEX 4P AUTOMÁTICO,2017,2018.0,83000.0,CVT,Sedã,102000.0,102.0,São Paulo (SP)
67103915,TOYOTA,COROLLA,2.0 XEI 16V FLEX 4P AUTOMÁTICO,2011,2011.0,173000.0,Automática,Sedã,60800.0,104.0,São Paulo (SP)
66971827,TOYOTA,COROLLA,1.8 GLI 16V FLEX 4P AUTOMÁTICO,2016,2016.0,77000.0,Automática,Sedã,86500.0,110.0,São Paulo (SP)
69226385,TOYOTA,COROLLA,2.0 XEI 16V FLEX 4P AUTOMÁTICO,2012,2013.0,179000.0,Automática,Sedã,63800.0,96.0,São Paulo (SP)
67891356,TOYOTA,COROLLA,2.0 XEI 16V FLEX 4P AUTOMÁTICO,2016,2017.0,156000.0,Automática,Sedã,81990.0,93.0,São Paulo (SP)
66649088,TOYOTA,COROLLA,2.0 XEI 16V FLEX 4P AUTOMÁTICO,2015,2016.0,350000.0,Automática,Sedã,80000.0,95.0,São Paulo (SP)
67880121,TOYOTA,COROLLA,1.8 VVT-I HYBRID FLEX ALTIS PREMIUM CVT,2020,2021.0,251000.0,CVT,Sedã,124900.0,96.0,São Paulo (SP)
66498957,TOYOTA,COROLLA,2.0 VVT-IE FLEX XEI DIRECT SHIFT,2022,2023.0,59500.0,CVT,Sedã,125900.0,99.0,São Paulo (SP)
67618139,TOYOTA,COROLLA,2.0 VVT-IE FLEX ALTIS DIRECT SHIFT,2024,2024.0,37257.0,CVT,Sedã,163000.0,100.0,São Paulo (SP)
68880442,TOYOTA,COROLLA,1.8 VVT-I HYBRID FLEX ALTIS CVT,2021,2022.0,108000.0,CVT,Sedã,122000.0,92.0,São Paulo (SP)
67116922,TOYOTA,COROLLA,2.0 XEI 16V FLEX 4P AUTOMÁTICO,2017,2018.0,64500.0,CVT,Sedã,110000.0,110.0,São Paulo (SP)
37447254,TOYOTA,COROLLA,2.0 VVT-IE FLEX GLI DIRECT SHIFT,2020,2021.0,93100.0,CVT,Sedã,103000.0,93.0,São Paulo (SP)
67715894,TOYOTA,COROLLA,2.0 VVT-IE FLEX XEI DIRECT SHIFT,2021,2022.0,69000.0,CVT,Sedã,117000.0,95.0,São Paulo (SP)
68790453,TOYOTA,COROLLA,2.0 VVT-IE FLEX XEI DIRECT SHIFT,2023,2023.0,35000.0,CVT,Sedã,129399.0,101.0,São Paulo (SP)
64121661,TOYOTA,COROLLA,1.8 GLI 16V FLEX 4P AUTOMÁTICO,2009,2010.0,250000.0,Automática,Sedã,50999.0,95.0,São Paulo (SP)
62515277,TOYOTA,COROLLA,2.0 XEI 16V FLEX 4P AUTOMÁTICO,2016,2017.0,143000.0,Automática,Sedã,87000.0,99.0,São Paulo (SP)
69277159,TOYOTA,COROLLA,2.0 XEI 16V FLEX 4P AUTOMÁTICO,2019,2019.0,74000.0,CVT,Sedã,101500.0,99.0,São Paulo (SP)
67504748,TOYOTA,COROLLA,1.8 GLI 16V FLEX 4P AUTOMÁTICO,2017,2018.0,128000.0,CVT,Sedã,84900.0,100.0,São Paulo (SP)
67675948,TOYOTA,COROLLA,2.0 XEI 16V FLEX 4P AUTOMÁTICO,2015,2015.0,137100.0,Automática,Sedã,84900.0,104.0,São Paulo (SP)
67622892,TOYOTA,COROLLA,2.0 VVT-IE FLEX XEI DIRECT SHIFT,2023,2024.0,29700.0,CVT,Sedã,144990.0,102.0,São Paulo (SP)
67686008,TOYOTA,COROLLA,2.0 VVT-IE FLEX XEI DIRECT SHIFT,2022,2023.0,42200.0,CVT,Sedã,130000.0,102.0,São Paulo (SP)
46009303,TOYOTA,COROLLA,1.8 GLI 16V FLEX 4P AUTOMÁTICO,2017,2018.0,144500.0,CVT,Sedã,82900.0,97.0,São Paulo (SP)
55031842,TOYOTA,COROLLA,2.0 VVT-IE FLEX XEI DIRECT SHIFT,2019,2020.0,73000.0,CVT,Sedã,125990.0,108.0,São Paulo (SP)
69140312,TOYOTA,COROLLA,2.0 VVT-IE FLEX XEI DIRECT SHIFT,2021,2022.0,87000.0,CVT,Sedã,112990.0,92.0,São Paulo (SP)
67306716,TOYOTA,COROLLA,2.0 XEI 16V FLEX 4P AUTOMÁTICO,2016,2017.0,106000.0,Automática,Sedã,90000.0,102.0,São Paulo (SP)
66405607,TOYOTA,COROLLA,2.0 VVT-IE FLEX XEI DIRECT SHIFT,2022,2023.0,60000.0,CVT,Sedã,127000.0,99.0,São Paulo (SP)
64688926,TOYOTA,COROLLA,2.0 XEI 16V FLEX 4P AUTOMÁTICO,2017,2018.0,88000.0,CVT,Sedã,101000.0,101.0,São Paulo (SP)
69247322,TOYOTA,COROLLA,1.8 XEI 16V GASOLINA 4P AUTOMÁTICO,2000,2000.0,191000.0,Automática,Sedã,25000.0,106.0,São Paulo (SP)
67899407,TOYOTA,COROLLA,2.0 XEI 16V FLEX 4P AUTOMÁTICO,2016,2017.0,94000.0,Automática,Sedã,92000.0,104.0,São Paulo (SP)
59708905,TOYOTA,COROLLA,2.0 ALTIS 16V FLEX 4P AUTOMÁTICO,2015,2016.0,137000.0,Automática,Sedã,89000.0,104.0,São Paulo (SP)
68977188,TOYOTA,COROLLA,2.0 XEI 16V FLEX 4P AUTOMÁTICO,2014,2015.0,127000.0,Automática,Sedã,80500.0,98.0,São Paulo (SP)
67569755,TOYOTA,COROLLA,2.0 VVT-IE FLEX XEI DIRECT SHIFT,2023,2024.0,42000.0,CVT,Sedã,138500.0,97.0,São Paulo (SP)
65295406,TOYOTA,COROLLA,2.0 VVT-IE FLEX GR-S DIRECT SHIFT,2024,2024.0,27000.0,CVT,Sedã,205500.0,129.0,São Paulo (SP)
67296209,TOYOTA,COROLLA,2.0 VVT-IE FLEX GR-S DIRECT SHIFT,2021,2022.0,39500.0,CVT,Sedã,175000.0,137.0,São Paulo (SP)
67821533,TOYOTA,COROLLA,1.8 VVT-I HYBRID FLEX ALTIS PREMIUM CVT,2022,2023.0,93000.0,CVT,Sedã,138900.0,96.0,São Paulo (SP)
52809408,TOYOTA,COROLLA,2.0 XEI 16V FLEX 4P AUTOMÁTICO,2014,2014.0,118000.0,CVT,Sedã,73000.0,104.0,São Paulo (SP)
67063165,TOYOTA,COROLLA,1.8 GLI 16V FLEX 4P AUTOMÁTICO,2016,2016.0,123000.0,Automática,Sedã,82000.0,105.0,São Paulo (SP)
64822956,TOYOTA,COROLLA,1.8 VVT-I HYBRID FLEX ALTIS PREMIUM CVT,2025,2025.0,15000.0,CVT,Sedã,192000.0,107.0,São Paulo (SP)
64759651,TOYOTA,COROLLA,2.0 XEI 16V FLEX 4P AUTOMÁTICO,2018,2019.0,54000.0,CVT,Sedã,122800.0,119.0,São Paulo (SP)
65056069,TOYOTA,COROLLA,2.0 XEI 16V FLEX 4P AUTOMÁTICO,2018,2018.0,110000.0,CVT,Sedã,99900.0,100.0,São Paulo (SP)
67418430,TOYOTA,COROLLA,2.0 VVT-IE FLEX GR-S DIRECT SHIFT,2021,2022.0,104000.0,CVT,Sedã,127000.0,99.0,São Paulo (SP)
67049307,TOYOTA,COROLLA,1.8 VVT-I HYBRID FLEX ALTIS PREMIUM CVT,2021,2022.0,98000.0,CVT,Sedã,132500.0,98.0,São Paulo (SP)
67093393,TOYOTA,COROLLA,2.0 XEI 16V FLEX 4P AUTOMÁTICO,2017,2017.0,120000.0,Automática,Sedã,87999.0,100.0,São Paulo (SP)
66944464,TOYOTA,COROLLA,1.8 VVT-I HYBRID FLEX ALTIS CVT,2021,2022.0,125000.0,CVT,Sedã,132000.0,99.0,São Paulo (SP)
67373489,TOYOTA,COROLLA,2.0 XEI 16V FLEX 4P AUTOMÁTICO,2018,2019.0,84000.0,CVT,Sedã,104000.0,101.0,São Paulo (SP)
65545534,TOYOTA,COROLLA,2.0 VVT-IE FLEX GLI DIRECT SHIFT,2020,2020.0,89000.0,CVT,Sedã,108990.0,101.0,São Paulo (SP)
66194262,TOYOTA,COROLLA,2.0 XEI 16V FLEX 4P AUTOMÁTICO,2014,2015.0,152000.0,Automática,Sedã,83000.0,101.0,São Paulo (SP)
66238848,TOYOTA,COROLLA,1.8 GLI 16V FLEX 4P AUTOMÁTICO,2016,2017.0,95980.0,Automática,Sedã,88000.0,108.0,São Paulo (SP)
68924709,TOYOTA,COROLLA,1.8 VVT-I HYBRID FLEX ALTIS PREMIUM CVT,2023,2023.0,98500.0,CVT,Sedã,132900.0,92.0,São Paulo (SP)
67947364,TOYOTA,COROLLA,1.8 GLI 16V FLEX 4P AUTOMÁTICO,2017,2018.0,65300.0,CVT,Sedã,90000.0,106.0,São Paulo (SP)
67341428,TOYOTA,COROLLA,2.0 XEI 16V FLEX 4P AUTOMÁTICO,2015,2016.0,113907.0,Automática,Sedã,84500.0,100.0,São Paulo (SP)
68181224,TOYOTA,COROLLA,1.8 GLI 16V FLEX 4P AUTOMÁTICO,2018,2018.0,122279.0,CVT,Sedã,84000.0,99.0,São Paulo (SP)
65924246,TOYOTA,COROLLA,2.0 VVT-IE FLEX ALTIS DIRECT SHIFT,2020,2020.0,108000.0,CVT,Sedã,128500.0,103.0,São Paulo (SP)
62513867,TOYOTA,COROLLA,2.0 ALTIS 16V FLEX 4P AUTOMÁTICO,2015,2016.0,140000.0,Automática,Sedã,89690.0,105.0,São Paulo (SP)
63813715,TOYOTA,COROLLA,2.0 VVT-IE FLEX GR-S DIRECT SHIFT,2021,2022.0,78000.0,CVT,Sedã,128890.0,101.0,São Paulo (SP)
66869612,TOYOTA,COROLLA,2.0 XEI 16V FLEX 4P AUTOMÁTICO,2015,2016.0,149000.0,Automática,Sedã,85500.0,101.0,São Paulo (SP)
67623948,TOYOTA,COROLLA,2.0 VVT-IE FLEX XEI DIRECT SHIFT,2023,2024.0,51000.0,CVT,Sedã,137900.0,97.0,São Paulo (SP)
67854126,TOYOTA,COROLLA,1.8 VVT-I HYBRID FLEX ALTIS PREMIUM CVT,2021,2022.0,64000.0,CVT,Sedã,149000.0,110.0,São Paulo (SP)
62754636,TOYOTA,COROLLA,1.8 GLI UPPER 16V FLEX 4P AUTOMÁTICO,2016,2017.0,176000.0,Automática,Sedã,81000.0,100.0,São Paulo (SP)
67522405,TOYOTA,COROLLA,2.0 XEI 16V FLEX 4P AUTOMÁTICO,2017,2017.0,97320.0,Automática,Sedã,94500.0,107.0,São Paulo (SP)
64073873,TOYOTA,COROLLA,2.0 VVT-IE FLEX XEI DIRECT SHIFT,2019,2020.0,92000.0,CVT,Sedã,118000.0,101.0,São Paulo (SP)
67591289,TOYOTA,COROLLA,2.0 VVT-IE FLEX ALTIS DIRECT SHIFT,2023,2024.0,41700.0,CVT,Sedã,165900.0,102.0,São Paulo (SP)
59400182,TOYOTA,COROLLA,2.0 VVT-IE FLEX XEI DIRECT SHIFT,2019,2020.0,100000.0,CVT,Sedã,119000.0,102.0,São Paulo (SP)
66752359,TOYOTA,COROLLA,2.0 XRS 16V FLEX 4P AUTOMÁTICO,2012,2013.0,174000.0,Manual,Sedã,74000.0,110.0,São Paulo (SP)
68298783,TOYOTA,COROLLA,2.0 VVT-IE FLEX XEI DIRECT SHIFT,2020,2020.0,56000.0,CVT,Sedã,137900.0,118.0,São Paulo (SP)
64507520,TOYOTA,COROLLA,2.0 VVT-IE FLEX XEI DIRECT SHIFT,2019,2020.0,95122.0,CVT,Sedã,119000.0,102.0,São Paulo (SP)
69072229,TOYOTA,COROLLA,2.0 XEI 16V FLEX 4P AUTOMÁTICO,2014,2015.0,36000.0,Automática,Sedã,93500.0,114.0,São Paulo (SP)
66177574,TOYOTA,COROLLA,2.0 XEI 16V FLEX 4P AUTOMÁTICO,2016,2017.0,107000.0,Automática,Sedã,89900.0,102.0,São Paulo (SP)
67727401,TOYOTA,COROLLA,2.0 VVT-IE FLEX GLI DIRECT SHIFT,2024,2024.0,34000.0,CVT,Sedã,179900.0,143.0,São Paulo (SP)
64838290,TOYOTA,COROLLA,2.0 XEI 16V FLEX 4P AUTOMÁTICO,2019,2019.0,111000.0,CVT,Sedã,102000.0,99.0,São Paulo (SP)
66471675,TOYOTA,COROLLA,2.0 VVT-IE FLEX GR-S DIRECT SHIFT,2023,2023.0,62000.0,CVT,Sedã,133000.0,96.0,São Paulo (SP)
67420478,TOYOTA,COROLLA,2.0 VVT-IE FLEX XEI DIRECT SHIFT,2021,2022.0,141000.0,CVT,Sedã,120500.0,98.0,São Paulo (SP)
64747236,TOYOTA,COROLLA,2.0 VVT-IE FLEX XEI DIRECT SHIFT,2024,2024.0,69442.0,CVT,Sedã,139900.0,98.0,São Paulo (SP)
67168938,TOYOTA,COROLLA,2.0 VVT-IE FLEX XEI DIRECT SHIFT,2024,2024.0,30000.0,CVT,Sedã,148000.0,104.0,São Paulo (SP)
66849027,TOYOTA,COROLLA,1.8 GLI 16V FLEX 4P AUTOMÁTICO,2015,2016.0,97000.0,Automática,Sedã,85000.0,108.0,São Paulo (SP)
65405298,TOYOTA,COROLLA,1.8 GLI 16V FLEX 4P AUTOMÁTICO,2014,2015.0,120000.0,Automática,Sedã,77700.0,103.0,São Paulo (SP)
67079231,TOYOTA,COROLLA,2.0 VVT-IE FLEX XEI DIRECT SHIFT,2023,2023.0,54318.0,CVT,Sedã,126500.0,99.0,São Paulo (SP)
65529670,TOYOTA,COROLLA,2.0 XEI 16V FLEX 4P AUTOMÁTICO,2017,2018.0,140000.0,CVT,Sedã,98000.0,98.0,São Paulo (SP)
68611732,TOYOTA,COROLLA,2.0 VVT-IE FLEX ALTIS DIRECT SHIFT,2020,2020.0,57000.0,CVT,Sedã,167000.0,134.0,São Paulo (SP)
66909500,TOYOTA,COROLLA,2.0 VVT-IE FLEX XEI DIRECT SHIFT,2024,2024.0,39500.0,CVT,Sedã,143100.0,100.0,São Paulo (SP)
67321080,TOYOTA,COROLLA,2.0 XEI 16V FLEX 4P AUTOMÁTICO,2011,2012.0,161000.0,Automática,Sedã,69000.0,109.0,São Paulo (SP)
66196209,TOYOTA,COROLLA,2.0 VVT-IE FLEX XEI DIRECT SHIFT,2024,2024.0,22000.0,CVT,Sedã,198000.0,139.0,São Paulo (SP)
66912100,TOYOTA,COROLLA,2.0 XEI 16V FLEX 4P AUTOMÁTICO,2015,2015.0,168000.0,Automática,Sedã,84990.0,104.0,São Paulo (SP)
66226094,TOYOTA,COROLLA,1.8 VVT-I HYBRID FLEX ALTIS PREMIUM CVT,2020,2020.0,65000.0,CVT,Sedã,137000.0,109.0,São Paulo (SP)
61289524,TOYOTA,COROLLA,2.0 XEI 16V FLEX 4P AUTOMÁTICO,2017,2018.0,129000.0,CVT,Sedã,97900.0,98.0,São Paulo (SP)
68186282,TOYOTA,COROLLA,2.0 ALTIS 16V FLEX 4P AUTOMÁTICO,2014,2015.0,144000.0,Automática,Sedã,83500.0,100.0,São Paulo (SP)
68394670,TOYOTA,COROLLA,1.8 VVT-I HYBRID FLEX ALTIS PREMIUM CVT,2025,2026.0,5500.0,CVT,Sedã,190000.0,101.0,São Paulo (SP)
67385296,TOYOTA,COROLLA,2.0 VVT-IE FLEX GLI DIRECT SHIFT,2021,2022.0,53000.0,CVT,Sedã,147900.0,129.0,São Paulo (SP)
65965849,TOYOTA,COROLLA,1.8 GLI 16V FLEX 4P AUTOMÁTICO,2015,2015.0,161854.0,Automática,Sedã,78900.0,104.0,São Paulo (SP)
68241316,TOYOTA,COROLLA,1.8 VVT-I HYBRID FLEX ALTIS CVT,2021,2022.0,49500.0,CVT,Sedã,143000.0,107.0,São Paulo (SP)
67359596,TOYOTA,COROLLA,2.0 XEI 16V FLEX 4P AUTOMÁTICO,2018,2019.0,170000.0,CVT,Sedã,99900.0,97.0,São Paulo (SP)
65945127,TOYOTA,COROLLA,2.0 VVT-IE FLEX XEI DIRECT SHIFT,2022,2023.0,95000.0,Automática,Sedã,123000.0,96.0,São Paulo (SP)
68635692,TOYOTA,COROLLA,2.0 VVT-IE FLEX ALTIS DIRECT SHIFT,2024,2024.0,29300.0,CVT,Sedã,170000.0,104.0,São Paulo (SP)
65784719,TOYOTA,COROLLA,2.0 XEI 16V FLEX 4P AUTOMÁTICO,2012,2013.0,272000.0,Automática,Sedã,64500.0,97.0,São Paulo (SP)
66989477,TOYOTA,COROLLA,2.0 VVT-IE FLEX XEI DIRECT SHIFT,2022,2023.0,63725.0,CVT,Sedã,130000.0,102.0,São Paulo (SP)
68401737,TOYOTA,COROLLA,2.0 VVT-IE FLEX XEI DIRECT SHIFT,2021,2022.0,89000.0,CVT,Sedã,119990.0,98.0,São Paulo (SP)
67945557,TOYOTA,COROLLA,2.0 VVT-IE FLEX ALTIS DIRECT SHIFT,2021,2022.0,57000.0,CVT,Sedã,139900.0,103.0,São Paulo (SP)
68883713,TOYOTA,COROLLA,2.0 VVT-IE FLEX XEI DIRECT SHIFT,2021,2022.0,97500.0,CVT,Sedã,114900.0,94.0,São Paulo (SP)
67175353,TOYOTA,COROLLA,2.0 VVT-IE FLEX XEI DIRECT SHIFT,2023,2023.0,66500.0,CVT,Sedã,130000.0,102.0,São Paulo (SP)
66166671,TOYOTA,COROLLA,2.0 XEI 16V FLEX 4P AUTOMÁTICO,2017,2018.0,109000.0,CVT,Sedã,104000.0,104.0,São Paulo (SP)
61148189,TOYOTA,COROLLA,2.0 XEI 16V FLEX 4P AUTOMÁTICO,2016,2017.0,92000.0,Automática,Sedã,91900.0,104.0,São Paulo (SP)
65467546,TOYOTA,COROLLA,1.8 GLI 16V FLEX 4P AUTOMÁTICO,2017,2018.0,131500.0,CVT,Sedã,84000.0,99.0,São Paulo (SP)
66097915,TOYOTA,COROLLA,2.0 XEI 16V FLEX 4P AUTOMÁTICO,2012,2012.0,184500.0,Automática,Sedã,65900.0,104.0,São Paulo (SP)
62763277,TOYOTA,COROLLA,2.0 XEI 16V FLEX 4P AUTOMÁTICO,2016,2017.0,126000.0,Automática,Sedã,89000.0,101.0,São Paulo (SP)
69375556,TOYOTA,COROLLA,2.0 VVT-IE FLEX ALTIS DIRECT SHIFT,2022,2023.0,27580.0,CVT,Sedã,189900.0,132.0,São Paulo (SP)
68743638,TOYOTA,COROLLA,2.0 VVT-IE FLEX ALTIS DIRECT SHIFT,2020,2020.0,49000.0,CVT,Sedã,168000.0,134.0,São Paulo (SP)
67855242,TOYOTA,COROLLA,2.0 XEI 16V FLEX 4P AUTOMÁTICO,2014,2015.0,140000.0,Automática,Sedã,84000.0,102.0,São Paulo (SP)
68414877,TOYOTA,COROLLA,1.8 GLI UPPER 16V FLEX 4P AUTOMÁTICO,2017,2018.0,143000.0,CVT,Sedã,83000.0,97.0,São Paulo (SP)
66394715,TOYOTA,COROLLA,2.0 XEI 16V FLEX 4P AUTOMÁTICO,2010,2011.0,223000.0,Automática,Sedã,58900.0,101.0,São Paulo (SP)
69422541,TOYOTA,COROLLA,2.0 VVT-IE FLEX XEI DIRECT SHIFT,2023,2023.0,57000.0,CVT,Sedã,125990.0,99.0,São Paulo (SP)
66588114,TOYOTA,COROLLA,1.8 VVT-I HYBRID FLEX ALTIS PREMIUM CVT,2021,2022.0,105000.0,CVT,Sedã,132990.0,99.0,São Paulo (SP)
67521348,TOYOTA,COROLLA,1.8 GLI UPPER 16V FLEX 4P AUTOMÁTICO,2017,2018.0,127651.0,CVT,Sedã,85800.0,100.0,São Paulo (SP)
67383403,TOYOTA,COROLLA,2.0 VVT-IE FLEX GLI DIRECT SHIFT,2021,2022.0,124000.0,CVT,Sedã,110000.0,96.0,São Paulo (SP)
67607141,TOYOTA,COROLLA,2.0 VVT-IE FLEX XEI DIRECT SHIFT,2021,2022.0,73000.0,CVT,Sedã,119900.0,98.0,São Paulo (SP)
68766282,TOYOTA,COROLLA,1.8 VVT-I HYBRID FLEX ALTIS PREMIUM CVT,2021,2022.0,58239.0,CVT,Sedã,145000.0,107.0,São Paulo (SP)
66108827,TOYOTA,COROLLA,1.8 GLI 16V FLEX 4P AUTOMÁTICO,2017,2018.0,129500.0,CVT,Sedã,85499.0,100.0,São Paulo (SP)
68298459,TOYOTA,COROLLA,2.0 XEI 16V FLEX 4P AUTOMÁTICO,2016,2017.0,149000.0,Automática,Sedã,88000.0,100.0,São Paulo (SP)
65280962,TOYOTA,COROLLA,2.0 XEI 16V FLEX 4P AUTOMÁTICO,2014,2015.0,147000.0,Automática,Sedã,84900.0,104.0,São Paulo (SP)
68888501,TOYOTA,COROLLA,2.0 VVT-IE FLEX XEI DIRECT SHIFT,2021,2022.0,108000.0,CVT,Sedã,119500.0,97.0,São Paulo (SP)
68666914,TOYOTA,COROLLA,1.8 VVT-I HYBRID FLEX ALTIS CVT,2022,2023.0,100000.0,CVT,Sedã,139000.0,98.0,São Paulo (SP)
66343049,TOYOTA,COROLLA,2.0 VVT-IE FLEX XEI DIRECT SHIFT,2020,2021.0,118000.0,CVT,Sedã,116500.0,97.0,São Paulo (SP)
63300159,TOYOTA,COROLLA,2.0 VVT-IE FLEX XEI DIRECT SHIFT,2021,2022.0,100500.0,CVT,Sedã,120000.0,98.0,São Paulo (SP)
67011645,TOYOTA,COROLLA,2.0 VVT-IE FLEX XEI DIRECT SHIFT,2021,2022.0,91000.0,CVT,Sedã,121000.0,99.0,São Paulo (SP)
68541495,TOYOTA,COROLLA,2.0 XEI 16V FLEX 4P AUTOMÁTICO,2018,2018.0,115786.0,CVT,Sedã,103000.0,103.0,São Paulo (SP)
64781135,TOYOTA,COROLLA,1.8 VVT-I HYBRID FLEX ALTIS PREMIUM CVT,2020,2021.0,83200.0,CVT,Sedã,165000.0,127.0,São Paulo (SP)
67945946,TOYOTA,COROLLA,2.0 VVT-IE FLEX XEI DIRECT SHIFT,2024,2025.0,49000.0,CVT,Sedã,192000.0,120.0,São Paulo (SP)
65704367,TOYOTA,COROLLA,2.0 VVT-IE FLEX XEI DIRECT SHIFT,2021,2022.0,95000.0,CVT,Sedã,122000.0,99.0,São Paulo (SP)
69553681,TOYOTA,COROLLA,1.8 GLI UPPER 16V FLEX 4P AUTOMÁTICO,2019,2019.0,66000.0,CVT,Sedã,92500.0,104.0,São Paulo (SP)
63948972,TOYOTA,COROLLA,2.0 VVT-IE FLEX XEI DIRECT SHIFT,2022,2023.0,60000.0,CVT,Sedã,127000.0,99.0,São Paulo (SP)
63346399,TOYOTA,COROLLA,1.8 VVT-I HYBRID FLEX ALTIS CVT,2020,2021.0,180000.0,CVT,Sedã,127000.0,100.0,São Paulo (SP)
67647884,TOYOTA,COROLLA,2.0 VVT-IE FLEX XEI DIRECT SHIFT,2024,2024.0,53000.0,CVT,Sedã,143000.0,100.0,São Paulo (SP)
65503010,TOYOTA,COROLLA,1.8 GLI UPPER 16V FLEX 4P AUTOMÁTICO,2017,2018.0,118000.0,CVT,Sedã,90000.0,105.0,São Paulo (SP)
65548153,TOYOTA,COROLLA,2.0 VVT-IE FLEX XEI DIRECT SHIFT,2022,2023.0,58500.0,CVT,Sedã,132900.0,104.0,São Paulo (SP)
66731020,TOYOTA,COROLLA,2.0 VVT-IE FLEX XEI DIRECT SHIFT,2023,2023.0,65000.0,CVT,Sedã,130990.0,103.0,São Paulo (SP)
69560574,TOYOTA,COROLLA,2.0 XEI 16V FLEX 4P AUTOMÁTICO,2015,2016.0,91000.0,Automática,Sedã,82900.0,98.0,São Paulo (SP)
69462452,TOYOTA,COROLLA,2.0 XEI 16V FLEX 4P AUTOMÁTICO,2011,2012.0,137000.0,Automática,Sedã,62000.0,98.0,São Paulo (SP)
67707390,TOYOTA,COROLLA,1.8 GLI 16V FLEX 4P AUTOMÁTICO,2017,2018.0,156000.0,CVT,Sedã,82600.0,97.0,São Paulo (SP)
66550130,TOYOTA,COROLLA,1.8 VVT-I HYBRID FLEX ALTIS PREMIUM CVT,2022,2023.0,91600.0,CVT,Sedã,169900.0,117.0,São Paulo (SP)
59649042,TOYOTA,COROLLA,2.0 XEI 16V FLEX 4P AUTOMÁTICO,2017,2018.0,64400.0,Automática,Sedã,106000.0,106.0,São Paulo (SP)
67138034,TOYOTA,COROLLA,1.8 GLI UPPER 16V FLEX 4P AUTOMÁTICO,2018,2018.0,127000.0,CVT,Sedã,88000.0,102.0,São Paulo (SP)
69031598,TOYOTA,COROLLA,2.0 VVT-IE FLEX GR-S DIRECT SHIFT,2022,2023.0,37000.0,CVT,Sedã,139000.0,100.0,São Paulo (SP)
65874998,TOYOTA,COROLLA,2.0 XEI 16V FLEX 4P AUTOMÁTICO,2013,2014.0,120800.0,Automática,Sedã,74900.0,107.0,São Paulo (SP)
67131124,TOYOTA,COROLLA,2.0 VVT-IE FLEX XEI DIRECT SHIFT,2022,2023.0,81000.0,CVT,Sedã,126900.0,99.0,São Paulo (SP)
69443153,TOYOTA,COROLLA,1.8 GLI UPPER 16V FLEX 4P AUTOMÁTICO,2019,2019.0,165000.0,CVT,Sedã,83000.0,94.0,São Paulo (SP)
69521765,TOYOTA,COROLLA,2.0 VVT-IE FLEX XEI DIRECT SHIFT,2020,2021.0,78000.0,Automática,Sedã,119500.0,100.0,São Paulo (SP)
69556108,TOYOTA,COROLLA,2.0 VVT-IE FLEX GR-S DIRECT SHIFT,2022,2023.0,35500.0,CVT,Sedã,135000.0,97.0,São Paulo (SP)
69386783,TOYOTA,COROLLA,2.0 VVT-IE FLEX ALTIS DIRECT SHIFT,2022,2023.0,55000.0,CVT,Sedã,142000.0,99.0,São Paulo (SP)
66781465,TOYOTA,COROLLA,2.0 VVT-IE FLEX XEI DIRECT SHIFT,2022,2023.0,80000.0,CVT,Sedã,129200.0,101.0,São Paulo (SP)
67067711,TOYOTA,COROLLA,1.8 VVT-I HYBRID FLEX ALTIS CVT,2021,2022.0,93000.0,CVT,Sedã,155000.0,116.0,São Paulo (SP)
62083541,TOYOTA,COROLLA,2.0 VVT-IE FLEX XEI DIRECT SHIFT,2022,2023.0,54775.0,CVT,Sedã,155000.0,121.0,São Paulo (SP)
65929869,TOYOTA,COROLLA,1.8 VVT-I HYBRID FLEX ALTIS PREMIUM CVT,2022,2023.0,61000.0,CVT,Sedã,169000.0,117.0,São Paulo (SP)
69562037,TOYOTA,COROLLA,1.8 XEI 16V GASOLINA 4P AUTOMÁTICO,2004,2004.0,175500.0,Automática,Sedã,42500.0,119.0,São Paulo (SP)
65100414,TOYOTA,COROLLA,2.0 VVT-IE FLEX ALTIS DIRECT SHIFT,2021,2022.0,120000.0,CVT,Sedã,159990.0,117.0,São Paulo (SP)
69557710,TOYOTA,COROLLA,1.8 GLI 16V FLEX 4P AUTOMÁTICO,2017,2017.0,86900.0,Automática,Sedã,85900.0,106.0,São Paulo (SP)
66441676,TOYOTA,COROLLA,2.0 XEI 16V FLEX 4P AUTOMÁTICO,2017,2018.0,215000.0,CVT,Sedã,99783.0,100.0,São Paulo (SP)
69421322,TOYOTA,COROLLA,2.0 VVT-IE FLEX GR-S DIRECT SHIFT,2023,2024.0,56500.0,CVT,Sedã,159900.0,100.0,São Paulo (SP)
68185056,TOYOTA,COROLLA,2.0 VVT-IE FLEX XEI DIRECT SHIFT,2020,2021.0,87000.0,CVT,Sedã,120000.0,100.0,São Paulo (SP)
69428838,TOYOTA,COROLLA,2.0 VVT-IE FLEX XEI DIRECT SHIFT,2023,2024.0,50000.0,CVT,Sedã,140999.0,99.0,São Paulo (SP)
68985717,TOYOTA,COROLLA,1.8 VVT-I HYBRID FLEX ALTIS PREMIUM CVT,2022,2023.0,135600.0,CVT,Sedã,145000.0,100.0,São Paulo (SP)
69561645,TOYOTA,COROLLA,1.8 VVT-I HYBRID FLEX ALTIS CVT,2019,2020.0,64000.0,CVT,Sedã,149900.0,122.0,São Paulo (SP)
67146828,TOYOTA,COROLLA,1.8 SE-G 16V FLEX 4P AUTOMÁTICO,2009,2010.0,130000.0,Automática,Sedã,53000.0,93.0,São Paulo (SP)
65332370,TOYOTA,COROLLA,2.0 VVT-IE FLEX XEI DIRECT SHIFT,2024,2024.0,24022.0,CVT,Sedã,115000.0,81.0,São Paulo (SP)
68182290,TOYOTA,COROLLA,1.8 XLI 16V GASOLINA 4P AUTOMÁTICO,2002,2002.0,182669.0,Automática,Sedã,26000.0,94.0,São Paulo (SP)
67715482,TOYOTA,COROLLA,2.0 VVT-IE FLEX XEI DIRECT SHIFT,2025,2025.0,8500.0,CVT,Sedã,154000.0,97.0,São Paulo (SP)
59042656,TOYOTA,COROLLA,2.0 XEI 16V FLEX 4P AUTOMÁTICO,2011,2012.0,120200.0,Automática,Sedã,63500.0,100.0,São Paulo (SP)
67053210,TOYOTA,COROLLA,1.8 VVT-I HYBRID FLEX ALTIS CVT,2021,2022.0,199.0,CVT,Sedã,125000.0,94.0,São Paulo (SP)
67381541,TOYOTA,COROLLA,2.0 VVT-IE FLEX XEI DIRECT SHIFT,2021,2021.0,58000.0,CVT,Sedã,118890.0,99.0,São Paulo (SP)
67522114,TOYOTA,COROLLA,2.0 XEI 16V FLEX 4P AUTOMÁTICO,2014,2015.0,85000.0,Automática,Sedã,82500.0,101.0,São Paulo (SP)
55462746,TOYOTA,COROLLA,1.8 VVT-I HYBRID FLEX ALTIS CVT,2020,2021.0,80500.0,CVT,Sedã,125000.0,99.0,São Paulo (SP)
68478832,TOYOTA,COROLLA,1.8 VVT-I HYBRID FLEX ALTIS PREMIUM CVT,2020,2020.0,32280.0,CVT,Sedã,133900.0,107.0,São Paulo (SP)
69138093,TOYOTA,COROLLA,1.8 VVT-I HYBRID FLEX ALTIS PREMIUM CVT,2022,2023.0,43000.0,CVT,Sedã,137800.0,95.0,São Paulo (SP)
68475860,TOYOTA,COROLLA,1.8 VVT-I HYBRID FLEX ALTIS CVT,2021,2022.0,88000.0,CVT,Sedã,119999.0,90.0,São Paulo (SP)
61871376,TOYOTA,COROLLA,1.8 GLI 16V FLEX 4P AUTOMÁTICO,2016,2017.0,249000.0,Automática,Sedã,74000.0,91.0,São Paulo (SP)
60935256,TOYOTA,COROLLA,1.8 GLI 16V FLEX 4P AUTOMÁTICO,2017,2018.0,179500.0,CVT,Sedã,78990.0,93.0,São Paulo (SP)
65773488,TOYOTA,COROLLA,2.0 XEI 16V FLEX 4P AUTOMÁTICO,2014,2015.0,124000.0,Automática,Sedã,78800.0,96.0,São Paulo (SP)
66868482,TOYOTA,COROLLA,2.0 VVT-IE FLEX XEI DIRECT SHIFT,2022,2023.0,18200.0,CVT,Sedã,137000.0,107.0,São Paulo (SP)
67223351,TOYOTA,COROLLA,2.0 VVT-IE FLEX XEI DIRECT SHIFT,2022,2023.0,25600.0,CVT,Sedã,138000.0,108.0,São Paulo (SP)
67802388,TOYOTA,COROLLA,2.0 XEI 16V FLEX 4P AUTOMÁTICO,2018,2018.0,59214.0,CVT,Sedã,99900000.0,100348.0,São Paulo (SP)
66257276,TOYOTA,COROLLA,2.0 VVT-IE FLEX XEI DIRECT SHIFT,2020,2020.0,68900.0,CVT,Sedã,116900.0,100.0,São Paulo (SP)
67312519,TOYOTA,COROLLA,2.0 XEI 16V FLEX 4P AUTOMÁTICO,2017,2018.0,112000.0,CVT,Sedã,97499.0,98.0,São Paulo (SP)
65766839,TOYOTA,COROLLA,2.0 VVT-IE FLEX XEI DIRECT SHIFT,2023,2023.0,11500.0,CVT,Sedã,149000.0,117.0,São Paulo (SP)
66331242,TOYOTA,COROLLA,2.0 XEI 16V FLEX 4P AUTOMÁTICO,2015,2016.0,123000.0,Automática,Sedã,83900.0,99.0,São Paulo (SP)
65431769,TOYOTA,COROLLA,1.8 VVT-I HYBRID FLEX ALTIS PREMIUM CVT,2019,2020.0,153000.0,CVT,Sedã,120000.0,96.0,São Paulo (SP)
63827060,TOYOTA,COROLLA,2.0 VVT-IE FLEX XEI DIRECT SHIFT,2024,2024.0,29000.0,CVT,Sedã,146000.0,102.0,São Paulo (SP)
67306441,TOYOTA,COROLLA,2.0 VVT-IE FLEX XEI DIRECT SHIFT,2023,2024.0,5030.0,CVT,Sedã,149500.0,105.0,São Paulo (SP)
33973014,TOYOTA,COROLLA,2.0 XEI 16V FLEX 4P AUTOMÁTICO,2016,2017.0,185000.0,Automática,Sedã,85900.0,97.0,São Paulo (SP)
59054086,TOYOTA,COROLLA,2.0 VVT-IE FLEX XEI DIRECT SHIFT,2020,2021.0,64190.0,CVT,Sedã,119999.0,100.0,São Paulo (SP)
65502467,TOYOTA,COROLLA,2.0 VVT-IE FLEX XEI DIRECT SHIFT,2022,2023.0,44100.0,CVT,Sedã,130500.0,102.0,São Paulo (SP)
64947229,TOYOTA,COROLLA,1.8 GLI UPPER 16V FLEX 4P AUTOMÁTICO,2018,2019.0,135000.0,Automática,Sedã,87990.0,99.0,São Paulo (SP)
67899063,TOYOTA,COROLLA,2.0 VVT-IE FLEX XEI DIRECT SHIFT,2022,2023.0,57000.0,Automática,Sedã,127500.0,100.0,São Paulo (SP)
67745071,TOYOTA,COROLLA,2.0 XEI 16V FLEX 4P AUTOMÁTICO,2015,2016.0,108148.0,Automática,Sedã,89900.0,106.0,São Paulo (SP)
67861350,TOYOTA,COROLLA,2.0 VVT-IE FLEX GR-S DIRECT SHIFT,2025,2026.0,2298.0,Automática,Sedã,189790.0,104.0,São Paulo (SP)
67113282,TOYOTA,COROLLA,1.8 XEI 16V FLEX 4P AUTOMÁTICO,2008,2009.0,111000.0,Automática,Sedã,59900.0,111.0,São Paulo (SP)
68635510,TOYOTA,COROLLA,2.0 XEI 16V FLEX 4P AUTOMÁTICO,2011,2012.0,115000.0,Automática,Sedã,64990.0,102.0,São Paulo (SP)
66225100,TOYOTA,COROLLA,2.0 VVT-IE FLEX XEI DIRECT SHIFT,2024,2025.0,9000.0,CVT,Sedã,164999.0,103.0,São Paulo (SP)
67442649,TOYOTA,COROLLA,2.0 XRS 16V FLEX 4P AUTOMÁTICO,2017,2018.0,112712.0,Automática,Sedã,99900.0,101.0,São Paulo (SP)
67734557,TOYOTA,COROLLA,2.0 VVT-IE FLEX ALTIS DIRECT SHIFT,2021,2022.0,63761.0,Automática,Sedã,139950.0,103.0,São Paulo (SP)
66750846,TOYOTA,COROLLA,2.0 XEI 16V FLEX 4P AUTOMÁTICO,2017,2018.0,105000.0,CVT,Sedã,98800.0,99.0,São Paulo (SP)
69346306,TOYOTA,COROLLA,2.0 VVT-IE FLEX XEI DIRECT SHIFT,2020,2021.0,34500.0,Automática,Sedã,115900.0,97.0,São Paulo (SP)
69493360,TOYOTA,COROLLA,1.8 GLI 16V FLEX 4P AUTOMÁTICO,2016,2016.0,90811.0,Automática,Sedã,78990.0,101.0,São Paulo (SP)
67338480,TOYOTA,COROLLA,2.0 VVT-IE FLEX GLI DIRECT SHIFT,2020,2020.0,84600.0,Automática,Sedã,125000.0,116.0,São Paulo (SP)
69342129,TOYOTA,COROLLA,2.0 VVT-IE FLEX XEI DIRECT SHIFT,2019,2020.0,56000.0,Automática,Sedã,121990.0,105.0,São Paulo (SP)
67476130,TOYOTA,COROLLA,2.0 VVT-IE FLEX XEI DIRECT SHIFT,2024,2024.0,42453.0,Automática,Sedã,144990.0,102.0,São Paulo (SP)
69506755,TOYOTA,COROLLA,2.0 VVT-IE FLEX GLI DIRECT SHIFT,2024,2025.0,3000.0,CVT,Sedã,146900.0,102.0,São Paulo (SP)
68632330,TOYOTA,COROLLA,2.0 XEI 16V FLEX 4P AUTOMÁTICO,2018,2019.0,123000.0,CVT,Sedã,103590.0,101.0,São Paulo (SP)
68407588,TOYOTA,COROLLA,2.0 VVT-IE FLEX XEI DIRECT SHIFT,2021,2022.0,40000.0,Automática,Sedã,155000.0,126.0,São Paulo (SP)
69485971,TOYOTA,COROLLA,2.0 VVT-IE FLEX XEI DIRECT SHIFT,2023,2023.0,24419.0,CVT,Sedã,127990.0,100.0,São Paulo (SP)
68380676,TOYOTA,COROLLA,2.0 VVT-IE FLEX GLI DIRECT SHIFT,2022,2023.0,56670.0,Automática,Sedã,118890.0,101.0,São Paulo (SP)
68745402,TOYOTA,COROLLA,1.8 GLI 16V FLEX 4P AUTOMÁTICO,2015,2016.0,132000.0,CVT,Sedã,81900.0,104.0,São Paulo (SP)
68482384,TOYOTA,COROLLA,2.0 VVT-IE FLEX GLI DIRECT SHIFT,2025,2025.0,200.0,Automática,Sedã,147900.0,102.0,São Paulo (SP)
69506255,TOYOTA,COROLLA,1.8 XLI 16V FLEX 4P AUTOMÁTICO,2010,2011.0,106400.0,Automática,Sedã,59899.0,108.0,São Paulo (SP)
68772562,TOYOTA,COROLLA,1.8 VVT-I HYBRID FLEX ALTIS PREMIUM CVT,2022,2023.0,63000.0,CVT,Sedã,149990.0,104.0,São Paulo (SP)
69504553,TOYOTA,COROLLA,2.0 XEI 16V FLEX 4P AUTOMÁTICO,2018,2019.0,66582.0,Automática,Sedã,104990.0,102.0,São Paulo (SP)
69498073,TOYOTA,COROLLA,2.0 VVT-IE FLEX ALTIS DIRECT SHIFT,2020,2021.0,52000.0,CVT,Sedã,139900.0,107.0,São Paulo (SP)
67457441,TOYOTA,COROLLA,2.0 VVT-IE FLEX XEI DIRECT SHIFT,2022,2023.0,75059.0,Automática,Sedã,139900.0,110.0,São Paulo (SP)
69455096,TOYOTA,COROLLA,2.0 VVT-IE FLEX XEI DIRECT SHIFT,2024,2024.0,20005.0,Automática,Sedã,143900.0,101.0,São Paulo (SP)
69444170,TOYOTA,COROLLA,2.0 XEI 16V FLEX 4P AUTOMÁTICO,2011,2012.0,110000.0,Automática,Sedã,66899.0,105.0,São Paulo (SP)
63947416,TOYOTA,COROLLA,2.0 VVT-IE FLEX XEI DIRECT SHIFT,2020,2021.0,108000.0,CVT,Sedã,121900.0,102.0,São Paulo (SP)
67943575,TOYOTA,COROLLA,2.0 VVT-IE FLEX XEI DIRECT SHIFT,2020,2021.0,75000.0,CVT,Sedã,119790.0,100.0,São Paulo (SP)
69105798,TOYOTA,COROLLA,2.0 VVT-IE FLEX GR-S DIRECT SHIFT,2024,2024.0,33848.0,Automática,Sedã,161990.0,101.0,São Paulo (SP)
69252011,TOYOTA,COROLLA,2.0 XEI 16V FLEX 4P AUTOMÁTICO,2014,2014.0,146304.0,Automática,Sedã,78990.0,113.0,São Paulo (SP)
68366200,TOYOTA,COROLLA,2.0 VVT-IE FLEX XEI DIRECT SHIFT,2024,2024.0,35000.0,CVT,Sedã,151900.0,106.0,São Paulo (SP)
68483387,TOYOTA,COROLLA,2.0 VVT-IE FLEX ALTIS DIRECT SHIFT,2022,2023.0,64750.0,Automática,Sedã,149590.0,104.0,São Paulo (SP)
69499592,TOYOTA,COROLLA,2.0 XEI 16V FLEX 4P AUTOMÁTICO,2019,2019.0,150000.0,CVT,Sedã,107900.0,105.0,São Paulo (SP)
69369452,TOYOTA,COROLLA,2.0 VVT-IE FLEX ALTIS DIRECT SHIFT,2023,2024.0,42780.0,Automática,Sedã,163900.0,100.0,São Paulo (SP)
69495557,TOYOTA,COROLLA,2.0 VVT-IE FLEX XEI DIRECT SHIFT,2022,2023.0,79456.0,Automática,Sedã,128900.0,101.0,São Paulo (SP)
69507959,TOYOTA,COROLLA,1.8 VVT-I HYBRID FLEX ALTIS PREMIUM CVT,2023,2024.0,104396.0,Automática,Sedã,165890.0,100.0,São Paulo (SP)
67694083,TOYOTA,COROLLA,2.0 VVT-IE FLEX XEI DIRECT SHIFT,2021,2022.0,94603.0,Automática,Sedã,123990.0,101.0,São Paulo (SP)
69505601,TOYOTA,COROLLA,2.0 VVT-IE FLEX XEI DIRECT SHIFT,2022,2023.0,89200.0,Automática,Sedã,127990.0,100.0,São Paulo (SP)
65502533,TOYOTA,COROLLA,2.0 VVT-IE FLEX XEI DIRECT SHIFT,2019,2020.0,72601.0,CVT,Sedã,118800.0,102.0,São Paulo (SP)
66510564,TOYOTA,COROLLA,2.0 XEI 16V FLEX 4P AUTOMÁTICO,2014,2015.0,130476.0,Automática,Sedã,82900.0,101.0,São Paulo (SP)
68362099,TOYOTA,COROLLA,1.8 VVT-I HYBRID FLEX ALTIS CVT,2019,2020.0,89184.0,Automática,Sedã,127990.0,105.0,São Paulo (SP)
68385762,TOYOTA,COROLLA,2.0 XEI 16V FLEX 4P AUTOMÁTICO,2013,2014.0,173206.0,Automática,Sedã,69900.0,100.0,São Paulo (SP)
68368048,TOYOTA,COROLLA,1.8 GLI 16V FLEX 4P AUTOMÁTICO,2016,2017.0,143700.0,Automática,Sedã,79990.0,99.0,São Paulo (SP)
65839354,TOYOTA,COROLLA,2.0 VVT-IE FLEX GR-S DIRECT SHIFT,2021,2022.0,49895.0,Automática,Sedã,129000.0,101.0,São Paulo (SP)
64923724,TOYOTA,COROLLA,1.8 GLI 16V FLEX 4P AUTOMÁTICO,2016,2017.0,150000.0,Automática,Sedã,87900.0,108.0,São Paulo (SP)
69572996,TOYOTA,COROLLA,2.0 VVT-IE FLEX GLI DIRECT SHIFT,2024,2024.0,38902.0,Automática,Sedã,127300.0,101.0,São Paulo (SP)
69571661,TOYOTA,COROLLA,2.0 VVT-IE FLEX GLI DIRECT SHIFT,2023,2024.0,33924.0,Automática,Sedã,127300.0,101.0,São Paulo (SP)
69576677,TOYOTA,COROLLA,2.0 VVT-IE FLEX XEI DIRECT SHIFT,2023,2023.0,66177.0,Automática,Sedã,130500.0,102.0,São Paulo (SP)
68765056,TOYOTA,COROLLA,1.8 XEI 16V FLEX 4P AUTOMÁTICO,2008,2009.0,213000.0,Automática,Sedã,59900.0,111.0,São Paulo (SP)
69587869,TOYOTA,COROLLA,2.0 VVT-IE FLEX GR-S DIRECT SHIFT,2021,2022.0,53000.0,Automática,Sedã,131900.0,103.0,São Paulo (SP)
69569537,TOYOTA,COROLLA,2.0 VVT-IE FLEX XEI DIRECT SHIFT,2023,2023.0,77071.0,Automática,Sedã,133090.0,104.0,São Paulo (SP)
69589804,TOYOTA,COROLLA,2.0 VVT-IE FLEX XEI DIRECT SHIFT,2020,2021.0,61677.0,Automática,Sedã,120990.0,101.0,São Paulo (SP)
69590169,TOYOTA,COROLLA,2.0 VVT-IE FLEX XEI DIRECT SHIFT,2024,2025.0,28000.0,Automática,Sedã,199990.0,125.0,São Paulo (SP)
69567438,TOYOTA,COROLLA,2.0 VVT-IE FLEX XEI DIRECT SHIFT,2023,2023.0,57000.0,Automática,Sedã,133090.0,104.0,São Paulo (SP)
69569266,TOYOTA,COROLLA,2.0 VVT-IE FLEX XEI DIRECT SHIFT,2023,2023.0,27065.0,Automática,Sedã,143790.0,113.0,São Paulo (SP)
69572895,TOYOTA,COROLLA,2.0 VVT-IE FLEX GLI DIRECT SHIFT,2024,2024.0,47525.0,Automática,Sedã,123500.0,98.0,São Paulo (SP)
69587705,TOYOTA,COROLLA,2.0 VVT-IE FLEX XEI DIRECT SHIFT,2021,2022.0,70000.0,Automática,Sedã,123800.0,101.0,São Paulo (SP)
69588619,TOYOTA,COROLLA,2.0 VVT-IE FLEX XEI DIRECT SHIFT,2021,2022.0,62000.0,Automática,Sedã,122790.0,100.0,São Paulo (SP)
69569262,TOYOTA,COROLLA,2.0 VVT-IE FLEX XEI DIRECT SHIFT,2022,2023.0,88524.0,Automática,Sedã,132390.0,104.0,São Paulo (SP)
69569342,TOYOTA,COROLLA,2.0 VVT-IE FLEX XEI DIRECT SHIFT,2022,2023.0,54397.0,Automática,Sedã,133090.0,104.0,São Paulo (SP)
69569535,TOYOTA,COROLLA,2.0 VVT-IE FLEX XEI DIRECT SHIFT,2023,2023.0,77071.0,Automática,Sedã,133090.0,104.0,São Paulo (SP)
69575090,TOYOTA,COROLLA,2.0 VVT-IE FLEX XEI DIRECT SHIFT,2024,2024.0,53181.0,Automática,Sedã,142200.0,100.0,São Paulo (SP)
69570868,TOYOTA,COROLLA,2.0 VVT-IE FLEX GLI DIRECT SHIFT,2025,2025.0,30762.0,Automática,Sedã,152800.0,106.0,São Paulo (SP)
69579489,TOYOTA,COROLLA,1.8 VVT-I HYBRID FLEX ALTIS PREMIUM CVT,2024,2024.0,9000.0,CVT,Sedã,249990.0,151.0,São Paulo (SP)
69587912,TOYOTA,COROLLA,2.0 VVT-IE FLEX XEI DIRECT SHIFT,2023,2023.0,18048.0,Automática,Sedã,142590.0,112.0,São Paulo (SP)
69567302,TOYOTA,COROLLA,2.0 VVT-IE FLEX XEI DIRECT SHIFT,2024,2025.0,13318.0,Automática,Sedã,159390.0,100.0,São Paulo (SP)
66231000,TOYOTA,COROLLA,2.0 XEI 16V FLEX 4P AUTOMÁTICO,2013,2014.0,109000.0,Automática,Sedã,71900.0,103.0,São Paulo (SP)
68974878,TOYOTA,COROLLA,1.8 XLI 16V FLEX 4P MANUAL,2010,2011.0,140000.0,Manual,Sedã,54900.0,100.0,São Paulo (SP)
67811517,TOYOTA,COROLLA,1.8 XEI 16V FLEX 4P MANUAL,2008,2009.0,241338.0,Automática,Sedã,53900.0,104.0,São Paulo (SP)
68499684,TOYOTA,COROLLA,2.0 VVT-IE FLEX XEI DIRECT SHIFT,2021,2022.0,45000.0,CVT,Sedã,122890.0,100.0,São Paulo (SP)
66936091,TOYOTA,COROLLA,1.8 VVT-I HYBRID FLEX ALTIS PREMIUM CVT,2025,2026.0,800.0,Automática,Sedã,289800.0,154.0,São Paulo (SP)
68401331,TOYOTA,COROLLA,1.8 GLI 16V FLEX 4P AUTOMÁTICO,2015,2016.0,95000.0,Automática,Sedã,80800.0,103.0,São Paulo (SP)
68981058,TOYOTA,COROLLA,1.8 VVT-I HYBRID FLEX ALTIS PREMIUM CVT,2023,2023.0,29100.0,CVT,Sedã,147990.0,102.0,São Paulo (SP)
69119503,TOYOTA,COROLLA,2.0 XEI 16V FLEX 4P AUTOMÁTICO,2011,2012.0,125306.0,Automática,Sedã,63990.0,101.0,São Paulo (SP)
66484507,TOYOTA,COROLLA,2.0 VVT-IE FLEX GR-S DIRECT SHIFT,2021,2022.0,78000.0,CVT,Sedã,129990.0,102.0,São Paulo (SP)
68888690,TOYOTA,COROLLA,2.0 XEI 16V FLEX 4P AUTOMÁTICO,2011,2012.0,131000.0,Automática,Sedã,64990.0,102.0,São Paulo (SP)
68632717,TOYOTA,COROLLA,2.0 XEI 16V FLEX 4P AUTOMÁTICO,2013,2014.0,82000.0,Automática,Sedã,74900.0,107.0,São Paulo (SP)
68075902,TOYOTA,COROLLA,2.0 VVT-IE FLEX XEI DIRECT SHIFT,2020,2020.0,99435.0,CVT,Sedã,116900.0,100.0,São Paulo (SP)
67424984,TOYOTA,COROLLA,1.8 GLI UPPER 16V FLEX 4P AUTOMÁTICO,2017,2018.0,108000.0,CVT,Sedã,89900.0,105.0,São Paulo (SP)
68910606,TOYOTA,COROLLA,2.0 VVT-IE FLEX XEI DIRECT SHIFT,2025,2025.0,1200.0,Automática,Sedã,219990.0,138.0,São Paulo (SP)
67090631,TOYOTA,COROLLA,2.0 VVT-IE FLEX GLI DIRECT SHIFT,2021,2022.0,98000.0,Automática,Sedã,116700.0,102.0,São Paulo (SP)
69424614,TOYOTA,COROLLA,1.8 XEI 16V FLEX 4P MANUAL,2009,2009.0,73000.0,Manual,Sedã,54900.0,106.0,São Paulo (SP)
68083183,TOYOTA,COROLLA,1.8 GLI 16V FLEX 4P AUTOMÁTICO,2015,2016.0,100000.0,Automática,Sedã,82900.0,106.0,São Paulo (SP)
67683207,TOYOTA,COROLLA,2.0 VVT-IE FLEX XEI DIRECT SHIFT,2025,2025.0,13000.0,CVT,Sedã,155990.0,98.0,São Paulo (SP)
67804029,TOYOTA,COROLLA,2.0 VVT-IE FLEX ALTIS PREMIUM DIRECT SHIFT,2025,2025.0,4644.0,CVT,Sedã,182790.0,103.0,São Paulo (SP)
67421554,TOYOTA,COROLLA,2.0 VVT-IE FLEX GR-S DIRECT SHIFT,2024,2024.0,25500.0,Automática,Sedã,159900.0,100.0,São Paulo (SP)
69279013,TOYOTA,COROLLA,1.8 VVT-I HYBRID FLEX ALTIS PREMIUM CVT,2019,2020.0,58000.0,CVT,Sedã,124999.0,100.0,São Paulo (SP)
68389218,TOYOTA,COROLLA,1.8 GLI 16V FLEX 4P AUTOMÁTICO,2016,2017.0,112000.0,Automática,Sedã,86990.0,107.0,São Paulo (SP)
69031660,TOYOTA,COROLLA,1.8 XEI 16V FLEX 4P AUTOMÁTICO,2009,2010.0,190000.0,Automática,Sedã,58900.0,106.0,São Paulo (SP)
69213230,TOYOTA,COROLLA,1.8 GLI 16V FLEX 4P AUTOMÁTICO,2009,2010.0,130000.0,Automática,Sedã,56900.0,106.0,São Paulo (SP)
67274674,TOYOTA,COROLLA,2.0 XEI 16V FLEX 4P AUTOMÁTICO,2012,2013.0,159310.0,Automática,Sedã,71990.0,108.0,São Paulo (SP)
67761774,TOYOTA,COROLLA,2.0 XEI 16V FLEX 4P AUTOMÁTICO,2012,2013.0,224652.0,Automática,Sedã,61900.0,93.0,São Paulo (SP)
67868851,TOYOTA,COROLLA,2.0 ALTIS 16V FLEX 4P AUTOMÁTICO,2012,2013.0,135000.0,Automática,Sedã,66490.0,98.0,São Paulo (SP)
67410360,TOYOTA,COROLLA,1.8 XLI 16V FLEX 4P AUTOMÁTICO,2012,2013.0,165000.0,Automática,Sedã,63900.0,100.0,São Paulo (SP)
67803975,TOYOTA,COROLLA,2.0 ALTIS 16V FLEX 4P AUTOMÁTICO,2013,2014.0,144000.0,Automática,Sedã,77990.0,108.0,São Paulo (SP)
68890709,TOYOTA,COROLLA,2.0 XEI 16V FLEX 4P AUTOMÁTICO,2011,2012.0,106210.0,Automática,Sedã,65900.0,104.0,São Paulo (SP)
66797584,TOYOTA,COROLLA,2.0 XEI 16V FLEX 4P AUTOMÁTICO,2015,2016.0,148000.0,Automática,Sedã,86000.0,102.0,São Paulo (SP)
67675751,TOYOTA,COROLLA,2.0 VVT-IE FLEX XEI DIRECT SHIFT,2024,2024.0,20070.0,CVT,Sedã,146900.0,103.0,São Paulo (SP)
69031643,TOYOTA,COROLLA,2.0 XEI 16V FLEX 4P AUTOMÁTICO,2016,2017.0,110000.0,Automática,Sedã,89900.0,102.0,São Paulo (SP)
66541933,TOYOTA,COROLLA,2.0 VVT-IE FLEX GR-S DIRECT SHIFT,2022,2023.0,51000.0,CVT,Sedã,155000.0,112.0,São Paulo (SP)
67538822,TOYOTA,COROLLA,2.0 VVT-IE FLEX XEI DIRECT SHIFT,2019,2020.0,58682.0,CVT,Sedã,121900.0,105.0,São Paulo (SP)
69425686,TOYOTA,COROLLA,2.0 VVT-IE FLEX XEI DIRECT SHIFT,2020,2021.0,30000.0,CVT,Sedã,118990.0,99.0,São Paulo (SP)
67212811,TOYOTA,COROLLA,1.8 GLI 16V FLEX 4P AUTOMÁTICO,2012,2013.0,170000.0,Automática,Sedã,61990.0,99.0,São Paulo (SP)
68975265,TOYOTA,COROLLA,2.0 XRS 16V FLEX 4P AUTOMÁTICO,2017,2018.0,91358.0,Automática,Sedã,103990.0,105.0,São Paulo (SP)
67326947,TOYOTA,COROLLA,2.0 VVT-IE FLEX GR-S DIRECT SHIFT,2025,2025.0,5842.0,Automática,Sedã,171900.0,98.0,São Paulo (SP)
68099720,TOYOTA,COROLLA,1.8 GLI 16V FLEX 4P AUTOMÁTICO,2013,2014.0,97000.0,Automática,Sedã,80000.0,123.0,São Paulo (SP)
67170909,TOYOTA,COROLLA,2.0 XEI 16V FLEX 4P AUTOMÁTICO,2013,2014.0,129000.0,Automática,Sedã,69900.0,100.0,São Paulo (SP)
67809795,TOYOTA,COROLLA,2.0 VVT-IE FLEX XEI DIRECT SHIFT,2020,2020.0,151000.0,Automática,Sedã,104900.0,90.0,São Paulo (SP)
67964591,TOYOTA,COROLLA,2.0 XEI 16V FLEX 4P AUTOMÁTICO,2014,2014.0,92000.0,Automática,Sedã,72790.0,104.0,São Paulo (SP)
67535743,TOYOTA,COROLLA,2.0 XEI 16V FLEX 4P AUTOMÁTICO,2011,2012.0,230000.0,Automática,Sedã,66790.0,105.0,São Paulo (SP)
68881838,TOYOTA,COROLLA,2.0 XEI 16V FLEX 4P AUTOMÁTICO,2014,2015.0,150000.0,Automática,Sedã,77750.0,95.0,São Paulo (SP)
68882128,TOYOTA,COROLLA,2.0 XEI 16V FLEX 4P AUTOMÁTICO,2014,2015.0,150000.0,Automática,Sedã,77750.0,95.0,São Paulo (SP)
68881989,TOYOTA,COROLLA,2.0 XEI 16V FLEX 4P AUTOMÁTICO,2014,2015.0,150000.0,Automática,Sedã,77750.0,95.0,São Paulo (SP)
67822578,TOYOTA,COROLLA,2.0 XEI 16V FLEX 4P AUTOMÁTICO,2010,2011.0,164726.0,Automática,Sedã,63900.0,109.0,São Paulo (SP)
68888974,TOYOTA,COROLLA,1.8 GLI 16V FLEX 4P AUTOMÁTICO,2013,2014.0,108000.0,Automática,Sedã,64900.0,100.0,São Paulo (SP)
68526745,TOYOTA,COROLLA,2.0 XEI 16V FLEX 4P AUTOMÁTICO,2016,2017.0,240000.0,Automática,Sedã,75990.0,86.0,São Paulo (SP)
69126111,TOYOTA,COROLLA,2.0 XEI 16V FLEX 4P AUTOMÁTICO,2016,2016.0,70323.0,Automática,Sedã,95900.0,114.0,São Paulo (SP)
66421143,TOYOTA,COROLLA,2.0 VVT-IE FLEX GR-S DIRECT SHIFT,2024,2025.0,14000.0,CVT,Sedã,175000.0,100.0,São Paulo (SP)
67547388,TOYOTA,COROLLA,1.8 GLI 16V FLEX 4P AUTOMÁTICO,2010,2011.0,130000.0,Automática,Sedã,57499.0,104.0,São Paulo (SP)
68516050,TOYOTA,COROLLA,2.0 VVT-IE FLEX XEI DIRECT SHIFT,2019,2020.0,69200.0,CVT,Sedã,115900.0,99.0,São Paulo (SP)
67510695,TOYOTA,COROLLA,2.0 VVT-IE FLEX XEI DIRECT SHIFT,2024,2024.0,14000.0,CVT,Sedã,154900.0,109.0,São Paulo (SP)
67726430,TOYOTA,COROLLA,2.0 XEI 16V FLEX 4P AUTOMÁTICO,2013,2014.0,100000.0,Automática,Sedã,81900.0,117.0,São Paulo (SP)
67396072,TOYOTA,COROLLA,2.0 VVT-IE FLEX XEI DIRECT SHIFT,2023,2024.0,49000.0,Automática,Sedã,139900.0,98.0,São Paulo (SP)
67935272,TOYOTA,COROLLA,1.8 GLI UPPER 16V FLEX 4P AUTOMÁTICO,2017,2017.0,98000.0,Automática,Sedã,79990.0,98.0,São Paulo (SP)
68088007,TOYOTA,COROLLA,1.8 XEI 16V GASOLINA 4P MANUAL,2001,2002.0,260000.0,Manual,Sedã,28900.0,104.0,São Paulo (SP)
66616842,TOYOTA,COROLLA,1.8 VVT-I HYBRID FLEX ALTIS CVT,2022,2023.0,21000.0,CVT,Sedã,184900.0,130.0,São Paulo (SP)
67845369,TOYOTA,COROLLA,2.0 XEI 16V FLEX 4P AUTOMÁTICO,2013,2014.0,106000.0,Automática,Sedã,71990.0,103.0,São Paulo (SP)
67724618,TOYOTA,COROLLA,2.0 XEI 16V FLEX 4P AUTOMÁTICO,2019,2019.0,101200.0,Automática,Sedã,108900.0,106.0,São Paulo (SP)
67693506,TOYOTA,COROLLA,2.0 VVT-IE FLEX GLI DIRECT SHIFT,2025,2025.0,12000.0,CVT,Sedã,146900.0,102.0,São Paulo (SP)
66927257,TOYOTA,COROLLA,2.0 VVT-IE FLEX XEI DIRECT SHIFT,2019,2020.0,80000.0,Automática,Sedã,112990.0,97.0,São Paulo (SP)
65782584,TOYOTA,COROLLA,2.0 VVT-IE FLEX XEI DIRECT SHIFT,2022,2023.0,68000.0,CVT,Sedã,122900.0,96.0,São Paulo (SP)
69246600,TOYOTA,COROLLA,1.8 XEI 16V FLEX 4P MANUAL,2008,2009.0,133120.0,Manual,Sedã,53990.0,104.0,São Paulo (SP)
67357655,TOYOTA,COROLLA,1.8 GLI 16V FLEX 4P AUTOMÁTICO,2013,2014.0,128789.0,Automática,Sedã,69900.0,108.0,São Paulo (SP)
65746553,TOYOTA,COROLLA,1.8 GLI 16V FLEX 4P AUTOMÁTICO,2016,2017.0,119000.0,Automática,Sedã,79900.0,98.0,São Paulo (SP)
67119328,TOYOTA,COROLLA,2.0 XEI 16V FLEX 4P AUTOMÁTICO,2015,2016.0,119000.0,Automática,Sedã,83900.0,99.0,São Paulo (SP)
68737209,TOYOTA,COROLLA,1.8 VVT-I HYBRID FLEX ALTIS CVT,2020,2020.0,187751.0,Automática,Sedã,109990.0,90.0,São Paulo (SP)
67961725,TOYOTA,COROLLA,1.8 VVT-I HYBRID FLEX ALTIS PREMIUM CVT,2021,2022.0,120000.0,CVT,Sedã,129900.0,96.0,São Paulo (SP)
68508112,TOYOTA,COROLLA,2.0 VVT-IE FLEX GLI DIRECT SHIFT,2021,2022.0,28029.0,Automática,Sedã,116000.0,101.0,São Paulo (SP)
68380548,TOYOTA,COROLLA,2.0 XEI 16V FLEX 4P AUTOMÁTICO,2014,2015.0,88850.0,Automática,Sedã,85900.0,105.0,São Paulo (SP)
65586012,TOYOTA,COROLLA,1.8 VVT-I HYBRID FLEX ALTIS PREMIUM CVT,2024,2024.0,24750.0,Automática,Sedã,175888.0,106.0,São Paulo (SP)
68984038,TOYOTA,COROLLA,2.0 VVT-IE FLEX GLI DIRECT SHIFT,2025,2025.0,9100.0,Automática,Sedã,144800.0,100.0,São Paulo (SP)
67503366,TOYOTA,COROLLA,1.8 SE-G 16V GASOLINA 4P AUTOMÁTICO,2003,2004.0,229419.0,Automática,Sedã,38900.0,108.0,São Paulo (SP)
67635973,TOYOTA,COROLLA,2.0 VVT-IE FLEX XEI DIRECT SHIFT,2025,2025.0,9200.0,CVT,Sedã,159900.0,100.0,São Paulo (SP)
68300282,TOYOTA,COROLLA,1.8 GLI 16V FLEX 4P AUTOMÁTICO,2017,2017.0,149000.0,Automática,Sedã,74990.0,92.0,São Paulo (SP)
68626364,TOYOTA,COROLLA,1.8 XEI 16V GASOLINA 4P AUTOMÁTICO,2006,2006.0,171524.0,Automática,Sedã,40900.0,106.0,São Paulo (SP)
68073552,TOYOTA,COROLLA,2.0 XRS 16V FLEX 4P AUTOMÁTICO,2012,2013.0,118000.0,Automática,Sedã,73900.0,110.0,São Paulo (SP)
66361607,TOYOTA,COROLLA,1.8 GLI 16V FLEX 4P AUTOMÁTICO,2012,2013.0,178000.0,Automática,Sedã,64890.0,104.0,São Paulo (SP)
67344834,TOYOTA,COROLLA,2.0 VVT-IE FLEX GR-S DIRECT SHIFT,2025,2025.0,4700.0,CVT,Sedã,179900.0,102.0,São Paulo (SP)
67699872,TOYOTA,COROLLA,2.0 VVT-IE FLEX XEI DIRECT SHIFT,2023,2023.0,54037.0,CVT,Sedã,126900.0,99.0,São Paulo (SP)
67847696,TOYOTA,COROLLA,2.0 VVT-IE FLEX GR-S DIRECT SHIFT,2024,2024.0,25726.0,Automática,Sedã,158900.0,100.0,São Paulo (SP)
67972961,TOYOTA,COROLLA,1.8 VVT-I HYBRID FLEX ALTIS PREMIUM CVT,2023,2023.0,48080.0,CVT,Sedã,142990.0,99.0,São Paulo (SP)
68005657,TOYOTA,COROLLA,1.8 GLI 16V FLEX 4P AUTOMÁTICO,2013,2014.0,149000.0,Automática,Sedã,67900.0,105.0,São Paulo (SP)
67241740,TOYOTA,COROLLA,1.8 GLI 16V FLEX 4P AUTOMÁTICO,2015,2016.0,151759.0,Automática,Sedã,79890.0,102.0,São Paulo (SP)
67775677,TOYOTA,COROLLA,2.0 VVT-IE FLEX ALTIS DIRECT SHIFT,2023,2023.0,29000.0,Automática,Sedã,144900.0,101.0,São Paulo (SP)
67700553,TOYOTA,COROLLA,2.0 VVT-IE FLEX XEI DIRECT SHIFT,2020,2021.0,49880.0,CVT,Sedã,124900.0,104.0,São Paulo (SP)
67724142,TOYOTA,COROLLA,1.8 XEI 16V GASOLINA 4P AUTOMÁTICO,2000,2001.0,181000.0,Automática,Sedã,39990.0,146.0,São Paulo (SP)
68527426,TOYOTA,COROLLA,2.0 VVT-IE FLEX GR-S DIRECT SHIFT,2023,2023.0,17694.0,Automática,Sedã,147900.0,107.0,São Paulo (SP)
68891795,TOYOTA,COROLLA,1.8 VVT-I HYBRID FLEX ALTIS CVT,2020,2021.0,79300.0,CVT,Sedã,119990.0,95.0,São Paulo (SP)
67824176,TOYOTA,COROLLA,2.0 XEI 16V FLEX 4P AUTOMÁTICO,2018,2019.0,57264.0,CVT,Sedã,114900.0,112.0,São Paulo (SP)
67606842,TOYOTA,COROLLA,1.8 GLI 16V FLEX 4P AUTOMÁTICO,2013,2014.0,153505.0,Automática,Sedã,64700.0,100.0,São Paulo (SP)
69097335,TOYOTA,COROLLA,2.0 VVT-IE FLEX GLI DIRECT SHIFT,2019,2020.0,43000.0,CVT,Sedã,110900.0,103.0,São Paulo (SP)
68849029,TOYOTA,COROLLA,1.8 VVT-I HYBRID FLEX ALTIS PREMIUM CVT,2025,2025.0,10000.0,CVT,Sedã,179900.0,100.0,São Paulo (SP)
66377648,TOYOTA,COROLLA,1.8 GLI UPPER 16V FLEX 4P AUTOMÁTICO,2018,2019.0,131000.0,Automática,Sedã,86990.0,98.0,São Paulo (SP)
67956418,TOYOTA,COROLLA,1.8 XEI 16V FLEX 4P AUTOMÁTICO,2009,2009.0,176000.0,Automática,Sedã,54900.0,102.0,São Paulo (SP)
67186030,TOYOTA,COROLLA,1.8 XEI 16V FLEX 4P AUTOMÁTICO,2009,2010.0,174100.0,Automática,Sedã,55990.0,101.0,São Paulo (SP)
67962847,TOYOTA,COROLLA,2.0 VVT-IE FLEX XEI DIRECT SHIFT,2022,2023.0,47916.0,CVT,Sedã,124900.0,98.0,São Paulo (SP)
66613124,TOYOTA,COROLLA,2.0 XEI 16V FLEX 4P AUTOMÁTICO,2014,2014.0,151000.0,Automática,Sedã,71900.0,103.0,São Paulo (SP)
66836039,TOYOTA,COROLLA,2.0 VVT-IE FLEX XEI DIRECT SHIFT,2024,2024.0,18000.0,CVT,Sedã,149000.0,104.0,São Paulo (SP)
67932235,TOYOTA,COROLLA,2.0 XEI 16V FLEX 4P AUTOMÁTICO,2015,2016.0,92000.0,Automática,Sedã,84990.0,101.0,São Paulo (SP)
66727314,TOYOTA,COROLLA,2.0 VVT-IE FLEX XEI DIRECT SHIFT,2019,2020.0,58000.0,CVT,Sedã,117990.0,101.0,São Paulo (SP)
67848829,TOYOTA,COROLLA,2.0 VVT-IE FLEX GLI DIRECT SHIFT,2025,2025.0,9600.0,Automática,Sedã,146900.0,102.0,São Paulo (SP)
68650831,TOYOTA,COROLLA,2.0 XEI 16V FLEX 4P AUTOMÁTICO,2010,2011.0,161287.0,Automática,Sedã,59490.0,102.0,São Paulo (SP)
67314197,TOYOTA,COROLLA,2.0 XEI 16V FLEX 4P AUTOMÁTICO,2015,2015.0,145000.0,Automática,Sedã,84900.0,104.0,São Paulo (SP)
66448816,TOYOTA,COROLLA,2.0 XEI 16V FLEX 4P AUTOMÁTICO,2012,2013.0,146000.0,Automática,Sedã,69900.0,105.0,São Paulo (SP)
64811790,TOYOTA,COROLLA,2.0 VVT-IE FLEX GLI DIRECT SHIFT,2020,2021.0,99806.0,Automática,Sedã,98900.0,90.0,São Paulo (SP)
66834957,TOYOTA,COROLLA,2.0 VVT-IE FLEX GR-S DIRECT SHIFT,2025,2025.0,18856.0,CVT,Sedã,183900.0,105.0,São Paulo (SP)
67613511,TOYOTA,COROLLA,2.0 ALTIS 16V FLEX 4P AUTOMÁTICO,2017,2018.0,108695.0,Automática,Sedã,105990.0,103.0,São Paulo (SP)
66557711,TOYOTA,COROLLA,2.0 VVT-IE FLEX XEI DIRECT SHIFT,2021,2022.0,68761.0,Automática,Sedã,123900.0,101.0,São Paulo (SP)
66803392,TOYOTA,COROLLA,2.0 VVT-IE FLEX GR-S DIRECT SHIFT,2025,2025.0,6823.0,Automática,Sedã,178890.0,102.0,São Paulo (SP)
67837604,TOYOTA,COROLLA,2.0 VVT-IE FLEX GLI DIRECT SHIFT,2025,2025.0,11500.0,Automática,Sedã,145900.0,101.0,São Paulo (SP)
69372853,TOYOTA,COROLLA,1.8 GLI 16V FLEX 4P AUTOMÁTICO,2015,2016.0,85000.0,Automática,Sedã,81900.0,104.0,São Paulo (SP)
67700346,TOYOTA,COROLLA,2.0 VVT-IE FLEX GR-S DIRECT SHIFT,2021,2022.0,57000.0,CVT,Sedã,134800.0,106.0,São Paulo (SP)
67639029,TOYOTA,COROLLA,1.8 GLI 16V FLEX 4P AUTOMÁTICO,2015,2016.0,92232.0,Automática,Sedã,81900.0,104.0,São Paulo (SP)
67442360,TOYOTA,COROLLA,2.0 XEI 16V FLEX 4P AUTOMÁTICO,2016,2017.0,77618.0,Automática,Sedã,92890.0,105.0,São Paulo (SP)
68504515,TOYOTA,COROLLA,2.0 XEI 16V FLEX 4P AUTOMÁTICO,2018,2019.0,61965.0,CVT,Sedã,120900.0,118.0,São Paulo (SP)
68528329,TOYOTA,COROLLA,2.0 VVT-IE FLEX ALTIS DIRECT SHIFT,2021,2022.0,56681.0,Automática,Sedã,138900.0,102.0,São Paulo (SP)
67651884,TOYOTA,COROLLA,2.0 VVT-IE FLEX XEI DIRECT SHIFT,2019,2020.0,71764.0,Automática,Sedã,118890.0,102.0,São Paulo (SP)
67343729,TOYOTA,COROLLA,2.0 VVT-IE FLEX XEI DIRECT SHIFT,2020,2020.0,100000.0,CVT,Sedã,115990.0,99.0,São Paulo (SP)
68603693,TOYOTA,COROLLA,2.0 VVT-IE FLEX ALTIS DIRECT SHIFT,2022,2023.0,25623.0,CVT,Sedã,150000.0,105.0,São Paulo (SP)
66736498,TOYOTA,COROLLA,2.0 VVT-IE FLEX GR-S DIRECT SHIFT,2022,2023.0,68000.0,Manual,Sedã,143990.0,104.0,São Paulo (SP)
67617204,TOYOTA,COROLLA,2.0 VVT-IE FLEX XEI DIRECT SHIFT,2021,2022.0,49000.0,CVT,Sedã,118990.0,97.0,São Paulo (SP)
65376622,TOYOTA,COROLLA,1.8 GLI 16V FLEX 4P AUTOMÁTICO,2016,2017.0,83500.0,Automática,Sedã,87990.0,108.0,São Paulo (SP)
67818737,TOYOTA,COROLLA,1.8 XLI 16V FLEX 4P AUTOMÁTICO,2008,2009.0,161436.0,Automática,Sedã,58990.0,116.0,São Paulo (SP)
67503528,TOYOTA,COROLLA,1.8 GLI 16V FLEX 4P AUTOMÁTICO,2017,2018.0,121000.0,CVT,Sedã,84900.0,100.0,São Paulo (SP)
67923978,TOYOTA,COROLLA,2.0 VVT-IE FLEX GR-S DIRECT SHIFT,2025,2025.0,12167.0,CVT,Sedã,176900.0,101.0,São Paulo (SP)
67358727,TOYOTA,COROLLA,2.0 VVT-IE FLEX XEI DIRECT SHIFT,2019,2020.0,65000.0,Automática,Sedã,118900.0,102.0,São Paulo (SP)
68401287,TOYOTA,COROLLA,2.0 VVT-IE FLEX XEI DIRECT SHIFT,2024,2025.0,14000.0,CVT,Sedã,159900.0,100.0,São Paulo (SP)
67922739,TOYOTA,COROLLA,1.8 VVT-I HYBRID FLEX ALTIS PREMIUM CVT,2020,2021.0,90686.0,CVT,Sedã,129500.0,100.0,São Paulo (SP)
65807013,TOYOTA,COROLLA,2.0 XEI 16V FLEX 4P AUTOMÁTICO,2017,2018.0,137985.0,Automática,Sedã,89990.0,90.0,São Paulo (SP)
67695878,TOYOTA,COROLLA,2.0 VVT-IE FLEX XEI DIRECT SHIFT,2024,2024.0,28000.0,CVT,Sedã,144900.0,102.0,São Paulo (SP)
69557365,TOYOTA,COROLLA,2.0 XEI 16V FLEX 4P AUTOMÁTICO,2015,2015.0,91225.0,Automática,Sedã,83900.0,102.0,São Paulo (SP)
67243515,TOYOTA,COROLLA,2.0 ALTIS 16V FLEX 4P AUTOMÁTICO,2011,2012.0,115454.0,Automática,Sedã,74900.0,115.0,São Paulo (SP)
67939119,TOYOTA,COROLLA,2.0 XEI 16V FLEX 4P AUTOMÁTICO,2019,2019.0,56000.0,Automática,Sedã,108800.0,106.0,São Paulo (SP)
67636356,TOYOTA,COROLLA,1.8 GLI 16V FLEX 4P AUTOMÁTICO,2012,2013.0,117000.0,Automática,Sedã,65900.0,106.0,São Paulo (SP)
67369407,TOYOTA,COROLLA,2.0 VVT-IE FLEX XEI DIRECT SHIFT,2025,2025.0,11159.0,CVT,Sedã,162990.0,102.0,São Paulo (SP)
67840296,TOYOTA,COROLLA,1.8 XEI 16V GASOLINA 4P AUTOMÁTICO,2007,2007.0,207000.0,Automática,Sedã,44990.0,110.0,São Paulo (SP)
67881176,TOYOTA,COROLLA,2.0 VVT-IE FLEX XEI DIRECT SHIFT,2025,2025.0,17000.0,CVT,Sedã,212000.0,133.0,São Paulo (SP)
65063611,TOYOTA,COROLLA,2.0 XEI 16V FLEX 4P AUTOMÁTICO,2018,2018.0,84824.0,CVT,Sedã,113600.0,114.0,São Paulo (SP)
66492990,TOYOTA,COROLLA,2.0 XEI 16V FLEX 4P AUTOMÁTICO,2011,2012.0,187000.0,Automática,Sedã,67500.0,106.0,São Paulo (SP)
67578464,TOYOTA,COROLLA,2.0 ALTIS 16V FLEX 4P AUTOMÁTICO,2014,2015.0,179017.0,Automática,Sedã,84900.0,102.0,São Paulo (SP)
68230775,TOYOTA,COROLLA,2.0 VVT-IE FLEX XEI DIRECT SHIFT,2025,2025.0,7377.0,Automática,Sedã,159900.0,100.0,São Paulo (SP)
67930832,TOYOTA,COROLLA,2.0 VVT-IE FLEX GR-S DIRECT SHIFT,2025,2026.0,2298.0,Automática,Sedã,189790.0,104.0,São Paulo (SP)
67287197,TOYOTA,COROLLA,2.0 VVT-IE FLEX XEI DIRECT SHIFT,2024,2024.0,7000.0,CVT,Sedã,207900.0,146.0,São Paulo (SP)
67979903,TOYOTA,COROLLA,2.0 XEI 16V FLEX 4P AUTOMÁTICO,2014,2015.0,141000.0,Automática,Sedã,82900.0,101.0,São Paulo (SP)
65403071,TOYOTA,COROLLA,1.8 SE-G 16V FLEX 4P AUTOMÁTICO,2008,2009.0,220389.0,Automática,Sedã,57900.0,104.0,São Paulo (SP)
66293468,TOYOTA,COROLLA,1.8 VVT-I HYBRID FLEX ALTIS CVT,2022,2022.0,59480.0,CVT,Sedã,148790.0,112.0,São Paulo (SP)
68182013,TOYOTA,COROLLA,1.8 VVT-I HYBRID FLEX ALTIS PREMIUM CVT,2024,2025.0,40000.0,Automática,Sedã,172900.0,96.0,São Paulo (SP)
67437949,TOYOTA,COROLLA,1.8 GLI 16V FLEX 4P AUTOMÁTICO,2015,2016.0,159300.0,Automática,Sedã,79900.0,102.0,São Paulo (SP)
67543633,TOYOTA,COROLLA,2.0 VVT-IE FLEX XEI DIRECT SHIFT,2025,2025.0,7377.0,Automática,Sedã,163900.0,103.0,São Paulo (SP)
67780665,TOYOTA,COROLLA,2.0 VVT-IE FLEX XEI DIRECT SHIFT,2019,2020.0,56000.0,Automática,Sedã,121990.0,105.0,São Paulo (SP)
66520041,TOYOTA,COROLLA,2.0 XEI 16V FLEX 4P AUTOMÁTICO,2019,2019.0,84550.0,CVT,Sedã,104900.0,102.0,São Paulo (SP)
66669336,TOYOTA,COROLLA,2.0 VVT-IE FLEX XEI DIRECT SHIFT,2021,2022.0,62000.0,CVT,Sedã,126990.0,103.0,São Paulo (SP)
67777300,TOYOTA,COROLLA,1.8 SE-G 16V FLEX 4P AUTOMÁTICO,2008,2009.0,170000.0,Automática,Sedã,59900.0,107.0,São Paulo (SP)
69225065,TOYOTA,COROLLA,2.0 XEI 16V FLEX 4P AUTOMÁTICO,2014,2015.0,35000.0,Automática,Sedã,95888.0,117.0,São Paulo (SP)
69274015,TOYOTA,COROLLA,1.8 VVT-I HYBRID FLEX ALTIS CVT,2020,2020.0,143000.0,Automática,Sedã,114890.0,94.0,São Paulo (SP)
67345891,TOYOTA,COROLLA,2.0 VVT-IE FLEX XEI DIRECT SHIFT,2019,2020.0,58000.0,Automática,Sedã,119900.0,103.0,São Paulo (SP)
65307351,TOYOTA,COROLLA,1.8 VVT-I HYBRID FLEX ALTIS PREMIUM CVT,2025,2026.0,0.0,Automática,Sedã,198990.0,106.0,São Paulo (SP)
67647182,TOYOTA,COROLLA,2.0 XEI 16V FLEX 4P AUTOMÁTICO,2010,2011.0,245211.0,Automática,Sedã,57500.0,98.0,São Paulo (SP)
67391777,TOYOTA,COROLLA,2.0 VVT-IE FLEX XEI DIRECT SHIFT,2024,2024.0,110000.0,CVT,Sedã,129900.0,91.0,São Paulo (SP)
66803391,TOYOTA,COROLLA,2.0 VVT-IE FLEX GR-S DIRECT SHIFT,2025,2025.0,6823.0,Automática,Sedã,178890.0,102.0,São Paulo (SP)
68502090,TOYOTA,COROLLA,2.0 VVT-IE FLEX XEI DIRECT SHIFT,2021,2022.0,31723.0,Automática,Sedã,123990.0,101.0,São Paulo (SP)
66136230,TOYOTA,COROLLA,2.0 XEI 16V FLEX 4P AUTOMÁTICO,2015,2016.0,110405.0,Automática,Sedã,88997.0,105.0,São Paulo (SP)
69112404,TOYOTA,COROLLA,1.8 GLI 16V FLEX 4P AUTOMÁTICO,2015,2016.0,88100.0,Automática,Sedã,81000.0,103.0,São Paulo (SP)
67457756,TOYOTA,COROLLA,2.0 XEI 16V FLEX 4P AUTOMÁTICO,2019,2019.0,175800.0,Automática,Sedã,96900.0,94.0,São Paulo (SP)
67824235,TOYOTA,COROLLA,1.8 VVT-I HYBRID FLEX ALTIS PREMIUM CVT,2022,2023.0,61379.0,Automática,Sedã,145980.0,101.0,São Paulo (SP)
66052708,TOYOTA,COROLLA,2.0 VVT-IE FLEX XEI DIRECT SHIFT,2025,2025.0,16000.0,CVT,Sedã,159990.0,100.0,São Paulo (SP)
67960182,TOYOTA,COROLLA,1.8 GLI 16V FLEX 4P AUTOMÁTICO,2011,2012.0,197920.0,Automática,Sedã,63899.0,107.0,São Paulo (SP)
67928620,TOYOTA,COROLLA,2.0 VVT-IE FLEX XEI DIRECT SHIFT,2019,2020.0,56000.0,Automática,Sedã,121990.0,105.0,São Paulo (SP)
67614553,TOYOTA,COROLLA,2.0 XEI 16V FLEX 4P AUTOMÁTICO,2016,2017.0,120000.0,Automática,Sedã,89900.0,102.0,São Paulo (SP)
67573053,TOYOTA,COROLLA,2.0 XEI 16V FLEX 4P AUTOMÁTICO,2016,2016.0,140000.0,Automática,Sedã,89800.0,106.0,São Paulo (SP)
67477654,TOYOTA,COROLLA,2.0 VVT-IE FLEX XEI DIRECT SHIFT,2022,2023.0,89000.0,Automática,Sedã,120980.0,95.0,São Paulo (SP)
66709930,TOYOTA,COROLLA,2.0 XEI 16V FLEX 4P AUTOMÁTICO,2015,2016.0,80950.0,CVT,Sedã,95900.0,114.0,São Paulo (SP)
67824271,TOYOTA,COROLLA,1.8 XEI 16V FLEX 4P AUTOMÁTICO,2008,2009.0,149000.0,Automática,Sedã,56900.0,106.0,São Paulo (SP)
67066009,TOYOTA,COROLLA,2.0 VVT-IE FLEX XEI DIRECT SHIFT,2022,2023.0,48495.0,CVT,Sedã,159990.0,125.0,São Paulo (SP)
67899034,TOYOTA,COROLLA,1.8 GLI UPPER 16V FLEX 4P AUTOMÁTICO,2018,2018.0,100000.0,Automática,Sedã,99900.0,116.0,São Paulo (SP)
68632952,TOYOTA,COROLLA,2.0 VVT-IE FLEX XEI DIRECT SHIFT,2021,2022.0,49000.0,CVT,Sedã,126000.0,103.0,São Paulo (SP)
61865149,TOYOTA,COROLLA,2.0 VVT-IE FLEX ALTIS DIRECT SHIFT,2023,2023.0,10686.0,Automática,Sedã,205990.0,144.0,São Paulo (SP)
67850405,TOYOTA,COROLLA,2.0 VVT-IE FLEX XEI DIRECT SHIFT,2023,2024.0,63550.0,CVT,Sedã,139800.0,98.0,São Paulo (SP)
68382807,TOYOTA,COROLLA,1.8 SE-G 16V FLEX 4P AUTOMÁTICO,2008,2009.0,184487.0,Automática,Sedã,59900.0,107.0,São Paulo (SP)
67816483,TOYOTA,COROLLA,1.6 XLI 16V GASOLINA 4P AUTOMÁTICO,2007,2007.0,195556.0,Automática,Sedã,44900.0,121.0,São Paulo (SP)
67889614,TOYOTA,COROLLA,2.0 VVT-IE FLEX ALTIS PREMIUM DIRECT SHIFT,2025,2025.0,1931.0,CVT,Sedã,189900.0,107.0,São Paulo (SP)
67472414,TOYOTA,COROLLA,2.0 VVT-IE FLEX GLI DIRECT SHIFT,2020,2021.0,107839.0,Automática,Sedã,107800.0,98.0,São Paulo (SP)
65161924,TOYOTA,COROLLA,2.0 XEI 16V FLEX 4P AUTOMÁTICO,2011,2012.0,165000.0,Automática,Sedã,67900.0,107.0,São Paulo (SP)
69243575,TOYOTA,COROLLA,2.0 VVT-IE FLEX XEI DIRECT SHIFT,2024,2024.0,17000.0,Automática,Sedã,142990.0,100.0,São Paulo (SP)
65247564,TOYOTA,COROLLA,2.0 VVT-IE FLEX XEI DIRECT SHIFT,2020,2021.0,66000.0,Automática,Sedã,119980.0,100.0,São Paulo (SP)
67391880,TOYOTA,COROLLA,2.0 VVT-IE FLEX XEI DIRECT SHIFT,2024,2024.0,109998.0,Automática,Sedã,129900.0,91.0,São Paulo (SP)
67553507,TOYOTA,COROLLA,2.0 XEI 16V FLEX 4P AUTOMÁTICO,2017,2018.0,113000.0,Automática,Sedã,99900.0,100.0,São Paulo (SP)
67868118,TOYOTA,COROLLA,2.0 XEI 16V FLEX 4P AUTOMÁTICO,2015,2015.0,126997.0,Automática,Sedã,86890.0,106.0,São Paulo (SP)
67541124,TOYOTA,COROLLA,2.0 XEI 16V FLEX 4P AUTOMÁTICO,2017,2018.0,142000.0,CVT,Sedã,98800.0,99.0,São Paulo (SP)
67666828,TOYOTA,COROLLA,2.0 XEI 16V FLEX 4P AUTOMÁTICO,2011,2012.0,191000.0,Automática,Sedã,65990.0,104.0,São Paulo (SP)
68755711,TOYOTA,COROLLA,1.8 GLI 16V FLEX 4P AUTOMÁTICO,2012,2012.0,155866.0,Automática,Sedã,59900.0,100.0,São Paulo (SP)
67231491,TOYOTA,COROLLA,2.0 XEI 16V FLEX 4P AUTOMÁTICO,2015,2016.0,151000.0,Automática,Sedã,86900.0,103.0,São Paulo (SP)
68769301,TOYOTA,COROLLA,2.0 VVT-IE FLEX XEI DIRECT SHIFT,2020,2020.0,54191.0,Automática,Sedã,119900.0,103.0,São Paulo (SP)
68979815,TOYOTA,COROLLA,1.8 GLI 16V FLEX 4P AUTOMÁTICO,2014,2014.0,47000.0,Automática,Sedã,76990.0,119.0,São Paulo (SP)
67580482,TOYOTA,COROLLA,2.0 XEI 16V FLEX 4P AUTOMÁTICO,2015,2016.0,97000.0,Automática,Sedã,86900.0,103.0,São Paulo (SP)
67765503,TOYOTA,COROLLA,2.0 XEI 16V FLEX 4P AUTOMÁTICO,2019,2019.0,92000.0,CVT,Sedã,106900.0,104.0,São Paulo (SP)
67353481,TOYOTA,COROLLA,1.8 SE-G 16V FLEX 4P AUTOMÁTICO,2008,2009.0,134200.0,Automática,Sedã,57800.0,104.0,São Paulo (SP)
65308425,TOYOTA,COROLLA,2.0 VVT-IE FLEX XEI DIRECT SHIFT,2025,2026.0,0.0,Automática,Sedã,174990.0,106.0,São Paulo (SP)
67761773,TOYOTA,COROLLA,2.0 VVT-IE FLEX XEI DIRECT SHIFT,2023,2023.0,44792.0,Automática,Sedã,129900.0,102.0,São Paulo (SP)
66708455,TOYOTA,COROLLA,1.8 GLI 16V FLEX 4P AUTOMÁTICO,2016,2017.0,218504.0,Automática,Sedã,78990.0,97.0,São Paulo (SP)
67821989,TOYOTA,COROLLA,2.0 VVT-IE FLEX GR-S DIRECT SHIFT,2024,2025.0,34000.0,CVT,Sedã,174900.0,100.0,São Paulo (SP)
67837949,TOYOTA,COROLLA,2.0 XEI 16V FLEX 4P AUTOMÁTICO,2012,2013.0,192629.0,Automática,Sedã,70900.0,107.0,São Paulo (SP)
67817071,TOYOTA,COROLLA,2.0 XEI 16V FLEX 4P AUTOMÁTICO,2013,2014.0,157000.0,Automática,Sedã,74900.0,107.0,São Paulo (SP)
67647716,TOYOTA,COROLLA,2.0 VVT-IE FLEX XEI DIRECT SHIFT,2024,2024.0,70421.0,CVT,Sedã,136900.0,96.0,São Paulo (SP)
66529948,TOYOTA,COROLLA,2.0 VVT-IE FLEX XEI DIRECT SHIFT,2024,2024.0,89773.0,Automática,Sedã,134900.0,95.0,São Paulo (SP)
67821528,TOYOTA,COROLLA,1.8 GLI UPPER 16V FLEX 4P AUTOMÁTICO,2017,2018.0,148825.0,CVT,Sedã,83800.0,97.0,São Paulo (SP)
69219314,TOYOTA,COROLLA,2.0 ALTIS 16V FLEX 4P AUTOMÁTICO,2018,2019.0,67423.0,Automática,Sedã,108990.0,102.0,São Paulo (SP)
68870714,TOYOTA,COROLLA,1.8 VVT-I HYBRID FLEX ALTIS PREMIUM CVT,2025,2026.0,7200.0,Automática,Sedã,188890.0,100.0,São Paulo (SP)
67547908,TOYOTA,COROLLA,2.0 XEI 16V FLEX 4P AUTOMÁTICO,2018,2018.0,63000.0,CVT,Sedã,109890.0,110.0,São Paulo (SP)
67895677,TOYOTA,COROLLA,1.8 VVT-I HYBRID FLEX ALTIS PREMIUM CVT,2021,2021.0,66000.0,CVT,Sedã,166990.0,129.0,São Paulo (SP)
67939755,TOYOTA,COROLLA,2.0 XRS 16V FLEX 4P AUTOMÁTICO,2017,2018.0,77650.0,CVT,Sedã,105900.0,107.0,São Paulo (SP)
66803390,TOYOTA,COROLLA,2.0 VVT-IE FLEX GR-S DIRECT SHIFT,2025,2025.0,6823.0,Automática,Sedã,178890.0,102.0,São Paulo (SP)
67006575,TOYOTA,COROLLA,2.0 ALTIS 16V FLEX 4P AUTOMÁTICO,2018,2019.0,149000.0,Automática,Sedã,109900.0,103.0,São Paulo (SP)
67865746,TOYOTA,COROLLA,2.0 XRS 16V FLEX 4P AUTOMÁTICO,2013,2014.0,168000.0,Automática,Sedã,71900.0,105.0,São Paulo (SP)
66999299,TOYOTA,COROLLA,2.0 XRS 16V FLEX 4P AUTOMÁTICO,2018,2018.0,63000.0,CVT,Sedã,112000.0,113.0,São Paulo (SP)
67850555,TOYOTA,COROLLA,2.0 XEI 16V FLEX 4P AUTOMÁTICO,2014,2015.0,132293.0,Automática,Sedã,83990.0,102.0,São Paulo (SP)
67734696,TOYOTA,COROLLA,1.8 VVT-I HYBRID FLEX ALTIS PREMIUM CVT,2023,2024.0,57950.0,Automática,Sedã,168800.0,102.0,São Paulo (SP)
66334878,TOYOTA,COROLLA,2.0 VVT-IE FLEX GR-S DIRECT SHIFT,2024,2025.0,19220.0,Automática,Sedã,189890.0,108.0,São Paulo (SP)
65845655,TOYOTA,COROLLA,1.8 VVT-I HYBRID FLEX ALTIS PREMIUM CVT,2025,2026.0,1250.0,Automática,Sedã,199000.0,106.0,São Paulo (SP)
67691589,TOYOTA,COROLLA,2.0 XEI 16V FLEX 4P AUTOMÁTICO,2019,2019.0,90510.0,Automática,Sedã,104900.0,102.0,São Paulo (SP)
68762551,TOYOTA,COROLLA,1.8 VVT-I HYBRID FLEX ALTIS CVT,2020,2021.0,44000.0,Automática,Sedã,140900.0,111.0,São Paulo (SP)
69212762,TOYOTA,COROLLA,1.8 XLI 16V FLEX 4P AUTOMÁTICO,2008,2009.0,213000.0,Automática,Sedã,49900.0,98.0,São Paulo (SP)
68234439,TOYOTA,COROLLA,2.0 VVT-IE FLEX GR-S DIRECT SHIFT,2026,2026.0,160.0,CVT,Sedã,191900.0,105.0,São Paulo (SP)
66928375,TOYOTA,COROLLA,2.0 ALTIS 16V FLEX 4P AUTOMÁTICO,2014,2014.0,222222.0,Automática,Sedã,73900.0,103.0,São Paulo (SP)
69430357,TOYOTA,COROLLA,2.0 XEI 16V FLEX 4P AUTOMÁTICO,2019,2019.0,88000.0,CVT,Sedã,99900.0,97.0,São Paulo (SP)
67734357,TOYOTA,COROLLA,2.0 XEI 16V FLEX 4P AUTOMÁTICO,2016,2017.0,135000.0,Automática,Sedã,88880.0,101.0,São Paulo (SP)
67780065,TOYOTA,COROLLA,2.0 XEI 16V FLEX 4P AUTOMÁTICO,2016,2016.0,118000.0,Automática,Sedã,87900.0,104.0,São Paulo (SP)
68986442,TOYOTA,COROLLA,2.0 XEI 16V FLEX 4P AUTOMÁTICO,2014,2015.0,118000.0,Automática,Sedã,85900.0,105.0,São Paulo (SP)
68848751,TOYOTA,COROLLA,2.0 VVT-IE FLEX XEI DIRECT SHIFT,2019,2020.0,65000.0,Automática,Sedã,119900.0,103.0,São Paulo (SP)
61392762,TOYOTA,COROLLA,2.0 XEI 16V FLEX 4P AUTOMÁTICO,2019,2019.0,105000.0,Automática,Sedã,106000.0,103.0,São Paulo (SP)
66394247,TOYOTA,COROLLA,2.0 VVT-IE FLEX GR-S DIRECT SHIFT,2021,2022.0,73000.0,Automática,Sedã,126900.0,99.0,São Paulo (SP)
68615302,TOYOTA,COROLLA,1.8 GLI 16V FLEX 4P AUTOMÁTICO,2018,2018.0,89000.0,CVT,Sedã,89900.0,106.0,São Paulo (SP)
67391734,TOYOTA,COROLLA,2.0 VVT-IE FLEX XEI DIRECT SHIFT,2023,2023.0,30928.0,Automática,Sedã,138790.0,109.0,São Paulo (SP)
67692624,TOYOTA,COROLLA,2.0 VVT-IE FLEX XEI DIRECT SHIFT,2020,2021.0,128854.0,CVT,Sedã,115880.0,97.0,São Paulo (SP)
68745102,TOYOTA,COROLLA,2.0 VVT-IE FLEX XEI DIRECT SHIFT,2023,2024.0,15000.0,CVT,Sedã,145900.0,102.0,São Paulo (SP)
64783665,TOYOTA,COROLLA,2.0 VVT-IE FLEX ALTIS DIRECT SHIFT,2019,2020.0,133018.0,Automática,Sedã,119890.0,96.0,São Paulo (SP)
66479234,TOYOTA,COROLLA,2.0 VVT-IE FLEX XEI DIRECT SHIFT,2021,2022.0,97118.0,CVT,Sedã,129900.0,106.0,São Paulo (SP)
67020276,TOYOTA,COROLLA,2.0 VVT-IE FLEX XEI DIRECT SHIFT,2023,2023.0,102779.0,Automática,Sedã,119900.0,94.0,São Paulo (SP)
67540486,TOYOTA,COROLLA,2.0 VVT-IE FLEX XEI DIRECT SHIFT,2019,2020.0,79409.0,Automática,Sedã,112990.0,97.0,São Paulo (SP)
67961223,TOYOTA,COROLLA,2.0 VVT-IE FLEX GR-S DIRECT SHIFT,2024,2024.0,39000.0,CVT,Sedã,164800.0,103.0,São Paulo (SP)
69556124,TOYOTA,COROLLA,1.8 VVT-I HYBRID FLEX ALTIS CVT,2023,2023.0,40000.0,Automática,Sedã,139900.0,98.0,São Paulo (SP)
65737920,TOYOTA,COROLLA,2.0 VVT-IE FLEX GLI DIRECT SHIFT,2025,2025.0,13602.0,Automática,Sedã,149990.0,104.0,São Paulo (SP)
68398193,TOYOTA,COROLLA,1.8 VVT-I HYBRID FLEX GLI CVT,2025,2026.0,5753.0,Automática,Sedã,173900.0,,São Paulo (SP)
67648162,TOYOTA,COROLLA,1.8 XEI 16V FLEX 4P AUTOMÁTICO,2007,2008.0,245000.0,Automática,Sedã,44900.0,105.0,São Paulo (SP)
66049302,TOYOTA,COROLLA,2.0 XEI 16V FLEX 4P AUTOMÁTICO,2014,2015.0,160000.0,Automática,Sedã,81990.0,100.0,São Paulo (SP)
68604996,TOYOTA,COROLLA,2.0 XEI 16V FLEX 4P AUTOMÁTICO,2012,2013.0,123904.0,Automática,Sedã,69900.0,105.0,São Paulo (SP)
65631951,TOYOTA,COROLLA,2.0 VVT-IE FLEX XEI DIRECT SHIFT,2024,2024.0,39100.0,CVT,Sedã,143900.0,101.0,São Paulo (SP)
67640087,TOYOTA,COROLLA,1.8 VVT-I HYBRID FLEX ALTIS PREMIUM CVT,2023,2023.0,10000.0,CVT,Sedã,164900.0,114.0,São Paulo (SP)
68519994,TOYOTA,COROLLA,2.0 XEI 16V FLEX 4P AUTOMÁTICO,2014,2015.0,143000.0,Automática,Sedã,82900.0,101.0,São Paulo (SP)
69493119,TOYOTA,COROLLA,2.0 VVT-IE FLEX GLI DIRECT SHIFT,2022,2023.0,31979.0,Automática,Sedã,119990.0,101.0,São Paulo (SP)
67391517,TOYOTA,COROLLA,2.0 XEI 16V FLEX 4P AUTOMÁTICO,2018,2019.0,142940.0,CVT,Sedã,98900.0,96.0,São Paulo (SP)
67739492,TOYOTA,COROLLA,2.0 VVT-IE FLEX GR-S DIRECT SHIFT,2022,2023.0,60637.0,Automática,Sedã,143980.0,104.0,São Paulo (SP)
67485061,TOYOTA,COROLLA,2.0 VVT-IE FLEX ALTIS DIRECT SHIFT,2020,2021.0,67000.0,Automática,Sedã,136900.0,105.0,São Paulo (SP)
67902191,TOYOTA,COROLLA,2.0 VVT-IE FLEX ALTIS DIRECT SHIFT,2020,2021.0,50685.0,CVT,Sedã,159900.0,123.0,São Paulo (SP)
67767325,TOYOTA,COROLLA,1.8 XEI 16V FLEX 4P AUTOMÁTICO,2007,2008.0,233000.0,Automática,Sedã,44990.0,105.0,São Paulo (SP)
68064839,TOYOTA,COROLLA,2.0 XEI 16V FLEX 4P AUTOMÁTICO,2015,2016.0,183000.0,Automática,Sedã,83900.0,99.0,São Paulo (SP)
68771092,TOYOTA,COROLLA,2.0 VVT-IE FLEX XEI DIRECT SHIFT,2024,2024.0,16881.0,Automática,Sedã,148900.0,104.0,São Paulo (SP)
66524222,TOYOTA,COROLLA,2.0 XEI 16V FLEX 4P AUTOMÁTICO,2017,2018.0,99000.0,Automática,Sedã,103900.0,104.0,São Paulo (SP)
67389977,TOYOTA,COROLLA,2.0 VVT-IE FLEX ALTIS DIRECT SHIFT,2023,2024.0,23005.0,CVT,Sedã,169900.0,104.0,São Paulo (SP)
67506812,TOYOTA,COROLLA,2.0 VVT-IE FLEX XEI DIRECT SHIFT,2021,2022.0,64000.0,Automática,Sedã,122900.0,100.0,São Paulo (SP)
69077937,TOYOTA,COROLLA,1.8 GLI UPPER 16V FLEX 4P AUTOMÁTICO,2017,2018.0,105000.0,Automática,Sedã,89990.0,105.0,São Paulo (SP)
67965317,TOYOTA,COROLLA,2.0 XEI 16V FLEX 4P AUTOMÁTICO,2014,2015.0,165000.0,Automática,Sedã,79990.0,98.0,São Paulo (SP)
64864781,TOYOTA,COROLLA,2.0 VVT-IE FLEX ALTIS DIRECT SHIFT,2021,2022.0,52472.0,CVT,Sedã,140990.0,103.0,São Paulo (SP)
67939732,TOYOTA,COROLLA,2.0 VVT-IE FLEX GLI DIRECT SHIFT,2022,2023.0,95000.0,Automática,Sedã,114990.0,97.0,São Paulo (SP)
67819353,TOYOTA,COROLLA,1.8 GLI 16V FLEX 4P AUTOMÁTICO,2017,2018.0,95000.0,CVT,Sedã,89900.0,106.0,São Paulo (SP)
68398223,TOYOTA,COROLLA,2.0 XEI 16V FLEX 4P AUTOMÁTICO,2018,2018.0,102716.0,Automática,Sedã,94900.0,95.0,São Paulo (SP)
67207658,TOYOTA,COROLLA,1.8 GLI 16V FLEX 4P AUTOMÁTICO,2014,2015.0,118359.0,Automática,Sedã,77900.0,103.0,São Paulo (SP)
69457496,TOYOTA,COROLLA,1.8 GLI UPPER 16V FLEX 4P AUTOMÁTICO,2018,2019.0,127227.0,Automática,Sedã,86990.0,98.0,São Paulo (SP)
67282012,TOYOTA,COROLLA,2.0 XEI 16V FLEX 4P AUTOMÁTICO,2018,2019.0,103000.0,CVT,Sedã,102990.0,100.0,São Paulo (SP)
67648558,TOYOTA,COROLLA,2.0 XRS 16V FLEX 4P AUTOMÁTICO,2017,2018.0,102788.0,CVT,Sedã,109990.0,111.0,São Paulo (SP)
67233154,TOYOTA,COROLLA,2.0 VVT-IE FLEX XEI DIRECT SHIFT,2020,2021.0,70000.0,CVT,Sedã,119990.0,100.0,São Paulo (SP)
64742689,TOYOTA,COROLLA,1.8 GLI 16V FLEX 4P AUTOMÁTICO,2016,2017.0,105000.0,Automática,Sedã,86790.0,107.0,São Paulo (SP)
67219040,TOYOTA,COROLLA,2.0 VVT-IE FLEX XEI DIRECT SHIFT,2024,2025.0,19300.0,Automática,Sedã,159900.0,100.0,São Paulo (SP)
67622223,TOYOTA,COROLLA,2.0 VVT-IE FLEX XEI DIRECT SHIFT,2020,2021.0,40888.0,Automática,Sedã,129890.0,108.0,São Paulo (SP)
66125693,TOYOTA,COROLLA,2.0 VVT-IE FLEX XEI DIRECT SHIFT,2022,2023.0,66930.0,Automática,Sedã,126890.0,99.0,São Paulo (SP)
68300873,TOYOTA,COROLLA,2.0 XEI 16V FLEX 4P AUTOMÁTICO,2013,2014.0,95900.0,Automática,Sedã,77900.0,111.0,São Paulo (SP)
68096240,TOYOTA,COROLLA,2.0 VVT-IE FLEX XEI DIRECT SHIFT,2025,2026.0,4754.0,Automática,Sedã,167900.0,102.0,São Paulo (SP)
67338106,TOYOTA,COROLLA,2.0 XEI 16V FLEX 4P AUTOMÁTICO,2015,2016.0,97400.0,Automática,Sedã,88900.0,105.0,São Paulo (SP)
66576292,TOYOTA,COROLLA,2.0 VVT-IE FLEX XEI DIRECT SHIFT,2019,2020.0,82000.0,CVT,Sedã,119900.0,103.0,São Paulo (SP)
67586999,TOYOTA,COROLLA,2.0 VVT-IE FLEX XEI DIRECT SHIFT,2020,2021.0,40888.0,Automática,Sedã,129890.0,108.0,São Paulo (SP)
68231224,TOYOTA,COROLLA,1.8 GLI 16V FLEX 4P AUTOMÁTICO,2010,2011.0,200000.0,Automática,Sedã,63900.0,115.0,São Paulo (SP)
65631040,TOYOTA,COROLLA,1.8 VVT-I HYBRID FLEX ALTIS PREMIUM CVT,2020,2021.0,63353.0,CVT,Sedã,171900.0,133.0,São Paulo (SP)
67725810,TOYOTA,COROLLA,2.0 VVT-IE FLEX XEI DIRECT SHIFT,2020,2021.0,116000.0,CVT,Sedã,112890.0,94.0,São Paulo (SP)
69264541,TOYOTA,COROLLA,2.0 VVT-IE FLEX XEI DIRECT SHIFT,2020,2021.0,33000.0,CVT,Sedã,119900.0,100.0,São Paulo (SP)
68874651,TOYOTA,COROLLA,1.8 GLI 16V FLEX 4P AUTOMÁTICO,2011,2012.0,147000.0,Automática,Sedã,62800.0,105.0,São Paulo (SP)
69494678,TOYOTA,COROLLA,1.8 XEI 16V GASOLINA 4P AUTOMÁTICO,2006,2006.0,80000.0,Automática,Sedã,48900.0,127.0,São Paulo (SP)
67347765,TOYOTA,COROLLA,2.0 VVT-IE FLEX ALTIS DIRECT SHIFT,2021,2022.0,99000.0,CVT,Sedã,135900.0,100.0,São Paulo (SP)
66871887,TOYOTA,COROLLA,2.0 XEI 16V FLEX 4P AUTOMÁTICO,2019,2019.0,95000.0,CVT,Sedã,105900.0,103.0,São Paulo (SP)
67850790,TOYOTA,COROLLA,2.0 VVT-IE FLEX XEI DIRECT SHIFT,2021,2022.0,34600.0,Automática,Sedã,161800.0,132.0,São Paulo (SP)
69420265,TOYOTA,COROLLA,2.0 VVT-IE FLEX ALTIS DIRECT SHIFT,2021,2022.0,63000.0,Automática,Sedã,129990.0,95.0,São Paulo (SP)
68230076,TOYOTA,COROLLA,2.0 VVT-IE FLEX XEI DIRECT SHIFT,2021,2021.0,87483.0,CVT,Sedã,119800.0,100.0,São Paulo (SP)
67749232,TOYOTA,COROLLA,2.0 VVT-IE FLEX XEI DIRECT SHIFT,2021,2022.0,35821.0,Automática,Sedã,129790.0,106.0,São Paulo (SP)
68757783,TOYOTA,COROLLA,1.8 XEI 16V FLEX 4P MANUAL,2009,2010.0,149000.0,Manual,Sedã,63900.0,117.0,São Paulo (SP)
67218615,TOYOTA,COROLLA,2.0 VVT-IE FLEX XEI DIRECT SHIFT,2022,2023.0,100163.0,Automática,Sedã,120890.0,95.0,São Paulo (SP)
67969183,TOYOTA,COROLLA,2.0 XEI 16V FLEX 4P AUTOMÁTICO,2013,2014.0,119000.0,Automática,Sedã,77900.0,111.0,São Paulo (SP)
69121340,TOYOTA,COROLLA,2.0 VVT-IE FLEX ALTIS DIRECT SHIFT,2024,2024.0,0.0,Automática,Sedã,147900.0,91.0,São Paulo (SP)
69429128,TOYOTA,COROLLA,2.0 VVT-IE FLEX XEI DIRECT SHIFT,2023,2023.0,29800.0,CVT,Sedã,126900.0,99.0,São Paulo (SP)
67943279,TOYOTA,COROLLA,1.8 GLI 16V FLEX 4P AUTOMÁTICO,2019,2019.0,88000.0,Automática,Sedã,92990.0,106.0,São Paulo (SP)
66791104,TOYOTA,COROLLA,1.8 XEI 16V FLEX 4P MANUAL,2008,2009.0,210386.0,Manual,Sedã,58900.0,113.0,São Paulo (SP)
69452151,TOYOTA,COROLLA,2.0 ALTIS 16V FLEX 4P AUTOMÁTICO,2013,2014.0,51800.0,Automática,Sedã,84990.0,118.0,São Paulo (SP)
66299622,TOYOTA,COROLLA,2.0 XEI 16V FLEX 4P AUTOMÁTICO,2013,2014.0,109000.0,Automática,Sedã,71900.0,103.0,São Paulo (SP)
68486766,TOYOTA,COROLLA,1.8 XEI 16V FLEX 4P AUTOMÁTICO,2007,2008.0,226000.0,Automática,Sedã,45990.0,107.0,São Paulo (SP)
67214554,TOYOTA,COROLLA,2.0 VVT-IE FLEX XEI DIRECT SHIFT,2022,2023.0,50861.0,Automática,Sedã,124900.0,98.0,São Paulo (SP)
65769996,TOYOTA,COROLLA,2.0 VVT-IE FLEX XEI DIRECT SHIFT,2025,2025.0,2500.0,CVT,Sedã,167000.0,105.0,São Paulo (SP)
68379021,TOYOTA,COROLLA,2.0 XEI 16V FLEX 4P AUTOMÁTICO,2014,2014.0,101552.0,Automática,Sedã,77900.0,111.0,São Paulo (SP)
68998481,TOYOTA,COROLLA,1.8 GLI 16V FLEX 4P AUTOMÁTICO,2016,2017.0,74100.0,Automática,Sedã,86900.0,107.0,São Paulo (SP)
67539067,TOYOTA,COROLLA,2.0 VVT-IE FLEX XEI DIRECT SHIFT,2025,2025.0,20405.0,Automática,Sedã,162900.0,102.0,São Paulo (SP)
68528876,TOYOTA,COROLLA,1.8 GLI 16V FLEX 4P AUTOMÁTICO,2017,2018.0,131500.0,CVT,Sedã,83777.0,98.0,São Paulo (SP)
68775284,TOYOTA,COROLLA,2.0 XEI 16V FLEX 4P AUTOMÁTICO,2018,2018.0,50000.0,CVT,Sedã,110990.0,111.0,São Paulo (SP)
67126669,TOYOTA,COROLLA,2.0 VVT-IE FLEX XEI DIRECT SHIFT,2020,2021.0,69000.0,CVT,Sedã,121900.0,102.0,São Paulo (SP)
67669717,TOYOTA,COROLLA,2.0 XEI 16V FLEX 4P AUTOMÁTICO,2014,2015.0,138000.0,Automática,Sedã,86900.0,106.0,São Paulo (SP)
68852379,TOYOTA,COROLLA,2.0 XEI 16V FLEX 4P AUTOMÁTICO,2018,2019.0,90000.0,CVT,Sedã,102900.0,100.0,São Paulo (SP)
68597966,TOYOTA,COROLLA,1.8 GLI UPPER 16V FLEX 4P AUTOMÁTICO,2018,2019.0,97201.0,Automática,Sedã,89790.0,101.0,São Paulo (SP)
67870908,TOYOTA,COROLLA,2.0 XEI 16V FLEX 4P AUTOMÁTICO,2011,2012.0,174050.0,Automática,Sedã,67990.0,107.0,São Paulo (SP)
68238644,TOYOTA,COROLLA,2.0 XEI 16V FLEX 4P AUTOMÁTICO,2017,2018.0,61000.0,Automática,Sedã,104900.0,105.0,São Paulo (SP)
67867068,TOYOTA,COROLLA,2.0 XEI 16V FLEX 4P AUTOMÁTICO,2018,2019.0,109900.0,Automática,Sedã,103900.0,101.0,São Paulo (SP)
66332302,TOYOTA,COROLLA,1.8 GLI 16V FLEX 4P AUTOMÁTICO,2015,2016.0,102504.0,Automática,Sedã,85000.0,108.0,São Paulo (SP)
66009861,TOYOTA,COROLLA,2.0 XEI 16V FLEX 4P AUTOMÁTICO,2016,2017.0,115217.0,Automática,Sedã,99900.0,113.0,São Paulo (SP)
67683808,TOYOTA,COROLLA,2.0 XRS 16V FLEX 4P AUTOMÁTICO,2017,2018.0,80321.0,Automática,Sedã,119890.0,121.0,São Paulo (SP)
69520086,TOYOTA,COROLLA,2.0 VVT-IE FLEX GLI DIRECT SHIFT,2019,2020.0,38644.0,CVT,Sedã,110890.0,103.0,São Paulo (SP)
69372267,TOYOTA,COROLLA,2.0 VVT-IE FLEX GR-S DIRECT SHIFT,2025,2025.0,10300.0,Automática,Sedã,181900.0,104.0,São Paulo (SP)
69499479,TOYOTA,COROLLA,2.0 XEI 16V FLEX 4P AUTOMÁTICO,2013,2013.0,149000.0,Automática,Sedã,63490.0,96.0,São Paulo (SP)
67440750,TOYOTA,COROLLA,2.0 XEI 16V FLEX 4P AUTOMÁTICO,2017,2018.0,138121.0,CVT,Sedã,108800.0,109.0,São Paulo (SP)
67904395,TOYOTA,COROLLA,2.0 VVT-IE FLEX XEI DIRECT SHIFT,2023,2023.0,82157.0,Automática,Sedã,125990.0,99.0,São Paulo (SP)
69351995,TOYOTA,COROLLA,1.8 SE-G 16V GASOLINA 4P AUTOMÁTICO,2005,2005.0,157000.0,Automática,Sedã,42900.0,112.0,São Paulo (SP)
64571101,TOYOTA,COROLLA,2.0 VVT-IE FLEX GR-S DIRECT SHIFT,2021,2022.0,85114.0,CVT,Sedã,127900.0,100.0,São Paulo (SP)
67764848,TOYOTA,COROLLA,2.0 VVT-IE FLEX XEI DIRECT SHIFT,2025,2025.0,12400.0,Automática,Sedã,159900.0,100.0,São Paulo (SP)
68504818,TOYOTA,COROLLA,2.0 XEI 16V FLEX 4P AUTOMÁTICO,2018,2019.0,77000.0,Automática,Sedã,103900.0,101.0,São Paulo (SP)
65750777,TOYOTA,COROLLA,1.8 GLI 16V FLEX 4P AUTOMÁTICO,2017,2018.0,97041.0,Automática,Sedã,85900.0,101.0,São Paulo (SP)
67442240,TOYOTA,COROLLA,2.0 VVT-IE FLEX XEI DIRECT SHIFT,2022,2023.0,82000.0,Automática,Sedã,125990.0,99.0,São Paulo (SP)
67507411,TOYOTA,COROLLA,2.0 VVT-IE FLEX XEI DIRECT SHIFT,2023,2023.0,88850.0,CVT,Sedã,133000.0,104.0,São Paulo (SP)
67801519,TOYOTA,COROLLA,2.0 VVT-IE FLEX XEI DIRECT SHIFT,2020,2020.0,92000.0,Automática,Sedã,119900.0,103.0,São Paulo (SP)
67748824,TOYOTA,COROLLA,2.0 VVT-IE FLEX GR-S DIRECT SHIFT,2023,2023.0,46000.0,CVT,Sedã,139500.0,101.0,São Paulo (SP)
69374293,TOYOTA,COROLLA,1.8 VVT-I HYBRID FLEX ALTIS PREMIUM CVT,2024,2024.0,10000.0,CVT,Sedã,275900.0,167.0,São Paulo (SP)
67536059,TOYOTA,COROLLA,1.8 GLI 16V FLEX 4P AUTOMÁTICO,2010,2011.0,164746.0,Automática,Sedã,63900.0,115.0,São Paulo (SP)
68653805,TOYOTA,COROLLA,1.8 VVT-I HYBRID FLEX ALTIS PREMIUM CVT,2026,2026.0,0.0,CVT,Sedã,196790.0,104.0,São Paulo (SP)
67942884,TOYOTA,COROLLA,2.0 XEI 16V FLEX 4P AUTOMÁTICO,2017,2018.0,83000.0,CVT,Sedã,107900.0,108.0,São Paulo (SP)
69417928,TOYOTA,COROLLA,2.0 VVT-IE FLEX XEI DIRECT SHIFT,2023,2024.0,88478.0,Automática,Sedã,127990.0,90.0,São Paulo (SP)
68896571,TOYOTA,COROLLA,2.0 XEI 16V FLEX 4P AUTOMÁTICO,2014,2015.0,138501.0,Automática,Sedã,79990.0,98.0,São Paulo (SP)
67956120,TOYOTA,COROLLA,2.0 XEI 16V FLEX 4P AUTOMÁTICO,2010,2011.0,210000.0,Automática,Sedã,60900.0,104.0,São Paulo (SP)
67861536,TOYOTA,COROLLA,2.0 VVT-IE FLEX XEI DIRECT SHIFT,2020,2021.0,79000.0,Automática,Sedã,120900.0,101.0,São Paulo (SP)
68387213,TOYOTA,COROLLA,2.0 VVT-IE FLEX XEI DIRECT SHIFT,2025,2025.0,1552.0,CVT,Sedã,163899.0,103.0,São Paulo (SP)
67728054,TOYOTA,COROLLA,2.0 XEI 16V FLEX 4P AUTOMÁTICO,2013,2014.0,163000.0,Automática,Sedã,75900.0,109.0,São Paulo (SP)
69429285,TOYOTA,COROLLA,2.0 XEI 16V FLEX 4P AUTOMÁTICO,2017,2018.0,97600.0,CVT,Sedã,96900.0,97.0,São Paulo (SP)
67090032,TOYOTA,COROLLA,2.0 VVT-IE FLEX XEI DIRECT SHIFT,2022,2023.0,81000.0,Automática,Sedã,125900.0,99.0,São Paulo (SP)
69225440,TOYOTA,COROLLA,2.0 XEI 16V FLEX 4P AUTOMÁTICO,2018,2019.0,98000.0,CVT,Sedã,107888.0,105.0,São Paulo (SP)
68978395,TOYOTA,COROLLA,1.8 GLI 16V FLEX 4P AUTOMÁTICO,2018,2018.0,100000.0,CVT,Sedã,85890.0,101.0,São Paulo (SP)
67587000,TOYOTA,COROLLA,2.0 VVT-IE FLEX XEI DIRECT SHIFT,2020,2021.0,40888.0,Automática,Sedã,129890.0,108.0,São Paulo (SP)
69242558,TOYOTA,COROLLA,1.8 VVT-I HYBRID FLEX ALTIS PREMIUM CVT,2020,2021.0,61510.0,CVT,Sedã,130777.0,101.0,São Paulo (SP)
67232534,TOYOTA,COROLLA,1.8 GLI 16V FLEX 4P AUTOMÁTICO,2015,2016.0,120000.0,Automática,Sedã,84888.0,108.0,São Paulo (SP)
67590013,TOYOTA,COROLLA,2.0 XEI 16V FLEX 4P AUTOMÁTICO,2013,2014.0,232000.0,Automática,Sedã,69900.0,100.0,São Paulo (SP)
68729337,TOYOTA,COROLLA,2.0 XEI 16V FLEX 4P AUTOMÁTICO,2011,2012.0,124533.0,Automática,Sedã,65000.0,102.0,São Paulo (SP)
67778428,TOYOTA,COROLLA,1.8 SE-G 16V FLEX 4P AUTOMÁTICO,2008,2009.0,210000.0,Automática,Sedã,61900.0,111.0,São Paulo (SP)
68183977,TOYOTA,COROLLA,2.0 ALTIS 16V FLEX 4P AUTOMÁTICO,2011,2012.0,222211.0,Automática,Sedã,66990.0,102.0,São Paulo (SP)
66769868,TOYOTA,COROLLA,2.0 VVT-IE FLEX XEI DIRECT SHIFT,2024,2024.0,104000.0,Automática,Sedã,134890.0,95.0,São Paulo (SP)
66877093,TOYOTA,COROLLA,2.0 VVT-IE FLEX XEI DIRECT SHIFT,2022,2022.0,59887.0,Automática,Sedã,149900.0,122.0,São Paulo (SP)
69249636,TOYOTA,COROLLA,1.8 SE-G 16V GASOLINA 4P AUTOMÁTICO,2002,2003.0,320000.0,Automática,Sedã,37900.0,108.0,São Paulo (SP)
67543684,TOYOTA,COROLLA,2.0 VVT-IE FLEX XEI DIRECT SHIFT,2025,2025.0,14990.0,Automática,Sedã,163900.0,103.0,São Paulo (SP)
67808483,TOYOTA,COROLLA,1.8 GLI UPPER 16V FLEX 4P AUTOMÁTICO,2018,2018.0,148826.0,CVT,Sedã,83900.0,98.0,São Paulo (SP)
68655602,TOYOTA,COROLLA,2.0 VVT-IE FLEX ALTIS DIRECT SHIFT,2019,2020.0,63638.0,Automática,Sedã,124900.0,100.0,São Paulo (SP)
69494064,TOYOTA,COROLLA,1.8 GLI 16V FLEX 4P AUTOMÁTICO,2013,2014.0,95000.0,Automática,Sedã,65900.0,102.0,São Paulo (SP)
68611037,TOYOTA,COROLLA,2.0 VVT-IE FLEX XEI DIRECT SHIFT,2024,2024.0,28000.0,CVT,Sedã,149900.0,105.0,São Paulo (SP)
67842472,TOYOTA,COROLLA,2.0 XEI 16V FLEX 4P AUTOMÁTICO,2017,2018.0,124505.0,Automática,Sedã,99990.0,100.0,São Paulo (SP)
68909431,TOYOTA,COROLLA,2.0 XEI 16V FLEX 4P AUTOMÁTICO,2014,2014.0,129747.0,Automática,Sedã,72900.0,104.0,São Paulo (SP)
67274749,TOYOTA,COROLLA,2.0 VVT-IE FLEX XEI DIRECT SHIFT,2022,2023.0,53000.0,Automática,Sedã,125770.0,98.0,São Paulo (SP)
67623667,TOYOTA,COROLLA,2.0 XEI 16V FLEX 4P AUTOMÁTICO,2015,2016.0,128000.0,Automática,Sedã,87900.0,104.0,São Paulo (SP)
67616916,TOYOTA,COROLLA,2.0 XEI 16V FLEX 4P AUTOMÁTICO,2015,2015.0,158000.0,Automática,Sedã,84900.0,104.0,São Paulo (SP)
67354434,TOYOTA,COROLLA,2.0 VVT-IE FLEX GR-S DIRECT SHIFT,2024,2024.0,31398.0,Automática,Sedã,161490.0,101.0,São Paulo (SP)
66190303,TOYOTA,COROLLA,1.8 VVT-I HYBRID FLEX ALTIS PREMIUM CVT,2020,2021.0,88860.0,CVT,Sedã,137490.0,106.0,São Paulo (SP)
69552479,TOYOTA,COROLLA,2.0 VVT-IE FLEX ALTIS DIRECT SHIFT,2024,2024.0,14000.0,Automática,Sedã,162877.0,100.0,São Paulo (SP)
69230559,TOYOTA,COROLLA,1.8 GLI 16V FLEX 4P AUTOMÁTICO,2013,2014.0,153590.0,Automática,Sedã,67800.0,104.0,São Paulo (SP)
68980617,TOYOTA,COROLLA,2.0 VVT-IE FLEX XEI DIRECT SHIFT,2020,2021.0,57500.0,Automática,Sedã,138800.0,116.0,São Paulo (SP)
65914445,TOYOTA,COROLLA,2.0 VVT-IE FLEX XEI DIRECT SHIFT,2023,2023.0,121461.0,Automática,Sedã,119900.0,94.0,São Paulo (SP)
69430054,TOYOTA,COROLLA,2.0 XEI 16V FLEX 4P AUTOMÁTICO,2018,2018.0,53815.0,Automática,Sedã,105990.0,106.0,São Paulo (SP)
67016734,TOYOTA,COROLLA,1.8 GLI 16V FLEX 4P AUTOMÁTICO,2011,2012.0,193000.0,Automática,Sedã,62900.0,105.0,São Paulo (SP)
69229383,TOYOTA,COROLLA,2.0 VVT-IE FLEX XEI DIRECT SHIFT,2023,2023.0,43000.0,CVT,Sedã,129900.0,102.0,São Paulo (SP)
69361393,TOYOTA,COROLLA,1.8 GLI 16V FLEX 4P AUTOMÁTICO,2016,2016.0,111711.0,Automática,Sedã,79890.0,102.0,São Paulo (SP)
68743052,TOYOTA,COROLLA,2.0 XRS 16V FLEX 4P AUTOMÁTICO,2017,2018.0,97478.0,Automática,Sedã,103900.0,105.0,São Paulo (SP)
69088885,TOYOTA,COROLLA,1.8 GLI 16V FLEX 4P AUTOMÁTICO,2018,2019.0,83000.0,Automática,Sedã,91900.0,105.0,São Paulo (SP)
69032254,TOYOTA,COROLLA,1.8 GLI 16V FLEX 4P AUTOMÁTICO,2017,2017.0,109000.0,Automática,Sedã,83900.0,103.0,São Paulo (SP)
67491972,TOYOTA,COROLLA,2.0 VVT-IE FLEX XEI DIRECT SHIFT,2024,2024.0,36612.0,Automática,Sedã,148790.0,104.0,São Paulo (SP)
67282817,TOYOTA,COROLLA,2.0 XEI 16V FLEX 4P AUTOMÁTICO,2013,2014.0,179091.0,Automática,Sedã,75000.0,107.0,São Paulo (SP)
69382483,TOYOTA,COROLLA,2.0 XEI 16V FLEX 4P AUTOMÁTICO,2014,2015.0,89550.0,Automática,Sedã,94800.0,116.0,São Paulo (SP)
67650046,TOYOTA,COROLLA,2.0 XEI 16V FLEX 4P AUTOMÁTICO,2018,2019.0,116281.0,Automática,Sedã,105900.0,103.0,São Paulo (SP)
67879667,TOYOTA,COROLLA,1.8 GLI 16V FLEX 4P AUTOMÁTICO,2015,2016.0,140000.0,Automática,Sedã,82900.0,106.0,São Paulo (SP)
69443620,TOYOTA,COROLLA,2.0 XEI 16V FLEX 4P AUTOMÁTICO,2015,2016.0,79687.0,Automática,Sedã,86900.0,103.0,São Paulo (SP)
67956296,TOYOTA,COROLLA,2.0 XEI 16V FLEX 4P AUTOMÁTICO,2014,2015.0,152000.0,Automática,Sedã,82900.0,101.0,São Paulo (SP)
66550053,TOYOTA,COROLLA,2.0 VVT-IE FLEX XEI DIRECT SHIFT,2023,2024.0,32000.0,CVT,Sedã,148800.0,104.0,São Paulo (SP)
69282063,TOYOTA,COROLLA,1.8 GLI UPPER 16V FLEX 4P AUTOMÁTICO,2018,2019.0,93000.0,CVT,Sedã,90900.0,103.0,São Paulo (SP)
68699993,TOYOTA,COROLLA,1.8 GLI 16V FLEX 4P AUTOMÁTICO,2015,2016.0,175000.0,Automática,Sedã,80900.0,103.0,São Paulo (SP)
67936680,TOYOTA,COROLLA,2.0 DYNAMIC 16V FLEX 4P AUTOMÁTICO,2017,2017.0,267239.0,Automática,Sedã,87900.0,99.0,São Paulo (SP)
67273248,TOYOTA,COROLLA,2.0 VVT-IE FLEX ALTIS DIRECT SHIFT,2022,2023.0,93250.0,CVT,Sedã,149990.0,105.0,São Paulo (SP)
67944795,TOYOTA,COROLLA,1.8 VVT-I HYBRID FLEX GLI CVT,2025,2026.0,2912.0,Automática,Sedã,173900.0,,São Paulo (SP)
69251233,TOYOTA,COROLLA,1.8 VVT-I HYBRID FLEX ALTIS PREMIUM CVT,2026,2026.0,136.0,CVT,Sedã,196000.0,104.0,São Paulo (SP)
68094834,TOYOTA,COROLLA,2.0 XEI 16V FLEX 4P AUTOMÁTICO,2013,2014.0,195000.0,Automática,Sedã,69900.0,100.0,São Paulo (SP)
67576692,TOYOTA,COROLLA,1.8 GLI 16V FLEX 4P AUTOMÁTICO,2016,2017.0,186000.0,Automática,Sedã,84990.0,105.0,São Paulo (SP)
68682454,TOYOTA,COROLLA,2.0 XEI 16V FLEX 4P AUTOMÁTICO,2014,2014.0,120000.0,Automática,Sedã,85900.0,123.0,São Paulo (SP)
67974172,TOYOTA,COROLLA,2.0 XEI 16V FLEX 4P AUTOMÁTICO,2011,2012.0,107000.0,Automática,Sedã,69900.0,110.0,São Paulo (SP)
67549714,TOYOTA,COROLLA,2.0 VVT-IE FLEX GR-S DIRECT SHIFT,2021,2022.0,78000.0,Automática,Sedã,129900.0,102.0,São Paulo (SP)
65662390,TOYOTA,COROLLA,2.0 VVT-IE FLEX ALTIS DIRECT SHIFT,2022,2023.0,63000.0,Automática,Sedã,142900.0,100.0,São Paulo (SP)
65569644,TOYOTA,COROLLA,2.0 VVT-IE FLEX GLI DIRECT SHIFT,2021,2022.0,83000.0,CVT,Sedã,109990.0,96.0,São Paulo (SP)
66075801,TOYOTA,COROLLA,2.0 XEI 16V FLEX 4P AUTOMÁTICO,2015,2016.0,140501.0,Automática,Sedã,88999.0,105.0,São Paulo (SP)
69382057,TOYOTA,COROLLA,2.0 VVT-IE FLEX GLI DIRECT SHIFT,2020,2021.0,77107.0,Automática,Sedã,105490.0,96.0,São Paulo (SP)
67931061,TOYOTA,COROLLA,2.0 VVT-IE FLEX ALTIS DIRECT SHIFT,2020,2021.0,78000.0,CVT,Sedã,129900.0,100.0,São Paulo (SP)
67889854,TOYOTA,COROLLA,2.0 XEI 16V FLEX 4P AUTOMÁTICO,2014,2015.0,164500.0,Automática,Sedã,80900.0,99.0,São Paulo (SP)
67978761,TOYOTA,COROLLA,2.0 VVT-IE FLEX XEI DIRECT SHIFT,2021,2022.0,83000.0,CVT,Sedã,143880.0,117.0,São Paulo (SP)
67822254,TOYOTA,COROLLA,1.8 GLI 16V FLEX 4P AUTOMÁTICO,2013,2014.0,91000.0,Automática,Sedã,79900.0,123.0,São Paulo (SP)
67809228,TOYOTA,COROLLA,1.8 GLI 16V FLEX 4P AUTOMÁTICO,2017,2018.0,148877.0,CVT,Sedã,83900.0,98.0,São Paulo (SP)
66902493,TOYOTA,COROLLA,2.0 VVT-IE FLEX XEI DIRECT SHIFT,2019,2020.0,70000.0,CVT,Sedã,125990.0,108.0,São Paulo (SP)
66638163,TOYOTA,COROLLA,2.0 XEI 16V FLEX 4P AUTOMÁTICO,2017,2018.0,110000.0,CVT,Sedã,99990.0,100.0,São Paulo (SP)
69082248,TOYOTA,COROLLA,2.0 VVT-IE FLEX XEI DIRECT SHIFT,2023,2024.0,21000.0,Automática,Sedã,143900.0,101.0,São Paulo (SP)
68107635,TOYOTA,COROLLA,1.8 XEI 16V FLEX 4P AUTOMÁTICO,2008,2009.0,257190.0,Automática,Sedã,59990.0,112.0,São Paulo (SP)
66036357,TOYOTA,COROLLA,2.0 XEI 16V FLEX 4P AUTOMÁTICO,2018,2019.0,105946.0,Automática,Sedã,108800.0,106.0,São Paulo (SP)
67507719,TOYOTA,COROLLA,2.0 XEI 16V FLEX 4P AUTOMÁTICO,2016,2017.0,85500.0,Automática,Sedã,94900.0,108.0,São Paulo (SP)
69426965,TOYOTA,COROLLA,2.0 VVT-IE FLEX XEI DIRECT SHIFT,2022,2023.0,25000.0,CVT,Sedã,135900.0,106.0,São Paulo (SP)
66314211,TOYOTA,COROLLA,2.0 VVT-IE FLEX ALTIS DIRECT SHIFT,2023,2023.0,47983.0,CVT,Sedã,189900.0,132.0,São Paulo (SP)
68768616,TOYOTA,COROLLA,2.0 XEI 16V FLEX 4P AUTOMÁTICO,2012,2013.0,175000.0,Automática,Sedã,69990.0,105.0,São Paulo (SP)
69220151,TOYOTA,COROLLA,1.8 GLI UPPER 16V FLEX 4P AUTOMÁTICO,2019,2019.0,88466.0,Automática,Sedã,93900.0,106.0,São Paulo (SP)
69333941,TOYOTA,COROLLA,1.8 VVT-I HYBRID FLEX ALTIS PREMIUM CVT,2019,2020.0,69171.0,CVT,Sedã,124900.0,99.0,São Paulo (SP)
69098644,TOYOTA,COROLLA,2.0 VVT-IE FLEX XEI DIRECT SHIFT,2019,2020.0,56000.0,Automática,Sedã,121990.0,105.0,São Paulo (SP)
67994204,TOYOTA,COROLLA,2.0 XEI 16V FLEX 4P AUTOMÁTICO,2011,2012.0,107000.0,Automática,Sedã,69900.0,110.0,São Paulo (SP)
66578577,TOYOTA,COROLLA,2.0 VVT-IE FLEX GLI DIRECT SHIFT,2022,2023.0,61000.0,Automática,Sedã,122890.0,104.0,São Paulo (SP)
67773438,TOYOTA,COROLLA,2.0 VVT-IE FLEX XEI DIRECT SHIFT,2020,2021.0,100000.0,CVT,Sedã,121900.0,102.0,São Paulo (SP)
67634948,TOYOTA,COROLLA,2.0 VVT-IE FLEX XEI DIRECT SHIFT,2023,2024.0,31777.0,Automática,Sedã,149800.0,105.0,São Paulo (SP)
65088663,TOYOTA,COROLLA,2.0 VVT-IE FLEX XEI DIRECT SHIFT,2022,2023.0,70000.0,Automática,Sedã,129900.0,102.0,São Paulo (SP)
67270905,TOYOTA,COROLLA,2.0 XEI 16V FLEX 4P AUTOMÁTICO,2014,2015.0,160928.0,Automática,Sedã,87800.0,107.0,São Paulo (SP)
68869794,TOYOTA,COROLLA,1.8 GLI UPPER 16V FLEX 4P AUTOMÁTICO,2016,2017.0,85755.0,Automática,Sedã,87900.0,108.0,São Paulo (SP)
68871273,TOYOTA,COROLLA,2.0 XEI 16V FLEX 4P AUTOMÁTICO,2017,2017.0,140000.0,Automática,Sedã,88900.0,101.0,São Paulo (SP)
67610390,TOYOTA,COROLLA,1.8 GLI UPPER 16V FLEX 4P AUTOMÁTICO,2018,2019.0,116115.0,CVT,Sedã,91990.0,104.0,São Paulo (SP)
67338922,TOYOTA,COROLLA,1.8 VVT-I HYBRID FLEX ALTIS PREMIUM CVT,2023,2024.0,38000.0,CVT,Sedã,168990.0,102.0,São Paulo (SP)
67775858,TOYOTA,COROLLA,2.0 VVT-IE FLEX XEI DIRECT SHIFT,2021,2022.0,59200.0,Automática,Sedã,126900.0,103.0,São Paulo (SP)
68737641,TOYOTA,COROLLA,1.8 GLI 16V FLEX 4P AUTOMÁTICO,2015,2015.0,78496.0,Automática,Sedã,87900.0,116.0,São Paulo (SP)
69119414,TOYOTA,COROLLA,2.0 XEI 16V FLEX 4P AUTOMÁTICO,2019,2019.0,80471.0,Automática,Sedã,107900.0,105.0,São Paulo (SP)
66732336,TOYOTA,COROLLA,2.0 VVT-IE FLEX XEI DIRECT SHIFT,2026,2026.0,0.0,CVT,Sedã,168900.0,103.0,São Paulo (SP)
69242913,TOYOTA,COROLLA,2.0 VVT-IE FLEX XEI DIRECT SHIFT,2024,2024.0,17000.0,Automática,Sedã,142990.0,100.0,São Paulo (SP)
69490065,TOYOTA,COROLLA,1.6 XLI 16V GASOLINA 4P AUTOMÁTICO,2009,2010.0,236709.0,Automática,Sedã,47500.0,89.0,São Paulo (SP)
67205340,TOYOTA,COROLLA,2.0 VVT-IE FLEX XEI DIRECT SHIFT,2020,2021.0,93899.0,CVT,Sedã,117490.0,98.0,São Paulo (SP)
68769006,TOYOTA,COROLLA,2.0 VVT-IE FLEX GLI DIRECT SHIFT,2025,2025.0,14000.0,Automática,Sedã,149900.0,104.0,São Paulo (SP)
68238318,TOYOTA,COROLLA,2.0 VVT-IE FLEX XEI DIRECT SHIFT,2021,2022.0,49759.0,Automática,Sedã,122990.0,100.0,São Paulo (SP)
66498343,TOYOTA,COROLLA,2.0 VVT-IE FLEX XEI DIRECT SHIFT,2019,2020.0,97000.0,Automática,Sedã,117900.0,101.0,São Paulo (SP)
67636002,TOYOTA,COROLLA,2.0 XEI 16V FLEX 4P AUTOMÁTICO,2014,2014.0,152000.0,Automática,Sedã,74900.0,107.0,São Paulo (SP)
66130491,TOYOTA,COROLLA,2.0 VVT-IE FLEX XEI DIRECT SHIFT,2021,2022.0,63200.0,Automática,Sedã,129900.0,106.0,São Paulo (SP)
65611142,TOYOTA,COROLLA,2.0 VVT-IE FLEX GR-S DIRECT SHIFT,2025,2026.0,0.0,CVT,Sedã,203790.0,112.0,São Paulo (SP)
69438411,TOYOTA,COROLLA,2.0 VVT-IE FLEX GR-S DIRECT SHIFT,2024,2024.0,16329.0,CVT,Sedã,164900.0,103.0,São Paulo (SP)
66883255,TOYOTA,COROLLA,2.0 XEI 16V FLEX 4P AUTOMÁTICO,2018,2019.0,115000.0,CVT,Sedã,109900.0,107.0,São Paulo (SP)
68658243,TOYOTA,COROLLA,1.8 XLI 16V FLEX 4P MANUAL,2010,2010.0,258375.0,Manual,Sedã,59900.0,117.0,São Paulo (SP)
64385636,TOYOTA,COROLLA,2.0 VVT-IE FLEX ALTIS DIRECT SHIFT,2022,2023.0,69111.0,CVT,Sedã,189900.0,132.0,São Paulo (SP)
66070330,TOYOTA,COROLLA,2.0 XEI 16V FLEX 4P AUTOMÁTICO,2018,2018.0,82000.0,CVT,Sedã,107900.0,108.0,São Paulo (SP)
66906219,TOYOTA,COROLLA,2.0 VVT-IE FLEX XEI DIRECT SHIFT,2026,2026.0,0.0,CVT,Sedã,169800.0,103.0,São Paulo (SP)
69250683,TOYOTA,COROLLA,2.0 VVT-IE FLEX XEI DIRECT SHIFT,2022,2023.0,15580.0,CVT,Sedã,137800.0,108.0,São Paulo (SP)
67533460,TOYOTA,COROLLA,1.8 VVT-I HYBRID FLEX ALTIS PREMIUM CVT,2026,2026.0,100.0,CVT,Sedã,204900.0,109.0,São Paulo (SP)
69387877,TOYOTA,COROLLA,2.0 VVT-IE FLEX XEI DIRECT SHIFT,2025,2025.0,11500.0,Automática,Sedã,159900.0,100.0,São Paulo (SP)
65377984,TOYOTA,COROLLA,1.8 XEI 16V GASOLINA 4P MANUAL,2005,2005.0,312426.0,Automática,Sedã,39900.0,111.0,São Paulo (SP)
68728665,TOYOTA,COROLLA,2.0 VVT-IE FLEX XEI DIRECT SHIFT,2024,2024.0,29726.0,CVT,Sedã,142900.0,100.0,São Paulo (SP)
68230853,TOYOTA,COROLLA,1.8 GLI 16V FLEX 4P AUTOMÁTICO,2016,2017.0,129000.0,Automática,Sedã,82870.0,102.0,São Paulo (SP)
67804303,TOYOTA,COROLLA,2.0 XEI 16V FLEX 4P AUTOMÁTICO,2019,2019.0,108954.0,Automática,Sedã,105990.0,103.0,São Paulo (SP)
69082247,TOYOTA,COROLLA,2.0 VVT-IE FLEX XEI DIRECT SHIFT,2021,2022.0,45919.0,Automática,Sedã,124900.0,102.0,São Paulo (SP)
68883722,TOYOTA,COROLLA,2.0 XEI 16V FLEX 4P AUTOMÁTICO,2014,2015.0,108308.0,Automática,Sedã,84900.0,104.0,São Paulo (SP)
69121168,TOYOTA,COROLLA,2.0 XEI 16V FLEX 4P AUTOMÁTICO,2018,2019.0,101000.0,Automática,Sedã,104900.0,102.0,São Paulo (SP)
68513070,TOYOTA,COROLLA,2.0 VVT-IE FLEX XEI DIRECT SHIFT,2019,2020.0,39900.0,Automática,Sedã,124900.0,107.0,São Paulo (SP)
67496514,TOYOTA,COROLLA,2.0 VVT-IE FLEX XEI DIRECT SHIFT,2022,2023.0,67000.0,CVT,Sedã,133900.0,105.0,São Paulo (SP)
67639486,TOYOTA,COROLLA,1.8 GLI 16V FLEX 4P AUTOMÁTICO,2013,2014.0,150000.0,Automática,Sedã,65900.0,102.0,São Paulo (SP)
69511404,TOYOTA,COROLLA,1.8 SE-G 16V FLEX 4P AUTOMÁTICO,2010,2010.0,112000.0,Automática,Sedã,62900.0,110.0,São Paulo (SP)
68726481,TOYOTA,COROLLA,2.0 XEI 16V FLEX 4P AUTOMÁTICO,2019,2019.0,94560.0,Automática,Sedã,105900.0,103.0,São Paulo (SP)
68908819,TOYOTA,COROLLA,2.0 VVT-IE FLEX XEI DIRECT SHIFT,2022,2023.0,14216.0,Automática,Sedã,139900.0,110.0,São Paulo (SP)
67834761,TOYOTA,COROLLA,2.0 VVT-IE FLEX XEI DIRECT SHIFT,2020,2020.0,96226.0,Automática,Sedã,118900.0,102.0,São Paulo (SP)
67775235,TOYOTA,COROLLA,1.8 GLI 16V FLEX 4P AUTOMÁTICO,2017,2017.0,107000.0,Automática,Sedã,85900.0,106.0,São Paulo (SP)
68979939,TOYOTA,COROLLA,2.0 VVT-IE FLEX ALTIS DIRECT SHIFT,2023,2024.0,43000.0,CVT,Sedã,166900.0,102.0,São Paulo (SP)
69242570,TOYOTA,COROLLA,2.0 VVT-IE FLEX XEI DIRECT SHIFT,2024,2024.0,17000.0,Automática,Sedã,142990.0,100.0,São Paulo (SP)
69250584,TOYOTA,COROLLA,2.0 VVT-IE FLEX XEI DIRECT SHIFT,2022,2023.0,28550.0,CVT,Sedã,135800.0,106.0,São Paulo (SP)
68090288,TOYOTA,COROLLA,2.0 XEI 16V FLEX 4P AUTOMÁTICO,2013,2013.0,170000.0,Automática,Sedã,68990.0,104.0,São Paulo (SP)
67283450,TOYOTA,COROLLA,1.8 VVT-I HYBRID FLEX ALTIS CVT,2024,2024.0,73000.0,Automática,Sedã,162900.0,100.0,São Paulo (SP)
68810681,TOYOTA,COROLLA,2.0 VVT-IE FLEX XEI DIRECT SHIFT,2023,2023.0,29243.0,Automática,Sedã,134990.0,106.0,São Paulo (SP)
68627738,TOYOTA,COROLLA,2.0 XEI 16V FLEX 4P AUTOMÁTICO,2011,2012.0,179000.0,CVT,Sedã,65900.0,104.0,São Paulo (SP)
68880479,TOYOTA,COROLLA,2.0 VVT-IE FLEX XEI DIRECT SHIFT,2019,2020.0,79409.0,Automática,Sedã,112990.0,97.0,São Paulo (SP)
68805090,TOYOTA,COROLLA,2.0 XEI 16V FLEX 4P AUTOMÁTICO,2018,2018.0,102716.0,Automática,Sedã,94900.0,95.0,São Paulo (SP)
63624512,TOYOTA,COROLLA,2.0 VVT-IE FLEX GR-S DIRECT SHIFT,2023,2023.0,47500.0,Automática,Sedã,135900.0,98.0,São Paulo (SP)
63624415,TOYOTA,COROLLA,2.0 VVT-IE FLEX GR-S DIRECT SHIFT,2023,2023.0,47500.0,Automática,Sedã,135900.0,98.0,São Paulo (SP)
69436339,TOYOTA,COROLLA,1.8 SE-G 16V GASOLINA 4P AUTOMÁTICO,2002,2003.0,222254.0,Automática,Sedã,38890.0,111.0,São Paulo (SP)
67849441,TOYOTA,COROLLA,1.8 VVT-I HYBRID FLEX ALTIS PREMIUM CVT,2020,2021.0,51600.0,CVT,Sedã,179900.0,139.0,São Paulo (SP)
69555384,TOYOTA,COROLLA,2.0 XEI 16V FLEX 4P AUTOMÁTICO,2013,2014.0,97186.0,Automática,Sedã,79900.0,114.0,São Paulo (SP)
67731645,TOYOTA,COROLLA,2.0 VVT-IE FLEX GLI DIRECT SHIFT,2025,2025.0,33011.0,Automática,Sedã,143900.0,100.0,São Paulo (SP)
69216039,TOYOTA,COROLLA,1.8 VVT-I HYBRID FLEX ALTIS PREMIUM CVT,2022,2023.0,36600.0,Automática,Sedã,148900.0,103.0,São Paulo (SP)
67509266,TOYOTA,COROLLA,2.0 VVT-IE FLEX XEI DIRECT SHIFT,2019,2020.0,72000.0,Automática,Sedã,118900.0,102.0,São Paulo (SP)
67935625,TOYOTA,COROLLA,2.0 VVT-IE FLEX ALTIS PREMIUM DIRECT SHIFT,2025,2026.0,10000.0,CVT,Sedã,189000.0,100.0,São Paulo (SP)
67493522,TOYOTA,COROLLA,2.0 VVT-IE FLEX XEI DIRECT SHIFT,2021,2022.0,150000.0,CVT,Sedã,118900.0,97.0,São Paulo (SP)
66096722,TOYOTA,COROLLA,2.0 VVT-IE FLEX GLI DIRECT SHIFT,2025,2025.0,100.0,Automática,Sedã,147900.0,102.0,São Paulo (SP)
69512858,TOYOTA,COROLLA,1.8 VVT-I HYBRID FLEX ALTIS PREMIUM CVT,2020,2021.0,33000.0,CVT,Sedã,132900.0,103.0,São Paulo (SP)
67799841,TOYOTA,COROLLA,2.0 VVT-IE FLEX GLI DIRECT SHIFT,2021,2022.0,99026.0,Automática,Sedã,109900.0,96.0,São Paulo (SP)
66460815,TOYOTA,COROLLA,2.0 VVT-IE FLEX XEI DIRECT SHIFT,2023,2024.0,48261.0,Automática,Sedã,139900.0,98.0,São Paulo (SP)
69126964,TOYOTA,COROLLA,1.8 VVT-I HYBRID FLEX ALTIS CVT,2022,2023.0,100000.0,Automática,Sedã,165800.0,117.0,São Paulo (SP)
69089052,TOYOTA,COROLLA,2.0 VVT-IE FLEX GR-S DIRECT SHIFT,2024,2024.0,35000.0,Automática,Sedã,158890.0,100.0,São Paulo (SP)
67976792,TOYOTA,COROLLA,2.0 XEI 16V FLEX 4P AUTOMÁTICO,2011,2012.0,107000.0,Automática,Sedã,69900.0,110.0,São Paulo (SP)
67655151,TOYOTA,COROLLA,2.0 VVT-IE FLEX XEI DIRECT SHIFT,2022,2023.0,41652.0,Automática,Sedã,127900.0,100.0,São Paulo (SP)
69262657,TOYOTA,COROLLA,2.0 VVT-IE FLEX XEI DIRECT SHIFT,2023,2024.0,72800.0,Automática,Sedã,131890.0,92.0,São Paulo (SP)
67778715,TOYOTA,COROLLA,2.0 XEI 16V FLEX 4P AUTOMÁTICO,2013,2014.0,177000.0,Automática,Sedã,74900.0,107.0,São Paulo (SP)
66157405,TOYOTA,COROLLA,2.0 XEI 16V FLEX 4P AUTOMÁTICO,2015,2016.0,189064.0,Automática,Sedã,86900.0,103.0,São Paulo (SP)
63759306,TOYOTA,COROLLA,2.0 XEI 16V FLEX 4P AUTOMÁTICO,2017,2018.0,159000.0,CVT,Sedã,104990.0,105.0,São Paulo (SP)
66764558,TOYOTA,COROLLA,2.0 VVT-IE FLEX XEI DIRECT SHIFT,2023,2023.0,92000.0,CVT,Sedã,122990.0,96.0,São Paulo (SP)
67982686,TOYOTA,COROLLA,2.0 VVT-IE FLEX XEI DIRECT SHIFT,2022,2023.0,59101.0,Automática,Sedã,122990.0,96.0,São Paulo (SP)
69235697,TOYOTA,COROLLA,2.0 VVT-IE FLEX XEI DIRECT SHIFT,2024,2024.0,30000.0,CVT,Sedã,142990.0,100.0,São Paulo (SP)
67975832,TOYOTA,COROLLA,2.0 VVT-IE FLEX XEI DIRECT SHIFT,2022,2023.0,65683.0,CVT,Sedã,125900.0,99.0,São Paulo (SP)
67948385,TOYOTA,COROLLA,2.0 XEI 16V FLEX 4P AUTOMÁTICO,2015,2015.0,140000.0,Automática,Sedã,84900.0,104.0,São Paulo (SP)
69115806,TOYOTA,COROLLA,2.0 XEI 16V FLEX 4P AUTOMÁTICO,2014,2015.0,186772.0,Manual,Sedã,79000.0,96.0,São Paulo (SP)
69264287,TOYOTA,COROLLA,1.6 XLI 16V GASOLINA 4P AUTOMÁTICO,2006,2006.0,299858.0,Automática,Sedã,41990.0,116.0,São Paulo (SP)
67578254,TOYOTA,COROLLA,1.8 VVT-I HYBRID FLEX ALTIS CVT,2020,2020.0,107386.0,Automática,Sedã,122900.0,100.0,São Paulo (SP)
65787861,TOYOTA,COROLLA,2.0 VVT-IE FLEX ALTIS DIRECT SHIFT,2021,2022.0,86123.0,Automática,Sedã,136900.0,100.0,São Paulo (SP)
67003094,TOYOTA,COROLLA,2.0 VVT-IE FLEX XEI DIRECT SHIFT,2023,2024.0,81664.0,Automática,Sedã,135990.0,95.0,São Paulo (SP)
68639033,TOYOTA,COROLLA,1.8 GLI 16V FLEX 4P AUTOMÁTICO,2016,2016.0,102000.0,Automática,Sedã,82990.0,106.0,São Paulo (SP)
68372841,TOYOTA,COROLLA,2.0 ALTIS 16V FLEX 4P AUTOMÁTICO,2011,2012.0,170000.0,Automática,Sedã,69990.0,107.0,São Paulo (SP)
69238274,TOYOTA,COROLLA,2.0 ALTIS 16V FLEX 4P AUTOMÁTICO,2014,2015.0,129988.0,Automática,Sedã,85000.0,102.0,São Paulo (SP)
68477872,TOYOTA,COROLLA,2.0 VVT-IE FLEX XEI DIRECT SHIFT,2025,2025.0,15596.0,Automática,Sedã,159900.0,100.0,São Paulo (SP)
66363085,TOYOTA,COROLLA,2.0 XEI 16V FLEX 4P AUTOMÁTICO,2018,2019.0,135000.0,CVT,Sedã,107900.0,105.0,São Paulo (SP)
67847934,TOYOTA,COROLLA,2.0 VVT-IE FLEX XEI DIRECT SHIFT,2020,2021.0,87000.0,CVT,Sedã,121990.0,102.0,São Paulo (SP)
68982739,TOYOTA,COROLLA,1.8 VVT-I HYBRID FLEX ALTIS CVT,2019,2020.0,91442.0,Automática,Sedã,122890.0,100.0,São Paulo (SP)
67731316,TOYOTA,COROLLA,2.0 VVT-IE FLEX XEI DIRECT SHIFT,2020,2021.0,82000.0,CVT,Sedã,124800.0,104.0,São Paulo (SP)
69237806,TOYOTA,COROLLA,2.0 VVT-IE FLEX XEI DIRECT SHIFT,2024,2024.0,20000.0,Automática,Sedã,149900.0,105.0,São Paulo (SP)
66483252,TOYOTA,COROLLA,2.0 ALTIS 16V FLEX 4P AUTOMÁTICO,2017,2018.0,116000.0,Automática,Sedã,107900.0,105.0,São Paulo (SP)
69519760,TOYOTA,COROLLA,2.0 VVT-IE FLEX GLI DIRECT SHIFT,2019,2020.0,38644.0,CVT,Sedã,110890.0,103.0,São Paulo (SP)
69243414,TOYOTA,COROLLA,2.0 VVT-IE FLEX XEI DIRECT SHIFT,2024,2024.0,17000.0,Automática,Sedã,142990.0,100.0,São Paulo (SP)
67694392,TOYOTA,COROLLA,2.0 VVT-IE FLEX XEI DIRECT SHIFT,2023,2023.0,48393.0,Automática,Sedã,134900.0,106.0,São Paulo (SP)
69215845,TOYOTA,COROLLA,2.0 VVT-IE FLEX XEI DIRECT SHIFT,2024,2024.0,25103.0,Automática,Sedã,151900.0,106.0,São Paulo (SP)
63372065,TOYOTA,COROLLA,2.0 VVT-IE FLEX XEI DIRECT SHIFT,2023,2024.0,20090.0,Automática,Sedã,150990.0,106.0,São Paulo (SP)
67893374,TOYOTA,COROLLA,1.8 GLI 16V FLEX 4P AUTOMÁTICO,2014,2015.0,112000.0,Automática,Sedã,81900.0,108.0,São Paulo (SP)
67341269,TOYOTA,COROLLA,1.8 VVT-I HYBRID FLEX ALTIS PREMIUM CVT,2023,2024.0,38000.0,CVT,Sedã,168990.0,102.0,São Paulo (SP)
68346770,TOYOTA,COROLLA,1.8 GLI 16V FLEX 4P AUTOMÁTICO,2016,2017.0,125000.0,Automática,Sedã,83300.0,103.0,São Paulo (SP)
67619907,TOYOTA,COROLLA,2.0 VVT-IE FLEX XEI DIRECT SHIFT,2022,2023.0,107205.0,Automática,Sedã,129900.0,102.0,São Paulo (SP)
67036973,TOYOTA,COROLLA,2.0 XEI 16V FLEX 4P AUTOMÁTICO,2018,2019.0,79000.0,Automática,Sedã,112900.0,110.0,São Paulo (SP)
68871596,TOYOTA,COROLLA,2.0 ALTIS 16V FLEX 4P AUTOMÁTICO,2014,2015.0,108136.0,Automática,Sedã,88800.0,107.0,São Paulo (SP)
64574631,TOYOTA,COROLLA,1.8 VVT-I HYBRID FLEX ALTIS PREMIUM CVT,2023,2024.0,60000.0,Automática,Sedã,165900.0,100.0,São Paulo (SP)
60196985,TOYOTA,COROLLA,2.0 XEI 16V FLEX 4P AUTOMÁTICO,2018,2018.0,65000.0,CVT,Sedã,110000.0,110.0,São Paulo (SP)
68889385,TOYOTA,COROLLA,2.0 XEI 16V FLEX 4P AUTOMÁTICO,2015,2016.0,105000.0,CVT,Sedã,88990.0,105.0,São Paulo (SP)
69375646,TOYOTA,COROLLA,1.8 GLI 16V FLEX 4P AUTOMÁTICO,2017,2018.0,92000.0,CVT,Sedã,99000.0,116.0,São Paulo (SP)
67171580,TOYOTA,COROLLA,2.0 VVT-IE FLEX XEI DIRECT SHIFT,2026,2026.0,0.0,CVT,Sedã,169800.0,103.0,São Paulo (SP)
68874534,TOYOTA,COROLLA,2.0 XEI 16V FLEX 4P AUTOMÁTICO,2010,2011.0,180000.0,Automática,Sedã,69500.0,119.0,São Paulo (SP)
66330343,TOYOTA,COROLLA,1.8 XEI 16V FLEX 4P AUTOMÁTICO,2009,2010.0,171396.0,Automática,Sedã,61990.0,112.0,São Paulo (SP)
64385597,TOYOTA,COROLLA,2.0 VVT-IE FLEX ALTIS DIRECT SHIFT,2022,2023.0,69111.0,CVT,Sedã,189900.0,132.0,São Paulo (SP)
69355772,TOYOTA,COROLLA,1.8 GLI 16V FLEX 4P MANUAL,2013,2014.0,167672.0,Manual,Sedã,64900.0,103.0,São Paulo (SP)
68977869,TOYOTA,COROLLA,2.0 VVT-IE FLEX XEI DIRECT SHIFT,2020,2021.0,78000.0,Automática,Sedã,122900.0,103.0,São Paulo (SP)
68884193,TOYOTA,COROLLA,1.8 VVT-I HYBRID FLEX ALTIS PREMIUM CVT,2022,2023.0,57617.0,CVT,Sedã,138990.0,96.0,São Paulo (SP)
68107239,TOYOTA,COROLLA,2.0 VVT-IE FLEX XEI DIRECT SHIFT,2021,2022.0,73800.0,CVT,Sedã,125800.0,102.0,São Paulo (SP)
67799923,TOYOTA,COROLLA,2.0 VVT-IE FLEX GR-S DIRECT SHIFT,2023,2023.0,36771.0,Automática,Sedã,139900.0,101.0,São Paulo (SP)
68898212,TOYOTA,COROLLA,1.8 XEI 16V FLEX 4P AUTOMÁTICO,2005,2006.0,199278.0,Automática,Sedã,45900.0,119.0,São Paulo (SP)
67799403,TOYOTA,COROLLA,2.0 XRS 16V FLEX 4P AUTOMÁTICO,2017,2018.0,80321.0,Automática,Sedã,119890.0,121.0,São Paulo (SP)
67591366,TOYOTA,COROLLA,2.0 VVT-IE FLEX GLI DIRECT SHIFT,2022,2023.0,80000.0,CVT,Sedã,124990.0,106.0,São Paulo (SP)
67913805,TOYOTA,COROLLA,2.0 VVT-IE FLEX XEI DIRECT SHIFT,2021,2022.0,89000.0,Automática,Sedã,119890.0,98.0,São Paulo (SP)
67843009,TOYOTA,COROLLA,2.0 VVT-IE FLEX XEI DIRECT SHIFT,2024,2024.0,70174.0,Automática,Sedã,135890.0,95.0,São Paulo (SP)
67808300,TOYOTA,COROLLA,2.0 VVT-IE FLEX XEI DIRECT SHIFT,2024,2025.0,70389.0,Automática,Sedã,154890.0,97.0,São Paulo (SP)
66986614,TOYOTA,COROLLA,2.0 VVT-IE FLEX GR-S DIRECT SHIFT,2021,2022.0,84866.0,CVT,Sedã,131900.0,103.0,São Paulo (SP)
67927829,TOYOTA,COROLLA,2.0 VVT-IE FLEX XEI DIRECT SHIFT,2026,2026.0,0.0,Automática,Sedã,169990.0,103.0,São Paulo (SP)
67454958,TOYOTA,COROLLA,2.0 XEI 16V FLEX 4P AUTOMÁTICO,2018,2018.0,91572.0,Automática,Sedã,105900.0,106.0,São Paulo (SP)
69089314,TOYOTA,COROLLA,2.0 XEI 16V FLEX 4P AUTOMÁTICO,2018,2019.0,65101.0,Automática,Sedã,111900.0,109.0,São Paulo (SP)
68778004,TOYOTA,COROLLA,1.8 GLI 16V FLEX 4P AUTOMÁTICO,2011,2012.0,120000.0,Automática,Sedã,64990.0,109.0,São Paulo (SP)
69210281,TOYOTA,COROLLA,1.8 XEI 16V GASOLINA 4P MANUAL,2005,2005.0,300000.0,Manual,Sedã,36899.0,103.0,São Paulo (SP)
67981170,TOYOTA,COROLLA,2.0 VVT-IE FLEX ALTIS DIRECT SHIFT,2023,2023.0,49500.0,CVT,Sedã,187700.0,131.0,São Paulo (SP)
69517504,TOYOTA,COROLLA,1.8 VVT-I HYBRID FLEX ALTIS PREMIUM CVT,2023,2023.0,48080.0,CVT,Sedã,142990.0,99.0,São Paulo (SP)
68880520,TOYOTA,COROLLA,2.0 VVT-IE FLEX XEI DIRECT SHIFT,2019,2020.0,79409.0,Automática,Sedã,112990.0,97.0,São Paulo (SP)
67340041,TOYOTA,COROLLA,1.8 VVT-I HYBRID FLEX ALTIS PREMIUM CVT,2023,2024.0,38000.0,CVT,Sedã,168990.0,102.0,São Paulo (SP)
66868167,TOYOTA,COROLLA,2.0 VVT-IE FLEX GLI DIRECT SHIFT,2023,2024.0,55000.0,CVT,Sedã,125899.0,100.0,São Paulo (SP)
67731672,TOYOTA,COROLLA,2.0 VVT-IE FLEX GLI DIRECT SHIFT,2025,2025.0,33011.0,Automática,Sedã,143900.0,100.0,São Paulo (SP)
65363886,TOYOTA,COROLLA,2.0 VVT-IE FLEX XEI DIRECT SHIFT,2021,2022.0,93516.0,Automática,Sedã,118900.0,97.0,São Paulo (SP)
68908871,TOYOTA,COROLLA,1.8 XEI 16V FLEX 4P AUTOMÁTICO,2009,2010.0,202450.0,Automática,Sedã,59900.0,108.0,São Paulo (SP)
67777164,TOYOTA,COROLLA,2.0 XEI 16V FLEX 4P AUTOMÁTICO,2014,2014.0,125000.0,Automática,Sedã,72900.0,104.0,São Paulo (SP)
65149988,TOYOTA,COROLLA,2.0 XEI 16V FLEX 4P AUTOMÁTICO,2016,2017.0,123000.0,Automática,Sedã,99900.0,113.0,São Paulo (SP)
67731553,TOYOTA,COROLLA,2.0 VVT-IE FLEX GLI DIRECT SHIFT,2025,2025.0,33011.0,Automática,Sedã,143900.0,100.0,São Paulo (SP)
69212309,TOYOTA,COROLLA,2.0 VVT-IE FLEX XEI DIRECT SHIFT,2019,2020.0,56500.0,Automática,Sedã,145900.0,125.0,São Paulo (SP)
67270019,TOYOTA,COROLLA,2.0 ALTIS 16V FLEX 4P AUTOMÁTICO,2016,2017.0,169000.0,Automática,Sedã,96900.0,108.0,São Paulo (SP)
67749237,TOYOTA,COROLLA,2.0 VVT-IE FLEX XEI DIRECT SHIFT,2021,2022.0,35821.0,Automática,Sedã,129790.0,106.0,São Paulo (SP)
67617255,TOYOTA,COROLLA,2.0 VVT-IE FLEX XEI DIRECT SHIFT,2025,2025.0,20405.0,Automática,Sedã,162900.0,102.0,São Paulo (SP)
68088600,TOYOTA,COROLLA,1.8 GLI UPPER 16V FLEX 4P AUTOMÁTICO,2017,2017.0,90000.0,Automática,Sedã,93900.0,115.0,São Paulo (SP)
68884176,TOYOTA,COROLLA,1.8 VVT-I HYBRID FLEX ALTIS PREMIUM CVT,2022,2023.0,57617.0,CVT,Sedã,138990.0,96.0,São Paulo (SP)
68880350,TOYOTA,COROLLA,1.8 VVT-I HYBRID FLEX ALTIS PREMIUM CVT,2022,2023.0,57617.0,CVT,Sedã,138990.0,96.0,São Paulo (SP)
68659084,TOYOTA,COROLLA,2.0 VVT-IE FLEX XEI DIRECT SHIFT,2023,2023.0,65999.0,Automática,Sedã,123990.0,97.0,São Paulo (SP)
68101318,TOYOTA,COROLLA,2.0 VVT-IE FLEX XEI DIRECT SHIFT,2023,2024.0,56000.0,Automática,Sedã,141890.0,99.0,São Paulo (SP)
65916075,TOYOTA,COROLLA,2.0 VVT-IE FLEX XEI DIRECT SHIFT,2021,2021.0,135610.0,Automática,Sedã,115900.0,97.0,São Paulo (SP)
67694954,TOYOTA,COROLLA,2.0 XEI 16V FLEX 4P AUTOMÁTICO,2013,2013.0,164000.0,Automática,Sedã,71900.0,108.0,São Paulo (SP)
69498854,TOYOTA,COROLLA,1.6 XLI 16V GASOLINA 4P AUTOMÁTICO,2006,2007.0,209000.0,Automática,Sedã,37900.0,102.0,São Paulo (SP)
68525549,TOYOTA,COROLLA,2.0 VVT-IE FLEX XEI DIRECT SHIFT,2021,2022.0,50000.0,Automática,Sedã,124890.0,102.0,São Paulo (SP)
68976314,TOYOTA,COROLLA,2.0 VVT-IE FLEX XEI DIRECT SHIFT,2023,2024.0,33586.0,Automática,Sedã,149900.0,105.0,São Paulo (SP)
65981595,TOYOTA,COROLLA,2.0 VVT-IE FLEX XEI DIRECT SHIFT,2022,2023.0,34222.0,CVT,Sedã,138790.0,109.0,São Paulo (SP)
69375642,TOYOTA,COROLLA,2.0 XEI 16V FLEX 4P AUTOMÁTICO,2014,2015.0,145900.0,Automática,Sedã,79900.0,97.0,São Paulo (SP)
68880504,TOYOTA,COROLLA,2.0 VVT-IE FLEX XEI DIRECT SHIFT,2019,2020.0,79409.0,Automática,Sedã,112990.0,97.0,São Paulo (SP)
65820499,TOYOTA,COROLLA,2.0 XEI 16V FLEX 4P AUTOMÁTICO,2015,2016.0,117497.0,Automática,Sedã,95000.0,113.0,São Paulo (SP)
69489912,TOYOTA,COROLLA,1.8 SE-G 16V GASOLINA 4P AUTOMÁTICO,2007,2007.0,174810.0,Automática,Sedã,43900.0,105.0,São Paulo (SP)
67338859,TOYOTA,COROLLA,2.0 XEI 16V FLEX 4P AUTOMÁTICO,2017,2018.0,188000.0,Automática,Sedã,104990.0,105.0,São Paulo (SP)
68512732,TOYOTA,COROLLA,2.0 VVT-IE FLEX GLI DIRECT SHIFT,2021,2022.0,95000.0,Automática,Sedã,119900.0,105.0,São Paulo (SP)
65977909,TOYOTA,COROLLA,1.8 GLI 16V FLEX 4P AUTOMÁTICO,2013,2014.0,229000.0,Automática,Sedã,64990.0,100.0,São Paulo (SP)
67450584,TOYOTA,COROLLA,1.8 VVT-I HYBRID FLEX ALTIS PREMIUM CVT,2026,2026.0,0.0,CVT,Sedã,198900.0,106.0,São Paulo (SP)
67887450,TOYOTA,COROLLA,1.8 VVT-I HYBRID FLEX ALTIS PREMIUM CVT,2023,2024.0,53557.0,CVT,Sedã,167990.0,101.0,São Paulo (SP)
68609335,TOYOTA,COROLLA,2.0 VVT-IE FLEX GR-S DIRECT SHIFT,2025,2025.0,25000.0,Automática,Sedã,169900.0,97.0,São Paulo (SP)
67648687,TOYOTA,COROLLA,2.0 VVT-IE FLEX XEI DIRECT SHIFT,2021,2022.0,79430.0,Automática,Sedã,121990.0,99.0,São Paulo (SP)
67587484,TOYOTA,COROLLA,2.0 VVT-IE FLEX ALTIS PREMIUM DIRECT SHIFT,2026,2026.0,0.0,CVT,Sedã,209320.0,111.0,São Paulo (SP)
67834309,TOYOTA,COROLLA,2.0 VVT-IE FLEX GR-S DIRECT SHIFT,2022,2023.0,87000.0,CVT,Sedã,135800.0,98.0,São Paulo (SP)
69378689,TOYOTA,COROLLA,2.0 XEI 16V FLEX 4P AUTOMÁTICO,2012,2013.0,95260.0,Automática,Sedã,73900.0,111.0,São Paulo (SP)
63003793,TOYOTA,COROLLA,2.0 XEI 16V FLEX 4P AUTOMÁTICO,2018,2019.0,100000.0,CVT,Sedã,110990.0,108.0,São Paulo (SP)
68753161,TOYOTA,COROLLA,1.8 GLI 16V FLEX 4P AUTOMÁTICO,2018,2018.0,100000.0,Automática,Sedã,92990.0,109.0,São Paulo (SP)
66994093,TOYOTA,COROLLA,2.0 XEI 16V FLEX 4P AUTOMÁTICO,2016,2017.0,100000.0,Automática,Sedã,92900.0,105.0,São Paulo (SP)
69427274,TOYOTA,COROLLA,1.8 GLI 16V FLEX 4P AUTOMÁTICO,2009,2010.0,150000.0,Automática,Sedã,56900.0,106.0,São Paulo (SP)
69392369,TOYOTA,COROLLA,2.0 XEI 16V FLEX 4P AUTOMÁTICO,2010,2011.0,170000.0,Automática,Sedã,62900.0,107.0,São Paulo (SP)
67624747,TOYOTA,COROLLA,2.0 VVT-IE FLEX XEI DIRECT SHIFT,2024,2024.0,36612.0,Automática,Sedã,148790.0,104.0,São Paulo (SP)
67341193,TOYOTA,COROLLA,1.8 VVT-I HYBRID FLEX ALTIS PREMIUM CVT,2023,2024.0,38000.0,CVT,Sedã,168990.0,102.0,São Paulo (SP)
67341138,TOYOTA,COROLLA,1.8 VVT-I HYBRID FLEX ALTIS PREMIUM CVT,2023,2024.0,38000.0,CVT,Sedã,168990.0,102.0,São Paulo (SP)
68377985,TOYOTA,COROLLA,1.8 XEI 16V FLEX 4P AUTOMÁTICO,2009,2010.0,179000.0,Automática,Sedã,59990.0,108.0,São Paulo (SP)
67731770,TOYOTA,COROLLA,2.0 VVT-IE FLEX GLI DIRECT SHIFT,2025,2025.0,33011.0,Automática,Sedã,143900.0,100.0,São Paulo (SP)
66679774,TOYOTA,COROLLA,1.8 GLI 16V FLEX 4P AUTOMÁTICO,2017,2017.0,159887.0,Automática,Sedã,83990.0,103.0,São Paulo (SP)
69361617,TOYOTA,COROLLA,2.0 XEI 16V FLEX 4P AUTOMÁTICO,2014,2015.0,123060.0,Automática,Sedã,83890.0,102.0,São Paulo (SP)
69112881,TOYOTA,COROLLA,2.0 VVT-IE FLEX XEI DIRECT SHIFT,2023,2023.0,37000.0,CVT,Sedã,129990.0,102.0,São Paulo (SP)
67907289,TOYOTA,COROLLA,2.0 XEI 16V FLEX 4P AUTOMÁTICO,2014,2015.0,135000.0,Automática,Sedã,83990.0,102.0,São Paulo (SP)
66841430,TOYOTA,COROLLA,1.8 GLI 16V FLEX 4P AUTOMÁTICO,2016,2017.0,123000.0,Automática,Sedã,88790.0,109.0,São Paulo (SP)
67187141,TOYOTA,COROLLA,2.0 VVT-IE FLEX XEI DIRECT SHIFT,2024,2024.0,59000.0,CVT,Sedã,146900.0,103.0,São Paulo (SP)
67341139,TOYOTA,COROLLA,1.8 VVT-I HYBRID FLEX ALTIS PREMIUM CVT,2023,2024.0,38000.0,CVT,Sedã,168990.0,102.0,São Paulo (SP)
69109045,TOYOTA,COROLLA,1.6 XLI 16V GASOLINA 4P MANUAL,2002,2003.0,243703.0,Manual,Sedã,35900.0,124.0,São Paulo (SP)
67816696,TOYOTA,COROLLA,2.0 VVT-IE FLEX XEI DIRECT SHIFT,2024,2024.0,25640.0,CVT,Sedã,199000.0,140.0,São Paulo (SP)
68520530,TOYOTA,COROLLA,2.0 VVT-IE FLEX GLI DIRECT SHIFT,2024,2024.0,62038.0,Automática,Sedã,123890.0,99.0,São Paulo (SP)
66606220,TOYOTA,COROLLA,2.0 VVT-IE FLEX XEI DIRECT SHIFT,2020,2021.0,106000.0,CVT,Sedã,121790.0,102.0,São Paulo (SP)
67813516,TOYOTA,COROLLA,2.0 VVT-IE FLEX XEI DIRECT SHIFT,2026,2026.0,0.0,Automática,Sedã,172900.0,105.0,São Paulo (SP)
68852432,TOYOTA,COROLLA,2.0 VVT-IE FLEX ALTIS DIRECT SHIFT,2022,2023.0,98243.0,Automática,Sedã,138990.0,97.0,São Paulo (SP)
65611073,TOYOTA,COROLLA,2.0 VVT-IE FLEX GR-S DIRECT SHIFT,2025,2026.0,0.0,CVT,Sedã,203790.0,112.0,São Paulo (SP)
65526264,TOYOTA,COROLLA,1.8 VVT-I HYBRID FLEX ALTIS PREMIUM CVT,2025,2026.0,0.0,CVT,Sedã,209010.0,111.0,São Paulo (SP)
69551090,TOYOTA,COROLLA,1.8 GLI 16V FLEX 4P AUTOMÁTICO,2016,2017.0,25946.0,Automática,Sedã,97900.0,121.0,São Paulo (SP)
69425678,TOYOTA,COROLLA,2.0 VVT-IE FLEX XEI DIRECT SHIFT,2023,2024.0,24496.0,Automática,Sedã,142790.0,100.0,São Paulo (SP)
69375824,TOYOTA,COROLLA,2.0 VVT-IE FLEX XEI DIRECT SHIFT,2019,2020.0,62395.0,Automática,Sedã,116990.0,100.0,São Paulo (SP)
69261108,TOYOTA,COROLLA,2.0 VVT-IE FLEX XEI DIRECT SHIFT,2024,2024.0,25233.0,Automática,Sedã,143900.0,101.0,São Paulo (SP)
69116940,TOYOTA,COROLLA,2.0 VVT-IE FLEX XEI DIRECT SHIFT,2024,2024.0,115000.0,Automática,Sedã,138900.0,97.0,São Paulo (SP)
66548307,TOYOTA,COROLLA,2.0 VVT-IE FLEX XEI DIRECT SHIFT,2022,2023.0,78319.0,Automática,Sedã,130900.0,103.0,São Paulo (SP)
68181956,TOYOTA,COROLLA,2.0 VVT-IE FLEX XEI DIRECT SHIFT,2020,2020.0,99000.0,Automática,Sedã,117790.0,101.0,São Paulo (SP)
67666057,TOYOTA,COROLLA,2.0 XEI 16V FLEX 4P AUTOMÁTICO,2013,2014.0,188619.0,Automática,Sedã,71900.0,103.0,São Paulo (SP)
67018144,TOYOTA,COROLLA,2.0 VVT-IE FLEX XEI DIRECT SHIFT,2019,2020.0,106993.0,Automática,Sedã,118000.0,101.0,São Paulo (SP)
66167841,TOYOTA,COROLLA,1.8 GLI 16V FLEX 4P AUTOMÁTICO,2016,2017.0,168000.0,Automática,Sedã,82880.0,102.0,São Paulo (SP)
67731578,TOYOTA,COROLLA,2.0 VVT-IE FLEX GLI DIRECT SHIFT,2025,2025.0,33011.0,Automática,Sedã,143900.0,100.0,São Paulo (SP)
68772910,TOYOTA,COROLLA,1.8 GLI 16V FLEX 4P AUTOMÁTICO,2012,2013.0,134560.0,Automática,Sedã,65990.0,106.0,São Paulo (SP)
68642335,TOYOTA,COROLLA,1.8 VVT-I HYBRID FLEX ALTIS PREMIUM CVT,2020,2020.0,54300.0,CVT,Sedã,175990.0,140.0,São Paulo (SP)
68738771,TOYOTA,COROLLA,2.0 VVT-IE FLEX XEI DIRECT SHIFT,2026,2026.0,0.0,Automática,Sedã,169990.0,103.0,São Paulo (SP)
68879107,TOYOTA,COROLLA,2.0 VVT-IE FLEX XEI DIRECT SHIFT,2019,2020.0,79409.0,Automática,Sedã,112990.0,97.0,São Paulo (SP)
67970001,TOYOTA,COROLLA,2.0 VVT-IE FLEX XEI DIRECT SHIFT,2024,2024.0,36300.0,Automática,Sedã,145900.0,102.0,São Paulo (SP)
68756609,TOYOTA,COROLLA,1.8 VVT-I HYBRID FLEX ALTIS PREMIUM CVT,2022,2023.0,56700.0,Automática,Sedã,151990.0,105.0,São Paulo (SP)
68354799,TOYOTA,COROLLA,2.0 XEI 16V FLEX 4P AUTOMÁTICO,2018,2019.0,137378.0,CVT,Sedã,104900.0,102.0,São Paulo (SP)
69510948,TOYOTA,COROLLA,1.8 SE-G 16V GASOLINA 4P AUTOMÁTICO,2005,2006.0,222435.0,Automática,Sedã,47900.0,118.0,São Paulo (SP)
67808214,TOYOTA,COROLLA,2.0 VVT-IE FLEX XEI DIRECT SHIFT,2024,2025.0,70389.0,Automática,Sedã,154890.0,97.0,São Paulo (SP)
67731613,TOYOTA,COROLLA,2.0 VVT-IE FLEX GLI DIRECT SHIFT,2025,2025.0,33011.0,Automática,Sedã,143900.0,100.0,São Paulo (SP)
69554259,TOYOTA,COROLLA,2.0 ALTIS 16V FLEX 4P AUTOMÁTICO,2011,2012.0,93000.0,Automática,Sedã,84900.0,130.0,São Paulo (SP)
68861039,TOYOTA,COROLLA,1.8 GLI 16V FLEX 4P AUTOMÁTICO,2017,2018.0,105000.0,Automática,Sedã,85899.0,101.0,São Paulo (SP)
67646560,TOYOTA,COROLLA,2.0 VVT-IE FLEX XEI DIRECT SHIFT,2025,2025.0,20405.0,Automática,Sedã,162900.0,102.0,São Paulo (SP)
68652064,TOYOTA,COROLLA,2.0 VVT-IE FLEX XEI DIRECT SHIFT,2023,2023.0,52900.0,Automática,Sedã,128990.0,101.0,São Paulo (SP)
68650239,TOYOTA,COROLLA,2.0 VVT-IE FLEX ALTIS DIRECT SHIFT,2022,2023.0,61099.0,Automática,Sedã,149990.0,105.0,São Paulo (SP)
69507983,TOYOTA,COROLLA,2.0 ALTIS 16V FLEX 4P AUTOMÁTICO,2017,2018.0,123889.0,CVT,Sedã,105880.0,103.0,São Paulo (SP)
69207826,TOYOTA,COROLLA,2.0 VVT-IE FLEX XEI DIRECT SHIFT,2019,2020.0,70000.0,Automática,Sedã,119900.0,103.0,São Paulo (SP)
67913462,TOYOTA,COROLLA,2.0 VVT-IE FLEX XEI DIRECT SHIFT,2022,2023.0,56800.0,Automática,Sedã,167790.0,131.0,São Paulo (SP)
68398620,TOYOTA,COROLLA,1.8 VVT-I HYBRID FLEX ALTIS PREMIUM CVT,2020,2021.0,94386.0,Automática,Sedã,142900.0,110.0,São Paulo (SP)
67868766,TOYOTA,COROLLA,2.0 VVT-IE FLEX GR-S DIRECT SHIFT,2026,2026.0,0.0,Automática,Sedã,202890.0,111.0,São Paulo (SP)
67171592,TOYOTA,COROLLA,2.0 VVT-IE FLEX GR-S DIRECT SHIFT,2025,2025.0,0.0,CVT,Sedã,199700.0,114.0,São Paulo (SP)
69509562,TOYOTA,COROLLA,2.0 VVT-IE FLEX XEI DIRECT SHIFT,2026,2026.0,2000.0,CVT,Sedã,171000.0,104.0,São Paulo (SP)
67850629,TOYOTA,COROLLA,2.0 VVT-IE FLEX XEI DIRECT SHIFT,2023,2024.0,63650.0,CVT,Sedã,139790.0,98.0,São Paulo (SP)
68980822,TOYOTA,COROLLA,1.8 GLI 16V FLEX 4P AUTOMÁTICO,2015,2016.0,92000.0,Automática,Sedã,84890.0,108.0,São Paulo (SP)
68617529,TOYOTA,COROLLA,2.0 XEI 16V FLEX 4P AUTOMÁTICO,2015,2015.0,99800.0,Automática,Sedã,89900.0,110.0,São Paulo (SP)
66157016,TOYOTA,COROLLA,2.0 XEI 16V FLEX 4P AUTOMÁTICO,2016,2016.0,144000.0,Automática,Sedã,92990.0,110.0,São Paulo (SP)
65291078,TOYOTA,COROLLA,2.0 VVT-IE FLEX XEI DIRECT SHIFT,2021,2022.0,71000.0,CVT,Sedã,123900.0,101.0,São Paulo (SP)
67679084,TOYOTA,COROLLA,2.0 XEI 16V FLEX 4P AUTOMÁTICO,2018,2018.0,103000.0,Automática,Sedã,105900.0,106.0,São Paulo (SP)
67055376,TOYOTA,COROLLA,2.0 XEI 16V FLEX 4P AUTOMÁTICO,2018,2019.0,94921.0,Automática,Sedã,109900.0,107.0,São Paulo (SP)
68076706,TOYOTA,COROLLA,2.0 VVT-IE FLEX ALTIS DIRECT SHIFT,2024,2024.0,48369.0,Automática,Sedã,167900.0,103.0,São Paulo (SP)
66923977,TOYOTA,COROLLA,2.0 XEI 16V FLEX 4P AUTOMÁTICO,2015,2016.0,102000.0,Automática,Sedã,89900.0,106.0,São Paulo (SP)
67456274,TOYOTA,COROLLA,2.0 VVT-IE FLEX GLI DIRECT SHIFT,2019,2020.0,58800.0,Automática,Sedã,129900.0,121.0,São Paulo (SP)
68685625,TOYOTA,COROLLA,2.0 XEI 16V FLEX 4P AUTOMÁTICO,2015,2015.0,168000.0,Automática,Sedã,83990.0,102.0,São Paulo (SP)
69504500,TOYOTA,COROLLA,2.0 XEI 16V FLEX 4P AUTOMÁTICO,2013,2014.0,159000.0,Automática,Sedã,71900.0,103.0,São Paulo (SP)
68779244,TOYOTA,COROLLA,2.0 VVT-IE FLEX XEI DIRECT SHIFT,2019,2020.0,62000.0,Automática,Sedã,139790.0,120.0,São Paulo (SP)
68976297,TOYOTA,COROLLA,1.8 VVT-I HYBRID FLEX ALTIS PREMIUM CVT,2025,2025.0,21275.0,Automática,Sedã,189900.0,106.0,São Paulo (SP)
68638829,TOYOTA,COROLLA,1.8 VVT-I HYBRID FLEX ALTIS PREMIUM CVT,2021,2022.0,85129.0,Automática,Sedã,135990.0,101.0,São Paulo (SP)
67731740,TOYOTA,COROLLA,2.0 VVT-IE FLEX GLI DIRECT SHIFT,2025,2025.0,33011.0,Automática,Sedã,143900.0,100.0,São Paulo (SP)
67650094,TOYOTA,COROLLA,2.0 VVT-IE FLEX GR-S DIRECT SHIFT,2023,2023.0,51559.0,Automática,Sedã,145900.0,105.0,São Paulo (SP)
69557514,TOYOTA,COROLLA,2.0 VVT-IE FLEX XEI DIRECT SHIFT,2025,2025.0,8800.0,Automática,Sedã,154990.0,97.0,São Paulo (SP)
68387332,TOYOTA,COROLLA,2.0 VVT-IE FLEX XEI DIRECT SHIFT,2019,2020.0,97000.0,Automática,Sedã,117900.0,101.0,São Paulo (SP)
65925783,TOYOTA,COROLLA,2.0 VVT-IE FLEX XEI DIRECT SHIFT,2022,2022.0,68908.0,Automática,Sedã,123900.0,101.0,São Paulo (SP)
69078504,TOYOTA,COROLLA,1.8 VVT-I HYBRID FLEX ALTIS CVT,2023,2023.0,84422.0,Automática,Sedã,149900.0,105.0,São Paulo (SP)
68883418,TOYOTA,COROLLA,2.0 VVT-IE FLEX GLI DIRECT SHIFT,2025,2025.0,19304.0,Automática,Sedã,149990.0,104.0,São Paulo (SP)
67615435,TOYOTA,COROLLA,2.0 VVT-IE FLEX GR-S DIRECT SHIFT,2022,2023.0,68448.0,CVT,Sedã,143990.0,104.0,São Paulo (SP)
69374361,TOYOTA,COROLLA,1.8 GLI 16V FLEX 4P AUTOMÁTICO,2017,2017.0,76771.0,Automática,Sedã,83800.0,103.0,São Paulo (SP)
69243284,TOYOTA,COROLLA,2.0 VVT-IE FLEX XEI DIRECT SHIFT,2024,2024.0,17000.0,Automática,Sedã,142990.0,100.0,São Paulo (SP)
69424230,TOYOTA,COROLLA,2.0 XEI 16V FLEX 4P AUTOMÁTICO,2018,2019.0,65714.0,Automática,Sedã,117900.0,115.0,São Paulo (SP)
68235891,TOYOTA,COROLLA,2.0 VVT-IE FLEX GR-S DIRECT SHIFT,2024,2024.0,100500.0,CVT,Sedã,159000.0,100.0,São Paulo (SP)
69495219,TOYOTA,COROLLA,2.0 XEI 16V FLEX 4P AUTOMÁTICO,2011,2012.0,112501.0,Automática,Sedã,68900.0,108.0,São Paulo (SP)
69346416,TOYOTA,COROLLA,2.0 VVT-IE FLEX XEI DIRECT SHIFT,2023,2023.0,23000.0,Automática,Sedã,132900.0,104.0,São Paulo (SP)
68883889,TOYOTA,COROLLA,1.8 VVT-I HYBRID FLEX ALTIS PREMIUM CVT,2022,2023.0,57617.0,CVT,Sedã,138990.0,96.0,São Paulo (SP)
69218398,TOYOTA,COROLLA,2.0 VVT-IE FLEX XEI DIRECT SHIFT,2019,2020.0,96000.0,Automática,Sedã,118900.0,102.0,São Paulo (SP)
69383536,TOYOTA,COROLLA,1.8 VVT-I HYBRID FLEX ALTIS PREMIUM CVT,2023,2024.0,35000.0,CVT,Sedã,168900.0,102.0,São Paulo (SP)
68731752,TOYOTA,COROLLA,1.8 GLI 16V FLEX 4P AUTOMÁTICO,2015,2016.0,135000.0,Automática,Sedã,79990.0,102.0,São Paulo (SP)
68564273,TOYOTA,COROLLA,2.0 VVT-IE FLEX GLI DIRECT SHIFT,2023,2024.0,34534.0,Automática,Sedã,128300.0,102.0,São Paulo (SP)
67567408,TOYOTA,COROLLA,1.8 GLI 16V FLEX 4P AUTOMÁTICO,2014,2015.0,167628.0,Automática,Sedã,78990.0,105.0,São Paulo (SP)
68098290,TOYOTA,COROLLA,2.0 VVT-IE FLEX XEI DIRECT SHIFT,2022,2022.0,81995.0,Automática,Sedã,123900.0,101.0,São Paulo (SP)
68524086,TOYOTA,COROLLA,2.0 VVT-IE FLEX XEI DIRECT SHIFT,2023,2023.0,65000.0,CVT,Sedã,129990.0,102.0,São Paulo (SP)
67781033,TOYOTA,COROLLA,2.0 VVT-IE FLEX XEI DIRECT SHIFT,2020,2020.0,101.0,Automática,Sedã,127900.0,110.0,São Paulo (SP)
68524707,TOYOTA,COROLLA,1.8 VVT-I HYBRID FLEX ALTIS PREMIUM CVT,2021,2022.0,78000.0,CVT,Sedã,140900.0,104.0,São Paulo (SP)
68754872,TOYOTA,COROLLA,2.0 XEI 16V FLEX 4P AUTOMÁTICO,2015,2015.0,265000.0,Automática,Sedã,81900.0,100.0,São Paulo (SP)
68736063,TOYOTA,COROLLA,2.0 XEI 16V FLEX 4P AUTOMÁTICO,2015,2016.0,104000.0,Automática,Sedã,94900.0,112.0,São Paulo (SP)
67081921,TOYOTA,COROLLA,2.0 VVT-IE FLEX XEI DIRECT SHIFT,2024,2024.0,33000.0,CVT,Sedã,147900.0,104.0,São Paulo (SP)
67843216,TOYOTA,COROLLA,2.0 VVT-IE FLEX XEI DIRECT SHIFT,2024,2024.0,70174.0,Automática,Sedã,135890.0,95.0,São Paulo (SP)
69422262,TOYOTA,COROLLA,2.0 XEI 16V FLEX 4P AUTOMÁTICO,2015,2016.0,123711.0,Automática,Sedã,83990.0,99.0,São Paulo (SP)
68378102,TOYOTA,COROLLA,2.0 XEI 16V FLEX 4P AUTOMÁTICO,2018,2019.0,81000.0,Automática,Sedã,109990.0,107.0,São Paulo (SP)
68183937,TOYOTA,COROLLA,2.0 VVT-IE FLEX XEI DIRECT SHIFT,2024,2024.0,23295.0,Automática,Sedã,149990.0,105.0,São Paulo (SP)
66744789,TOYOTA,COROLLA,2.0 XEI 16V FLEX 4P AUTOMÁTICO,2017,2018.0,190000.0,CVT,Sedã,105990.0,106.0,São Paulo (SP)
69388658,TOYOTA,COROLLA,1.8 XEI 16V FLEX 4P AUTOMÁTICO,2008,2009.0,136900.0,Automática,Sedã,62900.0,117.0,São Paulo (SP)
68512989,TOYOTA,COROLLA,2.0 XEI 16V FLEX 4P AUTOMÁTICO,2012,2012.0,217000.0,Automática,Sedã,66990.0,105.0,São Paulo (SP)
67749251,TOYOTA,COROLLA,2.0 VVT-IE FLEX GLI DIRECT SHIFT,2025,2025.0,18227.0,Automática,Sedã,154790.0,107.0,São Paulo (SP)
69254329,TOYOTA,COROLLA,1.8 GLI 16V FLEX 4P AUTOMÁTICO,2018,2019.0,94000.0,CVT,Sedã,91890.0,105.0,São Paulo (SP)
69129516,TOYOTA,COROLLA,2.0 XEI 16V FLEX 4P AUTOMÁTICO,2014,2015.0,145000.0,Automática,Sedã,85990.0,105.0,São Paulo (SP)
69384675,TOYOTA,COROLLA,2.0 VVT-IE FLEX XEI DIRECT SHIFT,2023,2023.0,60025.0,CVT,Sedã,133700.0,105.0,São Paulo (SP)
69129921,TOYOTA,COROLLA,2.0 VVT-IE FLEX XEI DIRECT SHIFT,2023,2023.0,54410.0,Automática,Sedã,127500.0,100.0,São Paulo (SP)
69259797,TOYOTA,COROLLA,2.0 XEI 16V FLEX 4P AUTOMÁTICO,2016,2017.0,72572.0,Automática,Sedã,92900.0,105.0,São Paulo (SP)
69555783,TOYOTA,COROLLA,2.0 XEI 16V FLEX 4P AUTOMÁTICO,2017,2018.0,85000.0,Automática,Sedã,108900.0,109.0,São Paulo (SP)
69087673,TOYOTA,COROLLA,2.0 VVT-IE FLEX XEI DIRECT SHIFT,2023,2023.0,71300.0,Automática,Sedã,132000.0,103.0,São Paulo (SP)
67978066,TOYOTA,COROLLA,2.0 XEI 16V FLEX 4P AUTOMÁTICO,2019,2019.0,161000.0,CVT,Sedã,103900.0,101.0,São Paulo (SP)
69347635,TOYOTA,COROLLA,2.0 VVT-IE FLEX ALTIS DIRECT SHIFT,2023,2023.0,46000.0,CVT,Sedã,143800.0,100.0,São Paulo (SP)
69554796,TOYOTA,COROLLA,2.0 VVT-IE FLEX XEI DIRECT SHIFT,2023,2023.0,36860.0,CVT,Sedã,126900.0,99.0,São Paulo (SP)
67282833,TOYOTA,COROLLA,2.0 VVT-IE FLEX XEI DIRECT SHIFT,2020,2021.0,90449.0,CVT,Sedã,122900.0,103.0,São Paulo (SP)
69426312,TOYOTA,COROLLA,2.0 XEI 16V FLEX 4P AUTOMÁTICO,2014,2015.0,155101.0,Automática,Sedã,80890.0,99.0,São Paulo (SP)
69373592,TOYOTA,COROLLA,2.0 VVT-IE FLEX GR-S DIRECT SHIFT,2023,2023.0,45364.0,CVT,Sedã,138990.0,100.0,São Paulo (SP)
67034366,TOYOTA,COROLLA,1.8 VVT-I HYBRID FLEX ALTIS CVT,2024,2024.0,66591.0,CVT,Sedã,199950.0,123.0,São Paulo (SP)
67029919,TOYOTA,COROLLA,1.8 VVT-I HYBRID FLEX ALTIS PREMIUM CVT,2026,2026.0,0.0,Automática,Sedã,209010.0,111.0,São Paulo (SP)
69454910,TOYOTA,COROLLA,2.0 XEI 16V FLEX 4P AUTOMÁTICO,2016,2017.0,89553.0,Automática,Sedã,89890.0,102.0,São Paulo (SP)
68230760,TOYOTA,COROLLA,2.0 VVT-IE FLEX XEI DIRECT SHIFT,2025,2025.0,14990.0,Automática,Sedã,159900.0,100.0,São Paulo (SP)
69489568,TOYOTA,COROLLA,2.0 XEI 16V FLEX 4P AUTOMÁTICO,2018,2019.0,21354.0,CVT,Sedã,116900.0,114.0,São Paulo (SP)
69374360,TOYOTA,COROLLA,2.0 XEI 16V FLEX 4P AUTOMÁTICO,2016,2017.0,152800.0,Automática,Sedã,90000.0,102.0,São Paulo (SP)
69203492,TOYOTA,COROLLA,2.0 VVT-IE FLEX ALTIS DIRECT SHIFT,2022,2023.0,46000.0,CVT,Sedã,145000.0,101.0,São Paulo (SP)
69487912,TOYOTA,COROLLA,2.0 VVT-IE FLEX XEI DIRECT SHIFT,2025,2025.0,12400.0,Automática,Sedã,159990.0,100.0,São Paulo (SP)
68732981,TOYOTA,COROLLA,2.0 XEI 16V FLEX 4P AUTOMÁTICO,2018,2018.0,99000.0,CVT,Sedã,104900.0,105.0,São Paulo (SP)
67387315,TOYOTA,COROLLA,2.0 VVT-IE FLEX ALTIS DIRECT SHIFT,2021,2022.0,53749.0,Automática,Sedã,169990.0,125.0,São Paulo (SP)
68083262,TOYOTA,COROLLA,1.8 GLI UPPER 16V FLEX 4P AUTOMÁTICO,2018,2018.0,174524.0,Automática,Sedã,84999.0,99.0,São Paulo (SP)
68611566,TOYOTA,COROLLA,2.0 VVT-IE FLEX GR-S DIRECT SHIFT,2025,2025.0,25000.0,Automática,Sedã,182201.0,104.0,São Paulo (SP)
67341548,TOYOTA,COROLLA,2.0 VVT-IE FLEX GR-S DIRECT SHIFT,2023,2024.0,41590.0,Automática,Sedã,164900.0,103.0,São Paulo (SP)
67478891,TOYOTA,COROLLA,2.0 VVT-IE FLEX XEI DIRECT SHIFT,2023,2023.0,40928.0,Automática,Sedã,138790.0,109.0,São Paulo (SP)
69270221,TOYOTA,COROLLA,2.0 VVT-IE FLEX XEI DIRECT SHIFT,2021,2022.0,25288.0,Automática,Sedã,173900.0,142.0,São Paulo (SP)
67862858,TOYOTA,COROLLA,2.0 VVT-IE FLEX XEI DIRECT SHIFT,2020,2021.0,67100.0,Automática,Sedã,119900.0,100.0,São Paulo (SP)
67749137,TOYOTA,COROLLA,2.0 VVT-IE FLEX XEI DIRECT SHIFT,2020,2021.0,65504.0,Automática,Sedã,125790.0,105.0,São Paulo (SP)
69375231,TOYOTA,COROLLA,1.8 VVT-I HYBRID FLEX ALTIS CVT,2022,2023.0,62000.0,Automática,Sedã,143790.0,101.0,São Paulo (SP)
67960419,TOYOTA,COROLLA,2.0 VVT-IE FLEX XEI DIRECT SHIFT,2020,2021.0,89564.0,Automática,Sedã,122990.0,103.0,São Paulo (SP)
67824254,TOYOTA,COROLLA,2.0 VVT-IE FLEX XEI DIRECT SHIFT,2023,2024.0,42000.0,CVT,Sedã,145900.0,102.0,São Paulo (SP)
66670698,TOYOTA,COROLLA,2.0 VVT-IE FLEX XEI DIRECT SHIFT,2022,2023.0,54456.0,CVT,Sedã,129900.0,102.0,São Paulo (SP)
66325225,TOYOTA,COROLLA,2.0 VVT-IE FLEX XEI DIRECT SHIFT,2020,2021.0,91581.0,Automática,Sedã,124999.0,104.0,São Paulo (SP)
68117203,TOYOTA,COROLLA,2.0 VVT-IE FLEX XEI DIRECT SHIFT,2024,2024.0,46800.0,CVT,Sedã,143900.0,101.0,São Paulo (SP)
69515424,TOYOTA,COROLLA,2.0 VVT-IE FLEX XEI DIRECT SHIFT,2020,2021.0,136713.0,Automática,Sedã,109890.0,92.0,São Paulo (SP)
68114840,TOYOTA,COROLLA,2.0 VVT-IE FLEX XEI DIRECT SHIFT,2022,2023.0,88535.0,Automática,Sedã,128890.0,101.0,São Paulo (SP)
69123316,TOYOTA,COROLLA,2.0 XEI 16V FLEX 4P AUTOMÁTICO,2017,2017.0,93000.0,Automática,Sedã,95890.0,109.0,São Paulo (SP)
67206055,TOYOTA,COROLLA,1.8 XEI 16V GASOLINA 4P MANUAL,2005,2005.0,312426.0,Automática,Sedã,39900.0,111.0,São Paulo (SP)
67450585,TOYOTA,COROLLA,1.8 VVT-I HYBRID FLEX ALTIS PREMIUM CVT,2026,2026.0,0.0,CVT,Sedã,285900.0,152.0,São Paulo (SP)
69451273,TOYOTA,COROLLA,1.8 GLI UPPER 16V FLEX 4P AUTOMÁTICO,2019,2019.0,88000.0,Automática,Sedã,94900.0,107.0,São Paulo (SP)
69236060,TOYOTA,COROLLA,2.0 VVT-IE FLEX GLI DIRECT SHIFT,2025,2025.0,29589.0,Automática,Sedã,139990.0,97.0,São Paulo (SP)
68765803,TOYOTA,COROLLA,2.0 VVT-IE FLEX XEI DIRECT SHIFT,2025,2025.0,38265.0,Automática,Sedã,155990.0,98.0,São Paulo (SP)
67748724,TOYOTA,COROLLA,2.0 XEI 16V FLEX 4P AUTOMÁTICO,2013,2013.0,164000.0,Automática,Sedã,71900.0,108.0,São Paulo (SP)
68862735,TOYOTA,COROLLA,2.0 VVT-IE FLEX XEI DIRECT SHIFT,2020,2021.0,122000.0,CVT,Sedã,125900.0,105.0,São Paulo (SP)
69212669,TOYOTA,COROLLA,2.0 VVT-IE FLEX XEI DIRECT SHIFT,2019,2020.0,70000.0,CVT,Sedã,119900.0,103.0,São Paulo (SP)
69150817,TOYOTA,COROLLA,1.8 GLI 16V FLEX 4P AUTOMÁTICO,2018,2018.0,87000.0,Automática,Sedã,89000.0,104.0,São Paulo (SP)
67893097,TOYOTA,COROLLA,2.0 XEI 16V FLEX 4P AUTOMÁTICO,2013,2014.0,129719.0,Automática,Sedã,72900.0,104.0,São Paulo (SP)
67943861,TOYOTA,COROLLA,1.8 VVT-I HYBRID FLEX ALTIS PREMIUM CVT,2026,2026.0,0.0,Automática,Sedã,302900.0,161.0,São Paulo (SP)
68895090,TOYOTA,COROLLA,1.8 VVT-I HYBRID FLEX ALTIS PREMIUM CVT,2022,2023.0,63000.0,CVT,Sedã,149990.0,104.0,São Paulo (SP)
67851987,TOYOTA,COROLLA,2.0 VVT-IE FLEX XEI DIRECT SHIFT,2021,2022.0,83000.0,Automática,Sedã,124900.0,102.0,São Paulo (SP)
69235287,TOYOTA,COROLLA,2.0 VVT-IE FLEX GR-S DIRECT SHIFT,2022,2023.0,39000.0,CVT,Sedã,141990.0,103.0,São Paulo (SP)
62597703,TOYOTA,COROLLA,2.0 XEI 16V FLEX 4P AUTOMÁTICO,2019,2019.0,113198.0,CVT,Sedã,109900.0,107.0,São Paulo (SP)
69419503,TOYOTA,COROLLA,1.8 VVT-I HYBRID FLEX ALTIS PREMIUM CVT,2022,2023.0,97000.0,CVT,Sedã,138900.0,96.0,São Paulo (SP)
69270269,TOYOTA,COROLLA,2.0 VVT-IE FLEX XEI DIRECT SHIFT,2021,2022.0,25288.0,Automática,Sedã,173900.0,142.0,São Paulo (SP)
61484149,TOYOTA,COROLLA,2.0 VVT-IE FLEX XEI DIRECT SHIFT,2021,2022.0,44000.0,Automática,Sedã,129890.0,106.0,São Paulo (SP)
44748522,TOYOTA,COROLLA,2.0 ALTIS 16V FLEX 4P AUTOMÁTICO,2017,2018.0,97417.0,Automática,Sedã,111990.0,109.0,São Paulo (SP)
68611663,TOYOTA,COROLLA,2.0 VVT-IE FLEX GR-S DIRECT SHIFT,2025,2025.0,25000.0,Automática,Sedã,182201.0,104.0,São Paulo (SP)
69113524,TOYOTA,COROLLA,1.8 VVT-I HYBRID FLEX ALTIS PREMIUM CVT,2021,2022.0,75123.0,CVT,Sedã,139900.0,104.0,São Paulo (SP)
69499200,TOYOTA,COROLLA,2.0 VVT-IE FLEX GR-S DIRECT SHIFT,2021,2022.0,51500.0,CVT,Sedã,135800.0,106.0,São Paulo (SP)
68621609,TOYOTA,COROLLA,1.8 VVT-I HYBRID FLEX ALTIS PREMIUM CVT,2022,2023.0,88063.0,Automática,Sedã,147890.0,102.0,São Paulo (SP)
64944748,TOYOTA,COROLLA,2.0 VVT-IE FLEX XEI DIRECT SHIFT,2019,2020.0,134000.0,Automática,Sedã,118000.0,101.0,São Paulo (SP)
69369543,TOYOTA,COROLLA,1.8 VVT-I HYBRID FLEX ALTIS CVT,2022,2023.0,86400.0,Automática,Sedã,141800.0,100.0,São Paulo (SP)
66167726,TOYOTA,COROLLA,2.0 VVT-IE FLEX XEI DIRECT SHIFT,2026,2026.0,0.0,CVT,Sedã,174900.0,106.0,São Paulo (SP)
67531250,TOYOTA,COROLLA,1.8 VVT-I HYBRID FLEX ALTIS PREMIUM CVT,2026,2026.0,0.0,CVT,Sedã,204900.0,109.0,São Paulo (SP)
68852169,TOYOTA,COROLLA,2.0 XEI 16V FLEX 4P AUTOMÁTICO,2016,2017.0,123000.0,Automática,Sedã,89900.0,102.0,São Paulo (SP)
67749133,TOYOTA,COROLLA,2.0 VVT-IE FLEX XEI DIRECT SHIFT,2020,2021.0,81000.0,Automática,Sedã,121790.0,102.0,São Paulo (SP)
69423157,TOYOTA,COROLLA,2.0 XEI 16V FLEX 4P AUTOMÁTICO,2017,2018.0,120170.0,Automática,Sedã,108900.0,109.0,São Paulo (SP)
66999277,TOYOTA,COROLLA,2.0 VVT-IE FLEX GLI DIRECT SHIFT,2024,2024.0,21699.0,Automática,Sedã,135000.0,107.0,São Paulo (SP)
67829331,TOYOTA,COROLLA,2.0 VVT-IE FLEX GLI DIRECT SHIFT,2024,2024.0,33782.0,Automática,Sedã,133100.0,106.0,São Paulo (SP)
66827027,TOYOTA,COROLLA,2.0 XEI 16V FLEX 4P AUTOMÁTICO,2016,2017.0,138000.0,Automática,Sedã,93990.0,107.0,São Paulo (SP)
67868674,TOYOTA,COROLLA,2.0 VVT-IE FLEX GR-S DIRECT SHIFT,2026,2026.0,0.0,Automática,Sedã,202890.0,111.0,São Paulo (SP)
67583886,TOYOTA,COROLLA,2.0 VVT-IE FLEX XEI DIRECT SHIFT,2021,2022.0,105000.0,Automática,Sedã,127900.0,104.0,São Paulo (SP)
69432011,TOYOTA,COROLLA,1.8 VVT-I HYBRID FLEX ALTIS PREMIUM CVT,2023,2024.0,104137.0,Automática,Sedã,159133.0,96.0,São Paulo (SP)
67695418,TOYOTA,COROLLA,2.0 VVT-IE FLEX XEI DIRECT SHIFT,2024,2024.0,54848.0,Automática,Sedã,139400.0,98.0,São Paulo (SP)
69368752,TOYOTA,COROLLA,1.8 GLI 16V FLEX 4P AUTOMÁTICO,2013,2014.0,114000.0,Automática,Sedã,69900.0,108.0,São Paulo (SP)
66842356,TOYOTA,COROLLA,2.0 VVT-IE FLEX XEI DIRECT SHIFT,2019,2020.0,72000.0,Automática,Sedã,122990.0,105.0,São Paulo (SP)
69501644,TOYOTA,COROLLA,2.0 VVT-IE FLEX XEI DIRECT SHIFT,2023,2023.0,29000.0,Automática,Sedã,129900.0,102.0,São Paulo (SP)
68497339,TOYOTA,COROLLA,2.0 VVT-IE FLEX GLI DIRECT SHIFT,2023,2023.0,90000.0,CVT,Sedã,133990.0,113.0,São Paulo (SP)
69428592,TOYOTA,COROLLA,2.0 VVT-IE FLEX XEI DIRECT SHIFT,2022,2023.0,34000.0,Automática,Sedã,127890.0,100.0,São Paulo (SP)
69346450,TOYOTA,COROLLA,1.8 GLI UPPER 16V FLEX 4P AUTOMÁTICO,2018,2019.0,84902.0,Automática,Sedã,88900.0,100.0,São Paulo (SP)
69451369,TOYOTA,COROLLA,2.0 XEI 16V FLEX 4P AUTOMÁTICO,2014,2015.0,90340.0,Automática,Sedã,94900.0,116.0,São Paulo (SP)
69425853,TOYOTA,COROLLA,1.8 VVT-I HYBRID FLEX ALTIS PREMIUM CVT,2021,2022.0,112382.0,CVT,Sedã,133900.0,99.0,São Paulo (SP)
68392004,TOYOTA,COROLLA,2.0 XEI 16V FLEX 4P AUTOMÁTICO,2015,2016.0,130017.0,Automática,Sedã,89900.0,106.0,São Paulo (SP)
68881619,TOYOTA,COROLLA,1.8 VVT-I HYBRID FLEX ALTIS PREMIUM CVT,2022,2023.0,57617.0,CVT,Sedã,138990.0,96.0,São Paulo (SP)
66762692,TOYOTA,COROLLA,2.0 VVT-IE FLEX XEI DIRECT SHIFT,2021,2022.0,71435.0,Automática,Sedã,127900.0,104.0,São Paulo (SP)
66637371,TOYOTA,COROLLA,2.0 VVT-IE FLEX XEI DIRECT SHIFT,2022,2023.0,63000.0,Automática,Sedã,129900.0,102.0,São Paulo (SP)
69339974,TOYOTA,COROLLA,2.0 VVT-IE FLEX XEI DIRECT SHIFT,2020,2021.0,89589.0,Automática,Sedã,119900.0,100.0,São Paulo (SP)
68648928,TOYOTA,COROLLA,2.0 VVT-IE FLEX XEI DIRECT SHIFT,2023,2023.0,52900.0,Automática,Sedã,128990.0,101.0,São Paulo (SP)
67960206,TOYOTA,COROLLA,2.0 XEI 16V FLEX 4P AUTOMÁTICO,2019,2019.0,101615.0,Automática,Sedã,107900.0,105.0,São Paulo (SP)
67941857,TOYOTA,COROLLA,1.8 VVT-I HYBRID FLEX ALTIS PREMIUM CVT,2025,2026.0,6200.0,CVT,Sedã,199900.0,106.0,São Paulo (SP)
69344462,TOYOTA,COROLLA,1.8 XEI 16V GASOLINA 4P MANUAL,2004,2005.0,167391.0,Manual,Sedã,42900.0,119.0,São Paulo (SP)
68771859,TOYOTA,COROLLA,2.0 XEI 16V FLEX 4P AUTOMÁTICO,2017,2018.0,97051.0,Automática,Sedã,104900.0,105.0,São Paulo (SP)
67759383,TOYOTA,COROLLA,2.0 VVT-IE FLEX XEI DIRECT SHIFT,2021,2022.0,78658.0,CVT,Sedã,123990.0,101.0,São Paulo (SP)
67580442,TOYOTA,COROLLA,2.0 VVT-IE FLEX XEI DIRECT SHIFT,2023,2024.0,52814.0,Automática,Sedã,148499.0,104.0,São Paulo (SP)
64589129,TOYOTA,COROLLA,1.8 VVT-I HYBRID FLEX ALTIS PREMIUM CVT,2025,2026.0,0.0,CVT,Sedã,208990.0,111.0,São Paulo (SP)
67241877,TOYOTA,COROLLA,2.0 VVT-IE FLEX XEI DIRECT SHIFT,2022,2023.0,83565.0,Automática,Sedã,129900.0,102.0,São Paulo (SP)
67353379,TOYOTA,COROLLA,2.0 VVT-IE FLEX XEI DIRECT SHIFT,2023,2023.0,81000.0,Automática,Sedã,129990.0,102.0,São Paulo (SP)
68099433,TOYOTA,COROLLA,2.0 XEI 16V FLEX 4P AUTOMÁTICO,2019,2019.0,127000.0,Automática,Sedã,109990.0,107.0,São Paulo (SP)
67961925,TOYOTA,COROLLA,2.0 VVT-IE FLEX XEI DIRECT SHIFT,2026,2026.0,0.0,Automática,Sedã,177320.0,108.0,São Paulo (SP)
67839091,TOYOTA,COROLLA,2.0 VVT-IE FLEX GR-S DIRECT SHIFT,2024,2024.0,60000.0,CVT,Sedã,165000.0,103.0,São Paulo (SP)
67088851,TOYOTA,COROLLA,2.0 VVT-IE FLEX XEI DIRECT SHIFT,2022,2023.0,58000.0,Automática,Sedã,128900.0,101.0,São Paulo (SP)
65981460,TOYOTA,COROLLA,2.0 VVT-IE FLEX XEI DIRECT SHIFT,2021,2022.0,34313.0,Automática,Sedã,134790.0,110.0,São Paulo (SP)
68731301,TOYOTA,COROLLA,2.0 VVT-IE FLEX XEI DIRECT SHIFT,2023,2024.0,69316.0,CVT,Sedã,141900.0,99.0,São Paulo (SP)
69346455,TOYOTA,COROLLA,1.8 VVT-I HYBRID FLEX ALTIS PREMIUM CVT,2024,2024.0,7500.0,Automática,Sedã,169900.0,103.0,São Paulo (SP)
69308954,TOYOTA,COROLLA,2.0 VVT-IE FLEX XEI DIRECT SHIFT,2022,2023.0,48353.0,Automática,Sedã,135890.0,106.0,São Paulo (SP)
69361709,TOYOTA,COROLLA,1.8 GLI 16V FLEX 4P AUTOMÁTICO,2016,2016.0,111711.0,Automática,Sedã,79890.0,102.0,São Paulo (SP)
69216806,TOYOTA,COROLLA,2.0 VVT-IE FLEX XEI DIRECT SHIFT,2022,2023.0,37517.0,Automática,Sedã,129900.0,102.0,São Paulo (SP)
69120560,TOYOTA,COROLLA,1.8 GLI 16V FLEX 4P AUTOMÁTICO,2016,2017.0,112000.0,Automática,Sedã,81980.0,101.0,São Paulo (SP)
69234888,TOYOTA,COROLLA,1.8 VVT-I HYBRID FLEX ALTIS CVT,2021,2021.0,80651.0,CVT,Sedã,128300.0,101.0,São Paulo (SP)
63160736,TOYOTA,COROLLA,2.0 XEI 16V FLEX 4P AUTOMÁTICO,2015,2015.0,170000.0,Automática,Sedã,84900.0,104.0,São Paulo (SP)
68905293,TOYOTA,COROLLA,2.0 VVT-IE FLEX XEI DIRECT SHIFT,2023,2023.0,72679.0,Automática,Sedã,124990.0,98.0,São Paulo (SP)
69423642,TOYOTA,COROLLA,2.0 VVT-IE FLEX XEI DIRECT SHIFT,2023,2024.0,32000.0,CVT,Sedã,146990.0,103.0,São Paulo (SP)
69435806,TOYOTA,COROLLA,2.0 VVT-IE FLEX XEI DIRECT SHIFT,2023,2023.0,42200.0,CVT,Sedã,127980.0,100.0,São Paulo (SP)
68976262,TOYOTA,COROLLA,2.0 XEI 16V FLEX 4P AUTOMÁTICO,2015,2016.0,150600.0,Automática,Sedã,89900.0,106.0,São Paulo (SP)
68855985,TOYOTA,COROLLA,2.0 VVT-IE FLEX ALTIS DIRECT SHIFT,2021,2022.0,70000.0,Automática,Sedã,137900.0,101.0,São Paulo (SP)
67405898,TOYOTA,COROLLA,2.0 VVT-IE FLEX XEI DIRECT SHIFT,2021,2021.0,81628.0,Automática,Sedã,120900.0,101.0,São Paulo (SP)
67749247,TOYOTA,COROLLA,2.0 VVT-IE FLEX GLI DIRECT SHIFT,2025,2025.0,18227.0,Automática,Sedã,154790.0,107.0,São Paulo (SP)
66684262,TOYOTA,COROLLA,2.0 VVT-IE FLEX XEI DIRECT SHIFT,2026,2026.0,0.0,Automática,Sedã,270000.0,164.0,São Paulo (SP)
67781472,TOYOTA,COROLLA,2.0 XEI 16V FLEX 4P AUTOMÁTICO,2019,2019.0,87000.0,Automática,Sedã,115900.0,113.0,São Paulo (SP)
68231665,TOYOTA,COROLLA,1.8 VVT-I HYBRID FLEX ALTIS PREMIUM CVT,2024,2024.0,73000.0,CVT,Sedã,165900.0,100.0,São Paulo (SP)
67095382,TOYOTA,COROLLA,2.0 VVT-IE FLEX XEI DIRECT SHIFT,2021,2022.0,87280.0,Automática,Sedã,122900.0,100.0,São Paulo (SP)
66827497,TOYOTA,COROLLA,1.8 VVT-I HYBRID FLEX ALTIS PREMIUM CVT,2022,2023.0,65000.0,CVT,Sedã,148900.0,103.0,São Paulo (SP)
69343720,TOYOTA,COROLLA,2.0 VVT-IE FLEX XEI DIRECT SHIFT,2021,2022.0,126459.0,Automática,Sedã,114990.0,94.0,São Paulo (SP)
68479339,TOYOTA,COROLLA,2.0 VVT-IE FLEX GLI DIRECT SHIFT,2025,2025.0,17163.0,Automática,Sedã,146900.0,102.0,São Paulo (SP)
67866750,TOYOTA,COROLLA,2.0 VVT-IE FLEX XEI DIRECT SHIFT,2022,2023.0,43000.0,Automática,Sedã,132900.0,104.0,São Paulo (SP)
64589092,TOYOTA,COROLLA,2.0 VVT-IE FLEX ALTIS DIRECT SHIFT,2021,2022.0,84000.0,Automática,Sedã,139990.0,103.0,São Paulo (SP)
68112529,TOYOTA,COROLLA,2.0 VVT-IE FLEX XEI DIRECT SHIFT,2023,2024.0,30467.0,Automática,Sedã,149900.0,105.0,São Paulo (SP)
69447444,TOYOTA,COROLLA,1.8 GLI 16V FLEX 4P AUTOMÁTICO,2017,2018.0,92300.0,Automática,Sedã,85800.0,101.0,São Paulo (SP)
69560525,TOYOTA,COROLLA,2.0 XEI 16V FLEX 4P AUTOMÁTICO,2019,2019.0,84214.0,Automática,Sedã,99900.0,97.0,São Paulo (SP)
69417948,TOYOTA,COROLLA,2.0 XEI 16V FLEX 4P AUTOMÁTICO,2016,2017.0,102000.0,Automática,Sedã,87900.0,100.0,São Paulo (SP)
69248360,TOYOTA,COROLLA,2.0 XEI 16V FLEX 4P AUTOMÁTICO,2016,2016.0,108000.0,Automática,Sedã,89900.0,106.0,São Paulo (SP)
68074330,TOYOTA,COROLLA,2.0 XEI 16V FLEX 4P AUTOMÁTICO,2014,2015.0,103881.0,Automática,Sedã,88000.0,107.0,São Paulo (SP)
67280860,TOYOTA,COROLLA,1.8 VVT-I HYBRID FLEX ALTIS PREMIUM CVT,2026,2026.0,0.0,CVT,Sedã,273950.0,145.0,São Paulo (SP)
67447091,TOYOTA,COROLLA,2.0 VVT-IE FLEX XEI DIRECT SHIFT,2022,2023.0,73000.0,Automática,Sedã,128900.0,101.0,São Paulo (SP)
69498622,TOYOTA,COROLLA,1.8 XEI 16V GASOLINA 4P AUTOMÁTICO,2007,2007.0,238000.0,Automática,Sedã,42999.0,105.0,São Paulo (SP)
68391515,TOYOTA,COROLLA,2.0 VVT-IE FLEX XEI DIRECT SHIFT,2020,2020.0,60000.0,CVT,Sedã,118900.0,102.0,São Paulo (SP)
69552890,TOYOTA,COROLLA,2.0 VVT-IE FLEX XEI DIRECT SHIFT,2022,2023.0,39000.0,CVT,Sedã,132900.0,104.0,São Paulo (SP)
69333853,TOYOTA,COROLLA,2.0 VVT-IE FLEX XEI DIRECT SHIFT,2020,2021.0,65000.0,CVT,Sedã,120990.0,101.0,São Paulo (SP)
68874325,TOYOTA,COROLLA,2.0 XEI 16V FLEX 4P AUTOMÁTICO,2014,2015.0,129000.0,Automática,Sedã,82900.0,101.0,São Paulo (SP)
69075112,TOYOTA,COROLLA,1.8 VVT-I HYBRID FLEX ALTIS PREMIUM CVT,2021,2022.0,76721.0,CVT,Sedã,134990.0,100.0,São Paulo (SP)
68882672,TOYOTA,COROLLA,1.8 VVT-I HYBRID FLEX ALTIS PREMIUM CVT,2022,2023.0,57617.0,CVT,Sedã,138990.0,96.0,São Paulo (SP)
69553511,TOYOTA,COROLLA,2.0 VVT-IE FLEX ALTIS PREMIUM DIRECT SHIFT,2025,2025.0,28300.0,Automática,Sedã,175900.0,99.0,São Paulo (SP)
69379910,TOYOTA,COROLLA,1.8 GLI 16V FLEX 4P AUTOMÁTICO,2018,2018.0,156628.0,Automática,Sedã,83890.0,98.0,São Paulo (SP)
69445746,TOYOTA,COROLLA,2.0 XEI 16V FLEX 4P AUTOMÁTICO,2010,2011.0,236000.0,Automática,Sedã,64900.0,111.0,São Paulo (SP)
68659080,TOYOTA,COROLLA,2.0 VVT-IE FLEX ALTIS DIRECT SHIFT,2023,2024.0,67570.0,Automática,Sedã,163790.0,100.0,São Paulo (SP)
67631998,TOYOTA,COROLLA,2.0 VVT-IE FLEX XEI DIRECT SHIFT,2023,2024.0,52000.0,CVT,Sedã,148000.0,104.0,São Paulo (SP)
69342185,TOYOTA,COROLLA,2.0 VVT-IE FLEX XEI DIRECT SHIFT,2023,2023.0,50000.0,Automática,Sedã,129000.0,101.0,São Paulo (SP)
65814960,TOYOTA,COROLLA,2.0 VVT-IE FLEX XEI DIRECT SHIFT,2021,2022.0,79861.0,Automática,Sedã,127900.0,104.0,São Paulo (SP)
67581820,TOYOTA,COROLLA,2.0 VVT-IE FLEX XEI DIRECT SHIFT,2022,2023.0,76000.0,CVT,Sedã,134900.0,106.0,São Paulo (SP)
68789853,TOYOTA,COROLLA,1.8 XEI 16V FLEX 4P AUTOMÁTICO,2009,2009.0,101.0,Automática,Sedã,63900.0,119.0,São Paulo (SP)
67034367,TOYOTA,COROLLA,1.8 VVT-I HYBRID FLEX ALTIS CVT,2024,2024.0,66591.0,CVT,Sedã,199950.0,123.0,São Paulo (SP)
68889800,TOYOTA,COROLLA,2.0 VVT-IE FLEX GLI DIRECT SHIFT,2022,2023.0,53240.0,CVT,Sedã,119870.0,101.0,São Paulo (SP)
68906948,TOYOTA,COROLLA,2.0 VVT-IE FLEX XEI DIRECT SHIFT,2023,2023.0,74000.0,CVT,Sedã,129900.0,102.0,São Paulo (SP)
69488717,TOYOTA,COROLLA,2.0 VVT-IE FLEX XEI DIRECT SHIFT,2021,2022.0,101124.0,Automática,Sedã,121990.0,99.0,São Paulo (SP)
69426611,TOYOTA,COROLLA,2.0 VVT-IE FLEX ALTIS DIRECT SHIFT,2020,2021.0,107587.0,Automática,Sedã,127000.0,97.0,São Paulo (SP)
69422449,TOYOTA,COROLLA,1.8 VVT-I HYBRID FLEX ALTIS CVT,2022,2023.0,41200.0,CVT,Sedã,143800.0,101.0,São Paulo (SP)
66167717,TOYOTA,COROLLA,2.0 VVT-IE FLEX XEI DIRECT SHIFT,2026,2026.0,0.0,CVT,Sedã,254900.0,155.0,São Paulo (SP)
67669684,TOYOTA,COROLLA,1.8 GLI 16V FLEX 4P AUTOMÁTICO,2015,2016.0,135000.0,Automática,Sedã,89990.0,115.0,São Paulo (SP)
67975094,TOYOTA,COROLLA,2.0 VVT-IE FLEX XEI DIRECT SHIFT,2025,2025.0,45000.0,CVT,Sedã,162900.0,102.0,São Paulo (SP)
67566151,TOYOTA,COROLLA,2.0 VVT-IE FLEX XEI DIRECT SHIFT,2020,2021.0,98466.0,Automática,Sedã,123900.0,103.0,São Paulo (SP)
69358880,TOYOTA,COROLLA,1.8 VVT-I HYBRID FLEX ALTIS CVT,2019,2020.0,106391.0,Automática,Sedã,122900.0,100.0,São Paulo (SP)
68609120,TOYOTA,COROLLA,2.0 VVT-IE FLEX GR-S DIRECT SHIFT,2025,2025.0,25000.0,Automática,Sedã,182201.0,104.0,São Paulo (SP)
67394988,TOYOTA,COROLLA,2.0 VVT-IE FLEX XEI DIRECT SHIFT,2025,2026.0,13778.0,Automática,Sedã,180900.0,110.0,São Paulo (SP)
67280856,TOYOTA,COROLLA,2.0 VVT-IE FLEX XEI DIRECT SHIFT,2025,2026.0,0.0,CVT,Sedã,241900.0,147.0,São Paulo (SP)
66675051,TOYOTA,COROLLA,2.0 VVT-IE FLEX XEI DIRECT SHIFT,2022,2023.0,59800.0,Automática,Sedã,134900.0,106.0,São Paulo (SP)
67579101,TOYOTA,COROLLA,2.0 VVT-IE FLEX XEI DIRECT SHIFT,2022,2023.0,65000.0,CVT,Sedã,129900.0,102.0,São Paulo (SP)
68980807,TOYOTA,COROLLA,1.8 VVT-I HYBRID FLEX ALTIS PREMIUM CVT,2026,2026.0,0.0,Automática,Sedã,199980.0,106.0,São Paulo (SP)
68626864,TOYOTA,COROLLA,1.8 VVT-I HYBRID FLEX ALTIS PREMIUM CVT,2025,2025.0,2650.0,Automática,Sedã,189900.0,106.0,São Paulo (SP)
68758454,TOYOTA,COROLLA,2.0 VVT-IE FLEX XEI DIRECT SHIFT,2022,2023.0,37000.0,Automática,Sedã,135900.0,106.0,São Paulo (SP)
68619964,TOYOTA,COROLLA,2.0 VVT-IE FLEX XEI DIRECT SHIFT,2021,2022.0,48000.0,Automática,Sedã,129900.0,106.0,São Paulo (SP)
67312757,TOYOTA,COROLLA,2.0 VVT-IE FLEX XEI DIRECT SHIFT,2023,2024.0,45054.0,CVT,Sedã,145900.0,102.0,São Paulo (SP)
66752356,TOYOTA,COROLLA,2.0 VVT-IE FLEX XEI DIRECT SHIFT,2022,2022.0,106014.0,Automática,Sedã,125900.0,102.0,São Paulo (SP)
67280945,TOYOTA,COROLLA,1.8 VVT-I HYBRID FLEX ALTIS PREMIUM CVT,2025,2026.0,0.0,CVT,Sedã,267900.0,142.0,São Paulo (SP)
68880478,TOYOTA,COROLLA,2.0 VVT-IE FLEX XEI DIRECT SHIFT,2019,2020.0,79409.0,Automática,Sedã,112990.0,97.0,São Paulo (SP)
68880465,TOYOTA,COROLLA,2.0 VVT-IE FLEX XEI DIRECT SHIFT,2019,2020.0,79409.0,Automática,Sedã,112990.0,97.0,São Paulo (SP)
65914953,TOYOTA,COROLLA,2.0 VVT-IE FLEX XEI DIRECT SHIFT,2023,2023.0,75991.0,Automática,Sedã,126900.0,99.0,São Paulo (SP)
69227604,TOYOTA,COROLLA,2.0 VVT-IE FLEX GR-S DIRECT SHIFT,2023,2024.0,38000.0,Automática,Sedã,169900.0,106.0,São Paulo (SP)
63206422,TOYOTA,COROLLA,1.8 GLI 16V FLEX 4P AUTOMÁTICO,2015,2016.0,169988.0,Automática,Sedã,82900.0,106.0,São Paulo (SP)
67207280,TOYOTA,COROLLA,2.0 VVT-IE FLEX ALTIS PREMIUM DIRECT SHIFT,2026,2026.0,0.0,CVT,Sedã,276000.0,146.0,São Paulo (SP)
67207100,TOYOTA,COROLLA,2.0 VVT-IE FLEX ALTIS PREMIUM DIRECT SHIFT,2026,2026.0,0.0,CVT,Sedã,276000.0,146.0,São Paulo (SP)
65804630,TOYOTA,COROLLA,2.0 VVT-IE FLEX ALTIS PREMIUM DIRECT SHIFT,2025,2026.0,0.0,CVT,Sedã,261900.0,139.0,São Paulo (SP)
68536915,TOYOTA,COROLLA,2.0 XEI 16V FLEX 4P AUTOMÁTICO,2018,2018.0,128125.0,Automática,Sedã,107790.0,108.0,São Paulo (SP)
68240835,TOYOTA,COROLLA,1.8 GLI UPPER 16V FLEX 4P AUTOMÁTICO,2019,2019.0,160000.0,Automática,Sedã,89890.0,101.0,São Paulo (SP)
68080927,TOYOTA,COROLLA,2.0 VVT-IE FLEX XEI DIRECT SHIFT,2022,2023.0,92000.0,CVT,Sedã,129900.0,102.0,São Paulo (SP)
67804297,TOYOTA,COROLLA,2.0 XEI 16V FLEX 4P AUTOMÁTICO,2019,2019.0,116448.0,Automática,Sedã,103900.0,101.0,São Paulo (SP)
68859356,TOYOTA,COROLLA,2.0 XRS 16V FLEX 4P AUTOMÁTICO,2017,2018.0,100.0,CVT,Sedã,106990.0,108.0,São Paulo (SP)
67578947,TOYOTA,COROLLA,1.8 GLI UPPER 16V FLEX 4P AUTOMÁTICO,2018,2018.0,133000.0,Automática,Sedã,92900.0,108.0,São Paulo (SP)
67893077,TOYOTA,COROLLA,2.0 VVT-IE FLEX GR-S DIRECT SHIFT,2021,2022.0,67300.0,Automática,Sedã,174900.0,137.0,São Paulo (SP)
68911193,TOYOTA,COROLLA,2.0 XEI 16V FLEX 4P AUTOMÁTICO,2018,2018.0,103362.0,Automática,Sedã,99900.0,100.0,São Paulo (SP)
68635021,TOYOTA,COROLLA,2.0 XEI 16V FLEX 4P AUTOMÁTICO,2017,2018.0,118785.0,Automática,Sedã,103900.0,104.0,São Paulo (SP)
69503910,TOYOTA,COROLLA,2.0 XEI 16V FLEX 4P AUTOMÁTICO,2014,2015.0,155800.0,Automática,Sedã,89900.0,110.0,São Paulo (SP)
69454060,TOYOTA,COROLLA,2.0 XEI 16V FLEX 4P AUTOMÁTICO,2012,2013.0,170000.0,Automática,Sedã,71900.0,108.0,São Paulo (SP)
69499124,TOYOTA,COROLLA,2.0 VVT-IE FLEX XEI DIRECT SHIFT,2020,2020.0,50500.0,CVT,Sedã,122000.0,105.0,São Paulo (SP)
69222323,TOYOTA,COROLLA,2.0 VVT-IE FLEX XEI DIRECT SHIFT,2019,2020.0,70000.0,CVT,Sedã,119900.0,103.0,São Paulo (SP)
68975759,TOYOTA,COROLLA,2.0 XEI 16V FLEX 4P AUTOMÁTICO,2019,2019.0,85000.0,CVT,Sedã,105890.0,103.0,São Paulo (SP)
68887870,TOYOTA,COROLLA,2.0 XEI 16V FLEX 4P AUTOMÁTICO,2016,2017.0,62000.0,Automática,Sedã,99790.0,113.0,São Paulo (SP)
67846624,TOYOTA,COROLLA,2.0 VVT-IE FLEX GR-S DIRECT SHIFT,2023,2024.0,62112.0,Automática,Sedã,159900.0,100.0,São Paulo (SP)
69255971,TOYOTA,COROLLA,2.0 XEI 16V FLEX 4P AUTOMÁTICO,2012,2013.0,224555.0,Automática,Sedã,60900.0,92.0,São Paulo (SP)
68509805,TOYOTA,COROLLA,2.0 VVT-IE FLEX XEI DIRECT SHIFT,2023,2023.0,52900.0,Automática,Sedã,128990.0,101.0,São Paulo (SP)
68789494,TOYOTA,COROLLA,1.8 XEI 16V FLEX 4P AUTOMÁTICO,2009,2009.0,101.0,Automática,Sedã,63900.0,119.0,São Paulo (SP)
69445269,TOYOTA,COROLLA,1.8 GLI 16V FLEX 4P AUTOMÁTICO,2014,2015.0,200562.0,Automática,Sedã,77900.0,103.0,São Paulo (SP)
69088800,TOYOTA,COROLLA,1.8 GLI UPPER 16V FLEX 4P AUTOMÁTICO,2018,2019.0,118300.0,CVT,Sedã,92990.0,105.0,São Paulo (SP)
68810983,TOYOTA,COROLLA,2.0 XEI 16V FLEX 4P AUTOMÁTICO,2019,2019.0,123456.0,Automática,Sedã,103900.0,101.0,São Paulo (SP)
68850972,TOYOTA,COROLLA,1.8 VVT-I HYBRID FLEX ALTIS PREMIUM CVT,2026,2026.0,0.0,CVT,Sedã,194999.0,103.0,São Paulo (SP)
68386206,TOYOTA,COROLLA,2.0 VVT-IE FLEX XEI DIRECT SHIFT,2021,2022.0,108475.0,Automática,Sedã,126000.0,103.0,São Paulo (SP)
69334502,TOYOTA,COROLLA,1.8 XEI 16V FLEX 4P AUTOMÁTICO,2009,2009.0,292000.0,Automática,Sedã,57900.0,108.0,São Paulo (SP)
69354656,TOYOTA,COROLLA,2.0 XEI 16V FLEX 4P AUTOMÁTICO,2013,2014.0,149756.0,Automática,Sedã,73900.0,106.0,São Paulo (SP)
66955604,TOYOTA,COROLLA,1.8 VVT-I HYBRID FLEX ALTIS PREMIUM CVT,2022,2023.0,79700.0,CVT,Sedã,145900.0,101.0,São Paulo (SP)
69368084,TOYOTA,COROLLA,1.8 VVT-I HYBRID FLEX ALTIS PREMIUM CVT,2026,2026.0,0.0,CVT,Sedã,196900.0,104.0,São Paulo (SP)
67807080,TOYOTA,COROLLA,2.0 VVT-IE FLEX GR-S DIRECT SHIFT,2024,2024.0,60000.0,Automática,Sedã,164990.0,103.0,São Paulo (SP)
69443740,TOYOTA,COROLLA,2.0 VVT-IE FLEX XEI DIRECT SHIFT,2024,2024.0,22373.0,CVT,Sedã,198000.0,139.0,São Paulo (SP)
69136613,TOYOTA,COROLLA,1.8 GLI 16V FLEX 4P AUTOMÁTICO,2016,2017.0,111000.0,Automática,Sedã,91990.0,113.0,São Paulo (SP)
68104346,TOYOTA,COROLLA,1.8 GLI 16V FLEX 4P AUTOMÁTICO,2016,2017.0,111000.0,Automática,Sedã,89990.0,111.0,São Paulo (SP)
68613354,TOYOTA,COROLLA,2.0 VVT-IE FLEX GR-S DIRECT SHIFT,2025,2025.0,25000.0,Automática,Sedã,182201.0,104.0,São Paulo (SP)
67762760,TOYOTA,COROLLA,2.0 VVT-IE FLEX XEI DIRECT SHIFT,2021,2021.0,70000.0,Automática,Sedã,124000.0,103.0,São Paulo (SP)
67281318,TOYOTA,COROLLA,2.0 VVT-IE FLEX XEI DIRECT SHIFT,2025,2025.0,0.0,CVT,Sedã,239890.0,150.0,São Paulo (SP)
69435551,TOYOTA,COROLLA,2.0 VVT-IE FLEX XEI DIRECT SHIFT,2023,2023.0,29970.0,Automática,Sedã,128700.0,101.0,São Paulo (SP)
66439205,TOYOTA,COROLLA,1.8 GLI 16V FLEX 4P AUTOMÁTICO,2014,2015.0,183236.0,Automática,Sedã,84990.0,113.0,São Paulo (SP)
69250712,TOYOTA,COROLLA,2.0 VVT-IE FLEX XEI DIRECT SHIFT,2022,2023.0,69350.0,CVT,Sedã,121400.0,95.0,São Paulo (SP)
68230196,TOYOTA,COROLLA,2.0 VVT-IE FLEX XEI DIRECT SHIFT,2022,2023.0,67500.0,Automática,Sedã,134900.0,106.0,São Paulo (SP)
69379990,TOYOTA,COROLLA,1.8 GLI 16V FLEX 4P AUTOMÁTICO,2018,2018.0,156628.0,Automática,Sedã,83890.0,98.0,São Paulo (SP)
69501595,TOYOTA,COROLLA,2.0 VVT-IE FLEX XEI DIRECT SHIFT,2020,2021.0,74000.0,CVT,Sedã,119900.0,100.0,São Paulo (SP)
69378941,TOYOTA,COROLLA,1.8 VVT-I HYBRID FLEX ALTIS PREMIUM CVT,2026,2026.0,0.0,CVT,Sedã,196490.0,104.0,São Paulo (SP)
68764878,TOYOTA,COROLLA,2.0 VVT-IE FLEX ALTIS DIRECT SHIFT,2023,2024.0,67570.0,Automática,Sedã,163790.0,100.0,São Paulo (SP)
67019648,TOYOTA,COROLLA,2.0 VVT-IE FLEX GR-S DIRECT SHIFT,2023,2024.0,48686.0,Automática,Sedã,161990.0,101.0,São Paulo (SP)
68654146,TOYOTA,COROLLA,2.0 VVT-IE FLEX XEI DIRECT SHIFT,2020,2021.0,75727.0,Automática,Sedã,125990.0,105.0,São Paulo (SP)
66045053,TOYOTA,COROLLA,2.0 VVT-IE FLEX XEI DIRECT SHIFT,2025,2026.0,0.0,Automática,Sedã,249890.0,152.0,São Paulo (SP)
68884181,TOYOTA,COROLLA,1.8 VVT-I HYBRID FLEX ALTIS PREMIUM CVT,2022,2023.0,57617.0,CVT,Sedã,138990.0,96.0,São Paulo (SP)
69112355,TOYOTA,COROLLA,2.0 VVT-IE FLEX XEI DIRECT SHIFT,2024,2024.0,46000.0,Automática,Sedã,142800.0,100.0,São Paulo (SP)
67636644,TOYOTA,COROLLA,2.0 VVT-IE FLEX XEI DIRECT SHIFT,2022,2023.0,92268.0,Automática,Sedã,127990.0,100.0,São Paulo (SP)
69487547,TOYOTA,COROLLA,2.0 ALTIS 16V FLEX 4P AUTOMÁTICO,2018,2019.0,127000.0,CVT,Sedã,109000.0,102.0,São Paulo (SP)
69427965,TOYOTA,COROLLA,2.0 XEI 16V FLEX 4P AUTOMÁTICO,2014,2015.0,186030.0,Automática,Sedã,84900.0,104.0,São Paulo (SP)
68746026,TOYOTA,COROLLA,2.0 VVT-IE FLEX ALTIS DIRECT SHIFT,2020,2021.0,95000.0,CVT,Sedã,133900.0,103.0,São Paulo (SP)
68651823,TOYOTA,COROLLA,2.0 VVT-IE FLEX XEI DIRECT SHIFT,2023,2023.0,52900.0,Automática,Sedã,128990.0,101.0,São Paulo (SP)
68234899,TOYOTA,COROLLA,2.0 VVT-IE FLEX XEI DIRECT SHIFT,2023,2023.0,54025.0,Automática,Sedã,129900.0,102.0,São Paulo (SP)
69267966,TOYOTA,COROLLA,2.0 VVT-IE FLEX ALTIS DIRECT SHIFT,2022,2023.0,64961.0,Automática,Sedã,144890.0,101.0,São Paulo (SP)
69219850,TOYOTA,COROLLA,2.0 VVT-IE FLEX XEI DIRECT SHIFT,2024,2024.0,46600.0,Automática,Sedã,143990.0,101.0,São Paulo (SP)
68910595,TOYOTA,COROLLA,2.0 VVT-IE FLEX GLI DIRECT SHIFT,2024,2024.0,47525.0,Automática,Sedã,126900.0,101.0,São Paulo (SP)
68068349,TOYOTA,COROLLA,1.8 VVT-I HYBRID FLEX ALTIS PREMIUM CVT,2025,2026.0,12000.0,Automática,Sedã,191900.0,102.0,São Paulo (SP)
65367320,TOYOTA,COROLLA,2.0 XEI 16V FLEX 4P AUTOMÁTICO,2018,2019.0,143156.0,Automática,Sedã,103900.0,101.0,São Paulo (SP)
66952864,TOYOTA,COROLLA,2.0 VVT-IE FLEX XEI DIRECT SHIFT,2019,2020.0,122587.0,Automática,Sedã,124900.0,107.0,São Paulo (SP)
66307131,TOYOTA,COROLLA,2.0 XEI 16V FLEX 4P AUTOMÁTICO,2019,2019.0,87000.0,Automática,Sedã,115900.0,113.0,São Paulo (SP)
69209549,TOYOTA,COROLLA,2.0 VVT-IE FLEX ALTIS DIRECT SHIFT,2023,2023.0,67685.0,CVT,Sedã,153490.0,107.0,São Paulo (SP)
69213222,TOYOTA,COROLLA,2.0 VVT-IE FLEX XEI DIRECT SHIFT,2023,2024.0,30083.0,Automática,Sedã,147900.0,104.0,São Paulo (SP)
68601667,TOYOTA,COROLLA,2.0 XEI 16V FLEX 4P AUTOMÁTICO,2017,2017.0,123000.0,Automática,Sedã,92500.0,105.0,São Paulo (SP)
67749132,TOYOTA,COROLLA,2.0 VVT-IE FLEX XEI DIRECT SHIFT,2020,2021.0,81000.0,Automática,Sedã,121790.0,102.0,São Paulo (SP)
69118089,TOYOTA,COROLLA,2.0 XEI 16V FLEX 4P AUTOMÁTICO,2013,2014.0,184206.0,Automática,Sedã,71900.0,103.0,São Paulo (SP)
69091207,TOYOTA,COROLLA,2.0 XEI 16V FLEX 4P AUTOMÁTICO,2019,2019.0,90510.0,Automática,Sedã,104900.0,102.0,São Paulo (SP)
67271747,TOYOTA,COROLLA,2.0 VVT-IE FLEX XEI DIRECT SHIFT,2020,2021.0,70000.0,CVT,Sedã,124890.0,104.0,São Paulo (SP)
69268289,TOYOTA,COROLLA,2.0 VVT-IE FLEX XEI DIRECT SHIFT,2024,2024.0,45390.0,Automática,Sedã,141890.0,99.0,São Paulo (SP)
68900471,TOYOTA,COROLLA,2.0 VVT-IE FLEX XEI DIRECT SHIFT,2023,2024.0,48400.0,Automática,Sedã,138990.0,97.0,São Paulo (SP)
67356620,TOYOTA,COROLLA,2.0 VVT-IE FLEX XEI DIRECT SHIFT,2022,2023.0,97718.0,Automática,Sedã,129900.0,102.0,São Paulo (SP)
65804624,TOYOTA,COROLLA,2.0 VVT-IE FLEX GR-S DIRECT SHIFT,2025,2026.0,0.0,CVT,Sedã,279700.0,153.0,São Paulo (SP)
66940988,TOYOTA,COROLLA,2.0 VVT-IE FLEX XEI DIRECT SHIFT,2020,2021.0,82000.0,Automática,Sedã,124900.0,104.0,São Paulo (SP)
69453950,TOYOTA,COROLLA,2.0 XEI 16V FLEX 4P AUTOMÁTICO,2016,2017.0,104580.0,Automática,Sedã,93790.0,106.0,São Paulo (SP)
67977998,TOYOTA,COROLLA,2.0 VVT-IE FLEX XEI DIRECT SHIFT,2025,2025.0,45000.0,CVT,Sedã,162900.0,102.0,São Paulo (SP)
67945108,TOYOTA,COROLLA,2.0 VVT-IE FLEX XEI DIRECT SHIFT,2022,2023.0,77515.0,Automática,Sedã,128900.0,101.0,São Paulo (SP)
67615348,TOYOTA,COROLLA,1.8 GLI UPPER 16V FLEX 4P AUTOMÁTICO,2019,2019.0,88323.0,Automática,Sedã,99888.0,113.0,São Paulo (SP)
69122373,TOYOTA,COROLLA,2.0 VVT-IE FLEX XEI DIRECT SHIFT,2020,2021.0,70000.0,CVT,Sedã,123900.0,103.0,São Paulo (SP)
67646520,TOYOTA,COROLLA,2.0 VVT-IE FLEX XEI DIRECT SHIFT,2020,2021.0,80000.0,CVT,Sedã,128000.0,107.0,São Paulo (SP)
67896859,TOYOTA,COROLLA,2.0 VVT-IE FLEX GR-S DIRECT SHIFT,2023,2024.0,80700.0,Automática,Sedã,161900.0,101.0,São Paulo (SP)
66259536,TOYOTA,COROLLA,2.0 VVT-IE FLEX GLI DIRECT SHIFT,2022,2022.0,105000.0,CVT,Sedã,117000.0,102.0,São Paulo (SP)
67275474,TOYOTA,COROLLA,2.0 VVT-IE FLEX XEI DIRECT SHIFT,2023,2023.0,70000.0,CVT,Sedã,129900.0,102.0,São Paulo (SP)
68979994,TOYOTA,COROLLA,2.0 VVT-IE FLEX XEI DIRECT SHIFT,2020,2021.0,96000.0,Automática,Sedã,120990.0,101.0,São Paulo (SP)
68611319,TOYOTA,COROLLA,2.0 VVT-IE FLEX GR-S DIRECT SHIFT,2025,2025.0,25000.0,Automática,Sedã,182201.0,104.0,São Paulo (SP)
68230194,TOYOTA,COROLLA,2.0 VVT-IE FLEX XEI DIRECT SHIFT,2022,2023.0,67500.0,Automática,Sedã,134900.0,106.0,São Paulo (SP)
67817872,TOYOTA,COROLLA,2.0 VVT-IE FLEX GR-S DIRECT SHIFT,2024,2024.0,60000.0,CVT,Sedã,160064.0,100.0,São Paulo (SP)
67807418,TOYOTA,COROLLA,2.0 VVT-IE FLEX GR-S DIRECT SHIFT,2024,2024.0,60000.0,Automática,Sedã,164990.0,103.0,São Paulo (SP)
66607666,TOYOTA,COROLLA,2.0 VVT-IE FLEX GLI DIRECT SHIFT,2019,2020.0,124000.0,Automática,Sedã,109900.0,102.0,São Paulo (SP)
64611884,TOYOTA,COROLLA,2.0 VVT-IE FLEX ALTIS DIRECT SHIFT,2021,2022.0,84000.0,Automática,Sedã,139990.0,103.0,São Paulo (SP)
69508949,TOYOTA,COROLLA,2.0 VVT-IE FLEX GR-S DIRECT SHIFT,2025,2025.0,25000.0,CVT,Sedã,174990.0,100.0,São Paulo (SP)
67585816,TOYOTA,COROLLA,2.0 VVT-IE FLEX XEI DIRECT SHIFT,2026,2026.0,0.0,CVT,Sedã,177320.0,108.0,São Paulo (SP)
68872146,TOYOTA,COROLLA,1.8 VVT-I HYBRID FLEX ALTIS CVT,2021,2022.0,83175.0,CVT,Sedã,146900.0,110.0,São Paulo (SP)
69492385,TOYOTA,COROLLA,2.0 VVT-IE FLEX XEI DIRECT SHIFT,2024,2025.0,70389.0,Automática,Sedã,154890.0,97.0,São Paulo (SP)
69444337,TOYOTA,COROLLA,2.0 VVT-IE FLEX GLI DIRECT SHIFT,2021,2022.0,88000.0,CVT,Sedã,119900.0,105.0,São Paulo (SP)
66331886,TOYOTA,COROLLA,2.0 XEI 16V FLEX 4P AUTOMÁTICO,2014,2015.0,141000.0,Automática,Sedã,83900.0,102.0,São Paulo (SP)
69239442,TOYOTA,COROLLA,2.0 VVT-IE FLEX XEI DIRECT SHIFT,2024,2024.0,17000.0,Automática,Sedã,142990.0,100.0,São Paulo (SP)
68866739,TOYOTA,COROLLA,2.0 VVT-IE FLEX XEI DIRECT SHIFT,2026,2026.0,0.0,Automática,Sedã,309900.0,188.0,São Paulo (SP)
65804632,TOYOTA,COROLLA,1.8 VVT-I HYBRID FLEX ALTIS PREMIUM CVT,2025,2026.0,0.0,CVT,Sedã,267950.0,142.0,São Paulo (SP)
69554712,TOYOTA,COROLLA,2.0 XEI 16V FLEX 4P AUTOMÁTICO,2015,2016.0,101000.0,Automática,Sedã,86990.0,103.0,São Paulo (SP)
69498071,TOYOTA,COROLLA,2.0 XEI 16V FLEX 4P AUTOMÁTICO,2018,2019.0,79323.0,Automática,Sedã,104890.0,102.0,São Paulo (SP)
69455117,TOYOTA,COROLLA,2.0 XEI 16V FLEX 4P AUTOMÁTICO,2016,2017.0,89553.0,Automática,Sedã,89890.0,102.0,São Paulo (SP)
69378681,TOYOTA,COROLLA,1.8 VVT-I HYBRID FLEX ALTIS PREMIUM CVT,2022,2023.0,37716.0,CVT,Sedã,149900.0,104.0,São Paulo (SP)
69385582,TOYOTA,COROLLA,2.0 VVT-IE FLEX XEI DIRECT SHIFT,2025,2026.0,21870.0,Automática,Sedã,165900.0,101.0,São Paulo (SP)
69128092,TOYOTA,COROLLA,2.0 VVT-IE FLEX GLI DIRECT SHIFT,2022,2023.0,59900.0,Automática,Sedã,125900.0,106.0,São Paulo (SP)
69490018,TOYOTA,COROLLA,1.8 GLI UPPER 16V FLEX 4P AUTOMÁTICO,2019,2019.0,133000.0,CVT,Sedã,87000.0,98.0,São Paulo (SP)
68883861,TOYOTA,COROLLA,1.8 VVT-I HYBRID FLEX ALTIS PREMIUM CVT,2022,2023.0,57617.0,CVT,Sedã,138990.0,96.0,São Paulo (SP)
67274593,TOYOTA,COROLLA,2.0 VVT-IE FLEX XEI DIRECT SHIFT,2023,2024.0,49517.0,Automática,Sedã,147900.0,104.0,São Paulo (SP)
67189776,TOYOTA,COROLLA,2.0 VVT-IE FLEX XEI DIRECT SHIFT,2022,2023.0,86344.0,CVT,Sedã,128000.0,100.0,São Paulo (SP)
66934840,TOYOTA,COROLLA,2.0 VVT-IE FLEX XEI DIRECT SHIFT,2022,2023.0,123671.0,Automática,Sedã,129900.0,102.0,São Paulo (SP)
69552605,TOYOTA,COROLLA,2.0 VVT-IE FLEX XEI DIRECT SHIFT,2021,2022.0,112196.0,Automática,Sedã,115900.0,94.0,São Paulo (SP)
69526279,TOYOTA,COROLLA,2.0 VVT-IE FLEX XEI DIRECT SHIFT,2024,2024.0,83885.0,Automática,Sedã,133390.0,94.0,São Paulo (SP)
67864712,TOYOTA,COROLLA,2.0 VVT-IE FLEX XEI DIRECT SHIFT,2020,2020.0,88367.0,Automática,Sedã,127900.0,110.0,São Paulo (SP)
69496371,TOYOTA,COROLLA,1.8 VVT-I HYBRID FLEX ALTIS PREMIUM CVT,2022,2023.0,55643.0,CVT,Sedã,149900.0,104.0,São Paulo (SP)
69442578,TOYOTA,COROLLA,2.0 VVT-IE FLEX GLI DIRECT SHIFT,2020,2020.0,115000.0,CVT,Sedã,109900.0,102.0,São Paulo (SP)
68649767,TOYOTA,COROLLA,2.0 VVT-IE FLEX XEI DIRECT SHIFT,2023,2023.0,52900.0,Automática,Sedã,128990.0,101.0,São Paulo (SP)
67551703,TOYOTA,COROLLA,2.0 VVT-IE FLEX XEI DIRECT SHIFT,2022,2023.0,60000.0,CVT,Sedã,129800.0,102.0,São Paulo (SP)
64589104,TOYOTA,COROLLA,1.8 VVT-I HYBRID FLEX ALTIS PREMIUM CVT,2025,2026.0,0.0,CVT,Sedã,208990.0,111.0,São Paulo (SP)
67029481,TOYOTA,COROLLA,2.0 VVT-IE FLEX XEI DIRECT SHIFT,2020,2021.0,87000.0,Automática,Sedã,126900.0,106.0,São Paulo (SP)
69488449,TOYOTA,COROLLA,2.0 VVT-IE FLEX XEI DIRECT SHIFT,2021,2022.0,25288.0,Automática,Sedã,173900.0,142.0,São Paulo (SP)
68592876,TOYOTA,COROLLA,2.0 VVT-IE FLEX XEI DIRECT SHIFT,2024,2024.0,39101.0,Automática,Sedã,143900.0,101.0,São Paulo (SP)
65187903,TOYOTA,COROLLA,2.0 VVT-IE FLEX XEI DIRECT SHIFT,2026,2026.0,0.0,CVT,Sedã,244000.0,148.0,São Paulo (SP)
69449530,TOYOTA,COROLLA,2.0 XEI 16V FLEX 4P AUTOMÁTICO,2013,2014.0,160000.0,Automática,Sedã,78900.0,113.0,São Paulo (SP)
69257936,TOYOTA,COROLLA,2.0 XRS 16V FLEX 4P AUTOMÁTICO,2018,2019.0,139087.0,CVT,Sedã,103900.0,102.0,São Paulo (SP)
68778470,TOYOTA,COROLLA,2.0 VVT-IE FLEX GLI DIRECT SHIFT,2024,2024.0,49730.0,Automática,Sedã,126900.0,101.0,São Paulo (SP)
68911395,TOYOTA,COROLLA,1.8 VVT-I HYBRID FLEX ALTIS PREMIUM CVT,2022,2023.0,85000.0,CVT,Sedã,164500.0,114.0,São Paulo (SP)
69364778,TOYOTA,COROLLA,2.0 XEI 16V FLEX 4P AUTOMÁTICO,2018,2019.0,64203.0,Automática,Sedã,105900.0,103.0,São Paulo (SP)
69117142,TOYOTA,COROLLA,2.0 VVT-IE FLEX XEI DIRECT SHIFT,2026,2026.0,0.0,Automática,Sedã,172890.0,105.0,São Paulo (SP)
69381546,TOYOTA,COROLLA,2.0 VVT-IE FLEX XEI DIRECT SHIFT,2023,2023.0,100738.0,Automática,Sedã,123900.0,97.0,São Paulo (SP)
69340832,TOYOTA,COROLLA,2.0 VVT-IE FLEX XEI DIRECT SHIFT,2024,2025.0,52000.0,Automática,Sedã,154990.0,97.0,São Paulo (SP)
68385096,TOYOTA,COROLLA,2.0 VVT-IE FLEX XEI DIRECT SHIFT,2025,2025.0,18000.0,Automática,Sedã,169900.0,107.0,São Paulo (SP)
69101043,TOYOTA,COROLLA,1.8 VVT-I HYBRID FLEX ALTIS CVT,2022,2023.0,80000.0,Automática,Sedã,144900.0,102.0,São Paulo (SP)
67968771,TOYOTA,COROLLA,2.0 VVT-IE FLEX XEI DIRECT SHIFT,2023,2023.0,68340.0,Automática,Sedã,129900.0,102.0,São Paulo (SP)
67807668,TOYOTA,COROLLA,2.0 VVT-IE FLEX GR-S DIRECT SHIFT,2024,2024.0,60000.0,Automática,Sedã,164990.0,103.0,São Paulo (SP)
69449694,TOYOTA,COROLLA,1.8 GLI 16V FLEX 4P AUTOMÁTICO,2019,2019.0,146384.0,CVT,Sedã,91000.0,104.0,São Paulo (SP)
68601880,TOYOTA,COROLLA,2.0 VVT-IE FLEX XEI DIRECT SHIFT,2023,2024.0,47403.0,CVT,Sedã,142900.0,100.0,São Paulo (SP)
69491013,TOYOTA,COROLLA,2.0 VVT-IE FLEX XEI DIRECT SHIFT,2021,2022.0,38485.0,Automática,Sedã,132900.0,108.0,São Paulo (SP)
69552763,TOYOTA,COROLLA,2.0 VVT-IE FLEX XEI DIRECT SHIFT,2020,2021.0,136713.0,Automática,Sedã,109890.0,92.0,São Paulo (SP)
69515549,TOYOTA,COROLLA,2.0 VVT-IE FLEX XEI DIRECT SHIFT,2020,2021.0,136713.0,Automática,Sedã,109890.0,92.0,São Paulo (SP)
69259131,TOYOTA,COROLLA,2.0 VVT-IE FLEX XEI DIRECT SHIFT,2021,2022.0,67823.0,Automática,Sedã,123900.0,101.0,São Paulo (SP)
69245961,TOYOTA,COROLLA,2.0 XEI 16V FLEX 4P AUTOMÁTICO,2018,2019.0,116671.0,Automática,Sedã,106900.0,104.0,São Paulo (SP)
68609174,TOYOTA,COROLLA,2.0 VVT-IE FLEX GR-S DIRECT SHIFT,2025,2025.0,25000.0,Automática,Sedã,182201.0,104.0,São Paulo (SP)
67236097,TOYOTA,COROLLA,2.0 VVT-IE FLEX XEI DIRECT SHIFT,2021,2022.0,78000.0,Automática,Sedã,124990.0,102.0,São Paulo (SP)
68541639,TOYOTA,COROLLA,2.0 VVT-IE FLEX XEI DIRECT SHIFT,2024,2024.0,32655.0,CVT,Sedã,147000.0,103.0,São Paulo (SP)
67394532,TOYOTA,COROLLA,2.0 VVT-IE FLEX XEI DIRECT SHIFT,2026,2026.0,0.0,CVT,Sedã,255000.0,155.0,São Paulo (SP)
68871104,TOYOTA,COROLLA,2.0 VVT-IE FLEX XEI DIRECT SHIFT,2021,2022.0,96000.0,CVT,Sedã,135900.0,111.0,São Paulo (SP)
69206906,TOYOTA,COROLLA,2.0 VVT-IE FLEX XEI DIRECT SHIFT,2025,2025.0,51073.0,Automática,Sedã,157890.0,99.0,São Paulo (SP)
69494088,TOYOTA,COROLLA,2.0 VVT-IE FLEX XEI DIRECT SHIFT,2023,2023.0,62800.0,Automática,Sedã,129900.0,102.0,São Paulo (SP)
67807458,TOYOTA,COROLLA,2.0 VVT-IE FLEX GR-S DIRECT SHIFT,2024,2024.0,60000.0,Automática,Sedã,164990.0,103.0,São Paulo (SP)
65088645,TOYOTA,COROLLA,2.0 VVT-IE FLEX XEI DIRECT SHIFT,2022,2023.0,70000.0,Automática,Sedã,129900.0,102.0,São Paulo (SP)
65188024,TOYOTA,COROLLA,2.0 VVT-IE FLEX XEI DIRECT SHIFT,2026,2026.0,0.0,CVT,Sedã,244000.0,148.0,São Paulo (SP)
44748527,TOYOTA,COROLLA,2.0 ALTIS 16V FLEX 4P AUTOMÁTICO,2017,2018.0,97417.0,Automática,Sedã,111990.0,109.0,São Paulo (SP)
68731183,TOYOTA,COROLLA,1.8 GLI 16V FLEX 4P AUTOMÁTICO,2018,2018.0,133050.0,CVT,Sedã,89900.0,106.0,São Paulo (SP)
69551324,TOYOTA,COROLLA,2.0 VVT-IE FLEX XEI DIRECT SHIFT,2021,2022.0,72000.0,CVT,Sedã,121900.0,99.0,São Paulo (SP)
69555300,TOYOTA,COROLLA,1.8 GLI 16V FLEX 4P AUTOMÁTICO,2017,2018.0,101139.0,Automática,Sedã,84990.0,100.0,São Paulo (SP)
68880391,TOYOTA,COROLLA,2.0 VVT-IE FLEX XEI DIRECT SHIFT,2019,2020.0,79409.0,Automática,Sedã,112990.0,97.0,São Paulo (SP)
69319305,TOYOTA,COROLLA,2.0 VVT-IE FLEX XEI DIRECT SHIFT,2021,2022.0,59950.0,Automática,Sedã,128590.0,105.0,São Paulo (SP)
68784671,TOYOTA,COROLLA,2.0 XEI 16V FLEX 4P AUTOMÁTICO,2018,2019.0,148906.0,CVT,Sedã,104776.0,102.0,São Paulo (SP)
67188745,TOYOTA,COROLLA,2.0 VVT-IE FLEX XEI DIRECT SHIFT,2023,2023.0,75139.0,Automática,Sedã,129900.0,102.0,São Paulo (SP)
68856394,TOYOTA,COROLLA,2.0 VVT-IE FLEX XEI DIRECT SHIFT,2022,2023.0,77540.0,Automática,Sedã,125490.0,98.0,São Paulo (SP)
66021293,TOYOTA,COROLLA,2.0 XEI 16V FLEX 4P AUTOMÁTICO,2016,2017.0,123000.0,Automática,Sedã,99900.0,113.0,São Paulo (SP)
68611659,TOYOTA,COROLLA,2.0 VVT-IE FLEX GR-S DIRECT SHIFT,2025,2025.0,25000.0,Automática,Sedã,175990.0,100.0,São Paulo (SP)
61420941,TOYOTA,COROLLA,2.0 VVT-IE FLEX XEI DIRECT SHIFT,2023,2024.0,41500.0,Automática,Sedã,146990.0,103.0,São Paulo (SP)
69555038,TOYOTA,COROLLA,2.0 XEI 16V FLEX 4P AUTOMÁTICO,2015,2015.0,132000.0,Automática,Sedã,84990.0,104.0,São Paulo (SP)
67862788,TOYOTA,COROLLA,2.0 VVT-IE FLEX GLI DIRECT SHIFT,2021,2022.0,80942.0,CVT,Sedã,117900.0,103.0,São Paulo (SP)
67807628,TOYOTA,COROLLA,2.0 VVT-IE FLEX GR-S DIRECT SHIFT,2024,2024.0,60000.0,Automática,Sedã,164990.0,103.0,São Paulo (SP)
69494431,TOYOTA,COROLLA,2.0 VVT-IE FLEX GR-S DIRECT SHIFT,2023,2023.0,37824.0,CVT,Sedã,142900.0,103.0,São Paulo (SP)
69362118,TOYOTA,COROLLA,2.0 XEI 16V FLEX 4P AUTOMÁTICO,2014,2015.0,123060.0,Automática,Sedã,83890.0,102.0,São Paulo (SP)
69107436,TOYOTA,COROLLA,2.0 VVT-IE FLEX GR-S DIRECT SHIFT,2023,2023.0,61000.0,CVT,Sedã,136900.0,99.0,São Paulo (SP)
69490495,TOYOTA,COROLLA,1.8 VVT-I HYBRID FLEX ALTIS PREMIUM CVT,2020,2021.0,83000.0,CVT,Sedã,132990.0,103.0,São Paulo (SP)
69370642,TOYOTA,COROLLA,2.0 VVT-IE FLEX XEI DIRECT SHIFT,2022,2023.0,60339.0,Automática,Sedã,129990.0,102.0,São Paulo (SP)
68643425,TOYOTA,COROLLA,2.0 VVT-IE FLEX XEI DIRECT SHIFT,2023,2023.0,52900.0,Automática,Sedã,128990.0,101.0,São Paulo (SP)
69354859,TOYOTA,COROLLA,2.0 VVT-IE FLEX GR-S DIRECT SHIFT,2021,2022.0,94791.0,Automática,Sedã,126900.0,99.0,São Paulo (SP)
69268861,TOYOTA,COROLLA,2.0 VVT-IE FLEX XEI DIRECT SHIFT,2024,2024.0,45390.0,Automática,Sedã,141890.0,99.0,São Paulo (SP)
69256976,TOYOTA,COROLLA,2.0 VVT-IE FLEX XEI DIRECT SHIFT,2022,2022.0,100.0,Automática,Sedã,129900.0,106.0,São Paulo (SP)
69486872,TOYOTA,COROLLA,2.0 VVT-IE FLEX XEI DIRECT SHIFT,2023,2023.0,50000.0,CVT,Sedã,131900.0,103.0,São Paulo (SP)
67896931,TOYOTA,COROLLA,2.0 VVT-IE FLEX GR-S DIRECT SHIFT,2023,2024.0,49500.0,Automática,Sedã,163900.0,103.0,São Paulo (SP)
66898256,TOYOTA,COROLLA,2.0 VVT-IE FLEX XEI DIRECT SHIFT,2019,2020.0,80000.0,Automática,Sedã,125990.0,108.0,São Paulo (SP)
68516706,TOYOTA,COROLLA,2.0 VVT-IE FLEX GR-S DIRECT SHIFT,2026,2026.0,0.0,CVT,Sedã,279750.0,153.0,São Paulo (SP)
67206756,TOYOTA,COROLLA,2.0 VVT-IE FLEX ALTIS PREMIUM DIRECT SHIFT,2026,2026.0,0.0,CVT,Sedã,276000.0,146.0,São Paulo (SP)
68775183,TOYOTA,COROLLA,2.0 VVT-IE FLEX XEI DIRECT SHIFT,2023,2023.0,88400.0,Automática,Sedã,130900.0,103.0,São Paulo (SP)
69333419,TOYOTA,COROLLA,2.0 XEI 16V FLEX 4P AUTOMÁTICO,2013,2014.0,153000.0,Automática,Sedã,73900.0,106.0,São Paulo (SP)
69488536,TOYOTA,COROLLA,2.0 XEI 16V FLEX 4P AUTOMÁTICO,2017,2018.0,115000.0,Automática,Sedã,99900.0,100.0,São Paulo (SP)
69220856,TOYOTA,COROLLA,1.8 XEI 16V FLEX 4P AUTOMÁTICO,2009,2010.0,229700.0,Automática,Sedã,57900.0,104.0,São Paulo (SP)
68986052,TOYOTA,COROLLA,2.0 VVT-IE FLEX GLI DIRECT SHIFT,2023,2024.0,34534.0,Automática,Sedã,128200.0,102.0,São Paulo (SP)
68756507,TOYOTA,COROLLA,2.0 VVT-IE FLEX XEI DIRECT SHIFT,2021,2022.0,65290.0,Automática,Sedã,125990.0,103.0,São Paulo (SP)
67749149,TOYOTA,COROLLA,2.0 VVT-IE FLEX XEI DIRECT SHIFT,2020,2021.0,65504.0,Automática,Sedã,125790.0,105.0,São Paulo (SP)
69556260,TOYOTA,COROLLA,1.8 VVT-I HYBRID FLEX ALTIS PREMIUM CVT,2020,2021.0,64000.0,CVT,Sedã,139870.0,108.0,São Paulo (SP)
69238941,TOYOTA,COROLLA,2.0 VVT-IE FLEX XEI DIRECT SHIFT,2023,2023.0,37000.0,Automática,Sedã,137900.0,108.0,São Paulo (SP)
67527964,TOYOTA,COROLLA,2.0 VVT-IE FLEX XEI DIRECT SHIFT,2021,2022.0,64000.0,Automática,Sedã,122900.0,100.0,São Paulo (SP)
65812638,TOYOTA,COROLLA,2.0 VVT-IE FLEX XEI DIRECT SHIFT,2025,2026.0,0.0,CVT,Sedã,241950.0,147.0,São Paulo (SP)
68981847,TOYOTA,COROLLA,2.0 VVT-IE FLEX XEI DIRECT SHIFT,2022,2023.0,23426.0,Automática,Sedã,139990.0,110.0,São Paulo (SP)
69554246,TOYOTA,COROLLA,1.8 VVT-I HYBRID FLEX ALTIS PREMIUM CVT,2020,2021.0,83000.0,CVT,Sedã,131990.0,102.0,São Paulo (SP)
68727895,TOYOTA,COROLLA,2.0 VVT-IE FLEX XEI DIRECT SHIFT,2022,2023.0,58703.0,Automática,Sedã,131687.0,103.0,São Paulo (SP)
68611563,TOYOTA,COROLLA,2.0 VVT-IE FLEX GR-S DIRECT SHIFT,2025,2025.0,25000.0,Automática,Sedã,182201.0,104.0,São Paulo (SP)
68609157,TOYOTA,COROLLA,2.0 VVT-IE FLEX GR-S DIRECT SHIFT,2025,2025.0,25000.0,Automática,Sedã,182201.0,104.0,São Paulo (SP)
66640621,TOYOTA,COROLLA,2.0 VVT-IE FLEX XEI DIRECT SHIFT,2021,2022.0,72500.0,CVT,Sedã,127900.0,104.0,São Paulo (SP)
69333343,TOYOTA,COROLLA,2.0 VVT-IE FLEX XEI DIRECT SHIFT,2023,2023.0,34170.0,Automática,Sedã,136900.0,107.0,São Paulo (SP)
44748528,TOYOTA,COROLLA,2.0 ALTIS 16V FLEX 4P AUTOMÁTICO,2017,2018.0,97417.0,Automática,Sedã,111990.0,109.0,São Paulo (SP)
67207712,TOYOTA,COROLLA,1.8 VVT-I HYBRID FLEX ALTIS PREMIUM CVT,2026,2026.0,0.0,CVT,Sedã,286000.0,152.0,São Paulo (SP)
69354969,TOYOTA,COROLLA,2.0 VVT-IE FLEX XEI DIRECT SHIFT,2022,2023.0,53723.0,Automática,Sedã,138590.0,109.0,São Paulo (SP)
67807619,TOYOTA,COROLLA,2.0 VVT-IE FLEX GR-S DIRECT SHIFT,2024,2024.0,60000.0,Automática,Sedã,164990.0,103.0,São Paulo (SP)
67807398,TOYOTA,COROLLA,2.0 VVT-IE FLEX GR-S DIRECT SHIFT,2024,2024.0,60000.0,Automática,Sedã,164990.0,103.0,São Paulo (SP)
67806812,TOYOTA,COROLLA,2.0 VVT-IE FLEX GR-S DIRECT SHIFT,2024,2024.0,60000.0,Automática,Sedã,164990.0,103.0,São Paulo (SP)
67227158,TOYOTA,COROLLA,2.0 VVT-IE FLEX XEI DIRECT SHIFT,2024,2024.0,54848.0,Automática,Sedã,145100.0,102.0,São Paulo (SP)
67019840,TOYOTA,COROLLA,2.0 VVT-IE FLEX GR-S DIRECT SHIFT,2023,2024.0,48686.0,Automática,Sedã,161990.0,101.0,São Paulo (SP)
67019330,TOYOTA,COROLLA,2.0 VVT-IE FLEX GR-S DIRECT SHIFT,2023,2024.0,48686.0,Automática,Sedã,161990.0,101.0,São Paulo (SP)
65382616,TOYOTA,COROLLA,2.0 VVT-IE FLEX XEI DIRECT SHIFT,2022,2023.0,101595.0,Automática,Sedã,127890.0,100.0,São Paulo (SP)
66736996,TOYOTA,COROLLA,2.0 XEI 16V FLEX 4P AUTOMÁTICO,2017,2018.0,137252.0,Automática,Sedã,106900.0,107.0,São Paulo (SP)
69234146,TOYOTA,COROLLA,1.8 XLI 16V FLEX 4P AUTOMÁTICO,2009,2010.0,283291.0,Automática,Sedã,60990.0,114.0,São Paulo (SP)
67614294,TOYOTA,COROLLA,2.0 VVT-IE FLEX XEI DIRECT SHIFT,2022,2023.0,121748.0,CVT,Sedã,127990.0,100.0,São Paulo (SP)
69556582,TOYOTA,COROLLA,2.0 VVT-IE FLEX XEI DIRECT SHIFT,2024,2024.0,18495.0,CVT,Sedã,146900.0,103.0,São Paulo (SP)
69492335,TOYOTA,COROLLA,2.0 XRS 16V FLEX 4P AUTOMÁTICO,2017,2018.0,80321.0,Automática,Sedã,119890.0,121.0,São Paulo (SP)
69493845,TOYOTA,COROLLA,2.0 XEI 16V FLEX 4P AUTOMÁTICO,2017,2018.0,160439.0,CVT,Sedã,98000.0,98.0,São Paulo (SP)
69488389,TOYOTA,COROLLA,2.0 VVT-IE FLEX XEI DIRECT SHIFT,2024,2024.0,45390.0,Automática,Sedã,141890.0,99.0,São Paulo (SP)
69495498,TOYOTA,COROLLA,2.0 VVT-IE FLEX XEI DIRECT SHIFT,2022,2023.0,84675.0,Automática,Sedã,128800.0,101.0,São Paulo (SP)
68978000,TOYOTA,COROLLA,2.0 VVT-IE FLEX XEI DIRECT SHIFT,2023,2024.0,45900.0,CVT,Sedã,143900.0,101.0,São Paulo (SP)
67942401,TOYOTA,COROLLA,2.0 VVT-IE FLEX XEI DIRECT SHIFT,2024,2025.0,30501.0,Automática,Sedã,209900.0,132.0,São Paulo (SP)
68899598,TOYOTA,COROLLA,2.0 VVT-IE FLEX XEI DIRECT SHIFT,2022,2023.0,83000.0,CVT,Sedã,130000.0,102.0,São Paulo (SP)
68300890,TOYOTA,COROLLA,2.0 XEI 16V FLEX 4P AUTOMÁTICO,2017,2018.0,153720.0,Automática,Sedã,102900.0,103.0,São Paulo (SP)
67969516,TOYOTA,COROLLA,2.0 VVT-IE FLEX XEI DIRECT SHIFT,2023,2023.0,68340.0,Automática,Sedã,129900.0,102.0,São Paulo (SP)
67355628,TOYOTA,COROLLA,2.0 VVT-IE FLEX XEI DIRECT SHIFT,2022,2023.0,85745.0,Automática,Sedã,133770.0,105.0,São Paulo (SP)
65538996,TOYOTA,COROLLA,2.0 VVT-IE FLEX GLI DIRECT SHIFT,2021,2022.0,84900.0,CVT,Sedã,117900.0,103.0,São Paulo (SP)
69520130,TOYOTA,COROLLA,2.0 VVT-IE FLEX XEI DIRECT SHIFT,2019,2020.0,62700.0,CVT,Sedã,117900.0,101.0,São Paulo (SP)
69213339,TOYOTA,COROLLA,1.8 GLI 16V FLEX 4P AUTOMÁTICO,2011,2012.0,221000.0,Automática,Sedã,65000.0,109.0,São Paulo (SP)
68609198,TOYOTA,COROLLA,2.0 VVT-IE FLEX GR-S DIRECT SHIFT,2025,2025.0,25000.0,Automática,Sedã,182201.0,104.0,São Paulo (SP)
67358388,TOYOTA,COROLLA,2.0 VVT-IE FLEX XEI DIRECT SHIFT,2021,2022.0,70763.0,Automática,Sedã,126900.0,103.0,São Paulo (SP)
59629260,TOYOTA,COROLLA,1.8 GLI UPPER 16V FLEX 4P AUTOMÁTICO,2017,2018.0,130000.0,Automática,Sedã,89990.0,105.0,São Paulo (SP)
69558025,TOYOTA,COROLLA,2.0 VVT-IE FLEX XEI DIRECT SHIFT,2021,2022.0,64719.0,Automática,Sedã,127890.0,104.0,São Paulo (SP)
69425673,TOYOTA,COROLLA,2.0 VVT-IE FLEX XEI DIRECT SHIFT,2022,2023.0,69513.0,Automática,Sedã,129900.0,102.0,São Paulo (SP)
67807667,TOYOTA,COROLLA,2.0 VVT-IE FLEX GR-S DIRECT SHIFT,2024,2024.0,60000.0,Automática,Sedã,164990.0,103.0,São Paulo (SP)
67807403,TOYOTA,COROLLA,2.0 VVT-IE FLEX GR-S DIRECT SHIFT,2024,2024.0,60000.0,Automática,Sedã,164990.0,103.0,São Paulo (SP)
64982645,TOYOTA,COROLLA,2.0 VVT-IE FLEX XEI DIRECT SHIFT,2022,2023.0,78000.0,Automática,Sedã,127770.0,100.0,São Paulo (SP)
69432009,TOYOTA,COROLLA,1.8 GLI 16V FLEX 4P AUTOMÁTICO,2017,2017.0,114975.0,Automática,Sedã,81201.0,100.0,São Paulo (SP)
68975761,TOYOTA,COROLLA,2.0 VVT-IE FLEX XEI DIRECT SHIFT,2022,2023.0,42000.0,CVT,Sedã,133900.0,105.0,São Paulo (SP)
69500760,TOYOTA,COROLLA,2.0 XEI 16V FLEX 4P AUTOMÁTICO,2018,2019.0,100617.0,Automática,Sedã,109900.0,107.0,São Paulo (SP)
69308962,TOYOTA,COROLLA,2.0 VVT-IE FLEX XEI DIRECT SHIFT,2022,2023.0,48353.0,Automática,Sedã,135890.0,106.0,São Paulo (SP)
69308948,TOYOTA,COROLLA,2.0 VVT-IE FLEX XEI DIRECT SHIFT,2022,2023.0,48353.0,Automática,Sedã,135890.0,106.0,São Paulo (SP)
69490282,TOYOTA,COROLLA,1.8 GLI 16V FLEX 4P AUTOMÁTICO,2016,2016.0,111711.0,Automática,Sedã,79890.0,102.0,São Paulo (SP)
69488362,TOYOTA,COROLLA,2.0 XEI 16V FLEX 4P AUTOMÁTICO,2016,2017.0,89553.0,Automática,Sedã,89890.0,102.0,São Paulo (SP)
69487417,TOYOTA,COROLLA,1.8 GLI 16V FLEX 4P AUTOMÁTICO,2016,2017.0,112000.0,Automática,Sedã,81980.0,101.0,São Paulo (SP)
69117327,TOYOTA,COROLLA,2.0 VVT-IE FLEX XEI DIRECT SHIFT,2022,2023.0,62965.0,Automática,Sedã,149490.0,117.0,São Paulo (SP)
68863869,TOYOTA,COROLLA,2.0 VVT-IE FLEX XEI DIRECT SHIFT,2026,2026.0,0.0,Automática,Sedã,309900.0,188.0,São Paulo (SP)
69554561,TOYOTA,COROLLA,2.0 VVT-IE FLEX XEI DIRECT SHIFT,2021,2022.0,66285.0,CVT,Sedã,124900.0,102.0,São Paulo (SP)
69356349,TOYOTA,COROLLA,2.0 VVT-IE FLEX XEI DIRECT SHIFT,2025,2025.0,25398.0,Automática,Sedã,161900.0,102.0,São Paulo (SP)
69119175,TOYOTA,COROLLA,2.0 XEI 16V FLEX 4P AUTOMÁTICO,2014,2015.0,183000.0,Automática,Sedã,83900.0,102.0,São Paulo (SP)
69454328,TOYOTA,COROLLA,2.0 VVT-IE FLEX XEI DIRECT SHIFT,2020,2021.0,32000.0,Automática,Sedã,124900.0,104.0,São Paulo (SP)
68887565,TOYOTA,COROLLA,1.8 GLI 16V FLEX 4P AUTOMÁTICO,2017,2018.0,94600.0,Automática,Sedã,91990.0,108.0,São Paulo (SP)
69320092,TOYOTA,COROLLA,2.0 VVT-IE FLEX XEI DIRECT SHIFT,2023,2023.0,59135.0,Automática,Sedã,134390.0,105.0,São Paulo (SP)
69499558,TOYOTA,COROLLA,1.8 GLI 16V FLEX 4P AUTOMÁTICO,2013,2014.0,108631.0,Automática,Sedã,71900.0,111.0,São Paulo (SP)
69358572,TOYOTA,COROLLA,1.8 SE-G 16V GASOLINA 4P AUTOMÁTICO,2004,2004.0,264000.0,Automática,Sedã,44900.0,124.0,São Paulo (SP)
68363676,TOYOTA,COROLLA,2.0 XEI 16V FLEX 4P AUTOMÁTICO,2015,2016.0,104005.0,Automática,Sedã,93900.0,111.0,São Paulo (SP)
69383736,TOYOTA,COROLLA,1.8 GLI 16V FLEX 4P AUTOMÁTICO,2010,2010.0,252000.0,Automática,Sedã,58900.0,110.0,São Paulo (SP)
69506827,TOYOTA,COROLLA,2.0 VVT-IE FLEX XEI DIRECT SHIFT,2023,2024.0,66600.0,Automática,Sedã,142490.0,100.0,São Paulo (SP)
69263858,TOYOTA,COROLLA,2.0 VVT-IE FLEX XEI DIRECT SHIFT,2023,2024.0,66600.0,Automática,Sedã,142420.0,100.0,São Paulo (SP)
68873304,TOYOTA,COROLLA,2.0 VVT-IE FLEX XEI DIRECT SHIFT,2019,2020.0,98000.0,CVT,Sedã,119900.0,103.0,São Paulo (SP)
67733906,TOYOTA,COROLLA,2.0 VVT-IE FLEX ALTIS DIRECT SHIFT,2022,2023.0,50432.0,CVT,Sedã,264990.0,185.0,São Paulo (SP)
69491261,TOYOTA,COROLLA,1.8 GLI 16V FLEX 4P AUTOMÁTICO,2017,2018.0,300.0,Automática,Sedã,88900.0,104.0,São Paulo (SP)
69359611,TOYOTA,COROLLA,2.0 VVT-IE FLEX XEI DIRECT SHIFT,2024,2024.0,57181.0,Automática,Sedã,142890.0,100.0,São Paulo (SP)
69344145,TOYOTA,COROLLA,2.0 VVT-IE FLEX XEI DIRECT SHIFT,2022,2023.0,62532.0,Automática,Sedã,131990.0,103.0,São Paulo (SP)
69499272,TOYOTA,COROLLA,2.0 VVT-IE FLEX XEI DIRECT SHIFT,2023,2023.0,35200.0,CVT,Sedã,132500.0,104.0,São Paulo (SP)
68114773,TOYOTA,COROLLA,2.0 VVT-IE FLEX XEI DIRECT SHIFT,2022,2023.0,88535.0,Automática,Sedã,128890.0,101.0,São Paulo (SP)
67965478,TOYOTA,COROLLA,2.0 VVT-IE FLEX XEI DIRECT SHIFT,2021,2022.0,89000.0,Automática,Sedã,122900.0,100.0,São Paulo (SP)
66349685,TOYOTA,COROLLA,2.0 VVT-IE FLEX ALTIS DIRECT SHIFT,2021,2022.0,92452.0,CVT,Sedã,139900.0,103.0,São Paulo (SP)
69492293,TOYOTA,COROLLA,2.0 VVT-IE FLEX XEI DIRECT SHIFT,2024,2024.0,70174.0,Automática,Sedã,135890.0,95.0,São Paulo (SP)
69489700,TOYOTA,COROLLA,1.8 GLI 16V FLEX 4P AUTOMÁTICO,2018,2018.0,156628.0,Automática,Sedã,83890.0,98.0,São Paulo (SP)
69426885,TOYOTA,COROLLA,2.0 VVT-IE FLEX XEI DIRECT SHIFT,2024,2025.0,51891.0,Automática,Sedã,154990.0,97.0,São Paulo (SP)
68183298,TOYOTA,COROLLA,2.0 VVT-IE FLEX XEI DIRECT SHIFT,2019,2020.0,139000.0,CVT,Sedã,114989.0,99.0,São Paulo (SP)
69249611,TOYOTA,COROLLA,2.0 VVT-IE FLEX XEI DIRECT SHIFT,2022,2023.0,15680.0,CVT,Sedã,137790.0,108.0,São Paulo (SP)
69508668,TOYOTA,COROLLA,2.0 VVT-IE FLEX XEI DIRECT SHIFT,2021,2022.0,84000.0,Automática,Sedã,125900.0,102.0,São Paulo (SP)
69494332,TOYOTA,COROLLA,2.0 VVT-IE FLEX XEI DIRECT SHIFT,2022,2023.0,48993.0,Automática,Sedã,137300.0,108.0,São Paulo (SP)
69374941,TOYOTA,COROLLA,2.0 VVT-IE FLEX GLI DIRECT SHIFT,2019,2020.0,92000.0,Automática,Sedã,113990.0,106.0,São Paulo (SP)
69452263,TOYOTA,COROLLA,2.0 VVT-IE FLEX XEI DIRECT SHIFT,2023,2023.0,30000.0,Automática,Sedã,132990.0,104.0,São Paulo (SP)
69222962,TOYOTA,COROLLA,2.0 VVT-IE FLEX XEI DIRECT SHIFT,2025,2025.0,12000.0,Automática,Sedã,162000.0,102.0,São Paulo (SP)
69336076,TOYOTA,COROLLA,1.8 VVT-I HYBRID FLEX ALTIS PREMIUM CVT,2026,2026.0,0.0,Automática,Sedã,303900.0,161.0,São Paulo (SP)
69450958,TOYOTA,COROLLA,1.8 VVT-I HYBRID FLEX ALTIS CVT,2019,2020.0,104748.0,CVT,Sedã,126900.0,104.0,São Paulo (SP)
69086836,TOYOTA,COROLLA,2.0 XEI 16V FLEX 4P AUTOMÁTICO,2019,2019.0,120000.0,CVT,Sedã,105900.0,103.0,São Paulo (SP)
69559150,TOYOTA,COROLLA,2.0 XEI 16V FLEX 4P AUTOMÁTICO,2011,2011.0,121200.0,Automática,Sedã,69900.0,119.0,São Paulo (SP)
69420960,TOYOTA,COROLLA,2.0 VVT-IE FLEX XEI DIRECT SHIFT,2022,2023.0,108697.0,Automática,Sedã,119790.0,94.0,São Paulo (SP)
68805822,TOYOTA,COROLLA,1.8 VVT-I HYBRID FLEX ALTIS PREMIUM CVT,2020,2021.0,94386.0,Automática,Sedã,142900.0,110.0,São Paulo (SP)
68630103,TOYOTA,COROLLA,1.8 GLI UPPER 16V FLEX 4P AUTOMÁTICO,2017,2018.0,135736.0,Automática,Sedã,95000.0,110.0,São Paulo (SP)
69339242,TOYOTA,COROLLA,1.8 GLI 16V FLEX 4P AUTOMÁTICO,2016,2017.0,136000.0,Automática,Sedã,89900.0,111.0,São Paulo (SP)
69264142,TOYOTA,COROLLA,2.0 VVT-IE FLEX XEI DIRECT SHIFT,2022,2023.0,78000.0,CVT,Sedã,132990.0,104.0,São Paulo (SP)
69206692,TOYOTA,COROLLA,1.8 VVT-I HYBRID FLEX ALTIS PREMIUM CVT,2024,2024.0,82900.0,Automática,Sedã,165900.0,100.0,São Paulo (SP)
68734098,TOYOTA,COROLLA,2.0 VVT-IE FLEX XEI DIRECT SHIFT,2021,2022.0,91500.0,Automática,Sedã,125900.0,102.0,São Paulo (SP)
67986585,TOYOTA,COROLLA,2.0 VVT-IE FLEX GR-S DIRECT SHIFT,2024,2024.0,60000.0,Automática,Sedã,164990.0,103.0,São Paulo (SP)
67965584,TOYOTA,COROLLA,2.0 VVT-IE FLEX GR-S DIRECT SHIFT,2024,2024.0,60000.0,Automática,Sedã,164990.0,103.0,São Paulo (SP)
69500353,TOYOTA,COROLLA,2.0 XEI 16V FLEX 4P AUTOMÁTICO,2014,2015.0,165000.0,Automática,Sedã,81790.0,100.0,São Paulo (SP)
69362706,TOYOTA,COROLLA,2.0 VVT-IE FLEX XEI DIRECT SHIFT,2020,2021.0,73258.0,CVT,Sedã,124900.0,104.0,São Paulo (SP)
69112813,TOYOTA,COROLLA,2.0 XEI 16V FLEX 4P AUTOMÁTICO,2015,2015.0,170000.0,Automática,Sedã,83990.0,102.0,São Paulo (SP)
68726426,TOYOTA,COROLLA,2.0 VVT-IE FLEX GR-S DIRECT SHIFT,2025,2026.0,14482.0,Automática,Sedã,199200.0,109.0,São Paulo (SP)
69242443,TOYOTA,COROLLA,1.8 VVT-I HYBRID FLEX ALTIS CVT,2024,2024.0,66591.0,CVT,Sedã,199950.0,123.0,São Paulo (SP)
68650691,TOYOTA,COROLLA,1.8 VVT-I HYBRID FLEX ALTIS PREMIUM CVT,2022,2023.0,67000.0,CVT,Sedã,185000.0,128.0,São Paulo (SP)
67386504,TOYOTA,COROLLA,2.0 VVT-IE FLEX GR-S DIRECT SHIFT,2026,2026.0,0.0,CVT,Sedã,270000.0,148.0,São Paulo (SP)
69511699,TOYOTA,COROLLA,2.0 VVT-IE FLEX GLI DIRECT SHIFT,2023,2023.0,37027.0,Automática,Sedã,128790.0,109.0,São Paulo (SP)
69507737,TOYOTA,COROLLA,1.8 GLI 16V FLEX 4P AUTOMÁTICO,2017,2017.0,111000.0,Automática,Sedã,89990.0,111.0,São Paulo (SP)
69219771,TOYOTA,COROLLA,2.0 VVT-IE FLEX XEI DIRECT SHIFT,2023,2023.0,59900.0,Automática,Sedã,139900.0,110.0,São Paulo (SP)
68526592,TOYOTA,COROLLA,2.0 VVT-IE FLEX XEI DIRECT SHIFT,2020,2021.0,83454.0,Automática,Sedã,127900.0,107.0,São Paulo (SP)
68517295,TOYOTA,COROLLA,2.0 VVT-IE FLEX XEI DIRECT SHIFT,2026,2026.0,0.0,CVT,Sedã,242950.0,148.0,São Paulo (SP)
69433304,TOYOTA,COROLLA,1.8 XLI 16V FLEX 4P AUTOMÁTICO,2012,2013.0,168000.0,Automática,Sedã,65990.0,104.0,São Paulo (SP)
69346457,TOYOTA,COROLLA,2.0 XEI 16V FLEX 4P AUTOMÁTICO,2018,2019.0,100372.0,Automática,Sedã,102900.0,100.0,São Paulo (SP)
69215331,TOYOTA,COROLLA,2.0 VVT-IE FLEX GLI DIRECT SHIFT,2025,2025.0,19304.0,Automática,Sedã,149990.0,104.0,São Paulo (SP)
69215068,TOYOTA,COROLLA,2.0 VVT-IE FLEX GLI DIRECT SHIFT,2025,2025.0,19304.0,Automática,Sedã,149990.0,104.0,São Paulo (SP)
69213706,TOYOTA,COROLLA,2.0 VVT-IE FLEX GLI DIRECT SHIFT,2025,2025.0,19304.0,Automática,Sedã,149990.0,104.0,São Paulo (SP)
68982935,TOYOTA,COROLLA,2.0 VVT-IE FLEX GR-S DIRECT SHIFT,2023,2024.0,62000.0,Automática,Sedã,168800.0,106.0,São Paulo (SP)
67126627,TOYOTA,COROLLA,2.0 VVT-IE FLEX XEI DIRECT SHIFT,2023,2023.0,83000.0,CVT,Sedã,134900.0,106.0,São Paulo (SP)
69558276,TOYOTA,COROLLA,2.0 VVT-IE FLEX XEI DIRECT SHIFT,2021,2022.0,79990.0,Automática,Sedã,119990.0,98.0,São Paulo (SP)
69375757,TOYOTA,COROLLA,2.0 VVT-IE FLEX XEI DIRECT SHIFT,2024,2024.0,83885.0,Automática,Sedã,139290.0,98.0,São Paulo (SP)
68611556,TOYOTA,COROLLA,2.0 VVT-IE FLEX GR-S DIRECT SHIFT,2025,2025.0,25000.0,Automática,Sedã,182201.0,104.0,São Paulo (SP)
68611550,TOYOTA,COROLLA,2.0 VVT-IE FLEX GR-S DIRECT SHIFT,2025,2025.0,25000.0,Automática,Sedã,182201.0,104.0,São Paulo (SP)
68611548,TOYOTA,COROLLA,2.0 VVT-IE FLEX GR-S DIRECT SHIFT,2025,2025.0,25000.0,Automática,Sedã,182201.0,104.0,São Paulo (SP)
68609068,TOYOTA,COROLLA,2.0 VVT-IE FLEX GR-S DIRECT SHIFT,2025,2025.0,25000.0,Automática,Sedã,182201.0,104.0,São Paulo (SP)
69268262,TOYOTA,COROLLA,2.0 VVT-IE FLEX ALTIS DIRECT SHIFT,2022,2023.0,64961.0,Automática,Sedã,144890.0,101.0,São Paulo (SP)
68978424,TOYOTA,COROLLA,2.0 VVT-IE FLEX XEI DIRECT SHIFT,2022,2023.0,78800.0,Automática,Sedã,130900.0,103.0,São Paulo (SP)
67807396,TOYOTA,COROLLA,2.0 VVT-IE FLEX GR-S DIRECT SHIFT,2024,2024.0,60000.0,Automática,Sedã,164990.0,103.0,São Paulo (SP)
67806845,TOYOTA,COROLLA,2.0 VVT-IE FLEX GR-S DIRECT SHIFT,2024,2024.0,60000.0,Automática,Sedã,164990.0,103.0,São Paulo (SP)
69438345,TOYOTA,COROLLA,2.0 VVT-IE FLEX XEI DIRECT SHIFT,2019,2020.0,61829.0,CVT,Sedã,123000.0,106.0,São Paulo (SP)
68886885,TOYOTA,COROLLA,1.8 GLI 16V FLEX 4P AUTOMÁTICO,2017,2018.0,94600.0,Automática,Sedã,91990.0,108.0,São Paulo (SP)
69445561,TOYOTA,COROLLA,1.8 GLI 16V FLEX 4P AUTOMÁTICO,2016,2017.0,174950.0,Automática,Sedã,80900.0,100.0,São Paulo (SP)
68012289,TOYOTA,COROLLA,2.0 VVT-IE FLEX XEI DIRECT SHIFT,2022,2023.0,93971.0,Automática,Sedã,126000.0,99.0,São Paulo (SP)
69423279,TOYOTA,COROLLA,1.8 GLI UPPER 16V FLEX 4P AUTOMÁTICO,2016,2017.0,157000.0,Automática,Sedã,86000.0,106.0,São Paulo (SP)
61520611,TOYOTA,COROLLA,2.0 VVT-IE FLEX XEI DIRECT SHIFT,2021,2022.0,38250.0,Automática,Sedã,133900.0,109.0,São Paulo (SP)
69550489,TOYOTA,COROLLA,2.0 ALTIS 16V FLEX 4P AUTOMÁTICO,2016,2017.0,99763.0,Automática,Sedã,107997.0,120.0,São Paulo (SP)
69504795,TOYOTA,COROLLA,2.0 VVT-IE FLEX XEI DIRECT SHIFT,2024,2024.0,44784.0,Automática,Sedã,144890.0,102.0,São Paulo (SP)
69486351,TOYOTA,COROLLA,1.8 VVT-I HYBRID FLEX ALTIS CVT,2022,2023.0,62000.0,Automática,Sedã,143790.0,101.0,São Paulo (SP)
69254206,TOYOTA,COROLLA,2.0 XEI 16V FLEX 4P AUTOMÁTICO,2018,2019.0,144000.0,Automática,Sedã,106900.0,104.0,São Paulo (SP)
68232796,TOYOTA,COROLLA,2.0 VVT-IE FLEX XEI DIRECT SHIFT,2023,2024.0,82938.0,CVT,Sedã,145990.0,102.0,São Paulo (SP)
67972327,TOYOTA,COROLLA,2.0 VVT-IE FLEX XEI DIRECT SHIFT,2025,2025.0,45000.0,Automática,Sedã,162900.0,102.0,São Paulo (SP)
67807694,TOYOTA,COROLLA,2.0 VVT-IE FLEX GR-S DIRECT SHIFT,2024,2024.0,60000.0,Automática,Sedã,164990.0,103.0,São Paulo (SP)
69501563,TOYOTA,COROLLA,2.0 XEI 16V FLEX 4P AUTOMÁTICO,2015,2016.0,137070.0,Automática,Sedã,89990.0,107.0,São Paulo (SP)
69490511,TOYOTA,COROLLA,2.0 XEI 16V FLEX 4P AUTOMÁTICO,2017,2018.0,105252.0,CVT,Sedã,105900.0,106.0,São Paulo (SP)
69490378,TOYOTA,COROLLA,2.0 XEI 16V FLEX 4P AUTOMÁTICO,2017,2018.0,109000.0,Automática,Sedã,105900.0,106.0,São Paulo (SP)
69344216,TOYOTA,COROLLA,2.0 VVT-IE FLEX XEI DIRECT SHIFT,2022,2023.0,48631.0,Automática,Sedã,139190.0,109.0,São Paulo (SP)
69344207,TOYOTA,COROLLA,2.0 VVT-IE FLEX XEI DIRECT SHIFT,2022,2023.0,48631.0,Automática,Sedã,139190.0,109.0,São Paulo (SP)
69109296,TOYOTA,COROLLA,2.0 XEI 16V FLEX 4P AUTOMÁTICO,2014,2015.0,139616.0,Automática,Sedã,88900.0,108.0,São Paulo (SP)
68509256,TOYOTA,COROLLA,2.0 VVT-IE FLEX XEI DIRECT SHIFT,2024,2024.0,30930.0,Automática,Sedã,149900.0,105.0,São Paulo (SP)
69319990,TOYOTA,COROLLA,2.0 VVT-IE FLEX XEI DIRECT SHIFT,2023,2023.0,57000.0,Automática,Sedã,133090.0,104.0,São Paulo (SP)
69319985,TOYOTA,COROLLA,2.0 VVT-IE FLEX XEI DIRECT SHIFT,2023,2023.0,57000.0,Automática,Sedã,133090.0,104.0,São Paulo (SP)
68511195,TOYOTA,COROLLA,2.0 VVT-IE FLEX XEI DIRECT SHIFT,2023,2023.0,52900.0,Automática,Sedã,128990.0,101.0,São Paulo (SP)
68510955,TOYOTA,COROLLA,2.0 VVT-IE FLEX XEI DIRECT SHIFT,2023,2023.0,52900.0,Automática,Sedã,128990.0,101.0,São Paulo (SP)
68509837,TOYOTA,COROLLA,2.0 VVT-IE FLEX XEI DIRECT SHIFT,2023,2023.0,52900.0,Automática,Sedã,128990.0,101.0,São Paulo (SP)
68509752,TOYOTA,COROLLA,2.0 VVT-IE FLEX XEI DIRECT SHIFT,2023,2023.0,52900.0,Automática,Sedã,128990.0,101.0,São Paulo (SP)
68470610,TOYOTA,COROLLA,2.0 VVT-IE FLEX XEI DIRECT SHIFT,2023,2023.0,52900.0,Automática,Sedã,128990.0,101.0,São Paulo (SP)
69504717,TOYOTA,COROLLA,2.0 VVT-IE FLEX GR-S DIRECT SHIFT,2024,2025.0,14259.0,Automática,Sedã,179990.0,102.0,São Paulo (SP)
69490280,TOYOTA,COROLLA,2.0 XEI 16V FLEX 4P AUTOMÁTICO,2014,2015.0,123060.0,Automática,Sedã,83890.0,102.0,São Paulo (SP)
69488539,TOYOTA,COROLLA,2.0 VVT-IE FLEX XEI DIRECT SHIFT,2022,2023.0,37895.0,Automática,Sedã,132000.0,103.0,São Paulo (SP)
69462156,TOYOTA,COROLLA,2.0 XEI 16V FLEX 4P AUTOMÁTICO,2017,2018.0,87591.0,Automática,Sedã,100900.0,101.0,São Paulo (SP)
69550243,TOYOTA,COROLLA,2.0 VVT-IE FLEX XEI DIRECT SHIFT,2022,2023.0,54272.0,Automática,Sedã,157779.0,124.0,São Paulo (SP)
69494465,TOYOTA,COROLLA,2.0 VVT-IE FLEX GLI DIRECT SHIFT,2025,2025.0,100.0,Automática,Sedã,148900.0,103.0,São Paulo (SP)
68987961,TOYOTA,COROLLA,2.0 VVT-IE FLEX GLI DIRECT SHIFT,2025,2025.0,100.0,Automática,Sedã,148900.0,103.0,São Paulo (SP)
69439798,TOYOTA,COROLLA,2.0 VVT-IE FLEX XEI DIRECT SHIFT,2022,2023.0,48900.0,Automática,Sedã,134900.0,106.0,São Paulo (SP)
69436560,TOYOTA,COROLLA,2.0 XEI 16V FLEX 4P AUTOMÁTICO,2013,2014.0,157000.0,Automática,Sedã,74890.0,107.0,São Paulo (SP)
69378347,TOYOTA,COROLLA,2.0 XEI 16V FLEX 4P AUTOMÁTICO,2016,2017.0,140300.0,Automática,Sedã,95900.0,109.0,São Paulo (SP)
69220583,TOYOTA,COROLLA,1.8 VVT-I HYBRID FLEX ALTIS PREMIUM CVT,2020,2021.0,110000.0,CVT,Sedã,144990.0,112.0,São Paulo (SP)
69502303,TOYOTA,COROLLA,1.8 VVT-I HYBRID FLEX ALTIS PREMIUM CVT,2023,2024.0,37000.0,Automatizada,Sedã,172900.0,104.0,São Paulo (SP)
68611583,TOYOTA,COROLLA,2.0 VVT-IE FLEX GR-S DIRECT SHIFT,2025,2025.0,25000.0,Automática,Sedã,182201.0,104.0,São Paulo (SP)
68611573,TOYOTA,COROLLA,2.0 VVT-IE FLEX GR-S DIRECT SHIFT,2025,2025.0,25000.0,Automática,Sedã,182201.0,104.0,São Paulo (SP)
67347888,TOYOTA,COROLLA,2.0 VVT-IE FLEX XEI DIRECT SHIFT,2022,2023.0,60000.0,CVT,Sedã,129900.0,102.0,São Paulo (SP)
68401114,TOYOTA,COROLLA,1.8 GLI 16V FLEX 4P AUTOMÁTICO,2016,2017.0,180771.0,Automática,Sedã,92900.0,114.0,São Paulo (SP)
69559627,TOYOTA,COROLLA,1.8 VVT-I HYBRID FLEX ALTIS PREMIUM CVT,2024,2024.0,45114.0,Automática,Sedã,165777.0,100.0,São Paulo (SP)
69554704,TOYOTA,COROLLA,2.0 VVT-IE FLEX GLI DIRECT SHIFT,2025,2025.0,33800.0,CVT,Sedã,140900.0,98.0,São Paulo (SP)
69491932,TOYOTA,COROLLA,2.0 VVT-IE FLEX XEI DIRECT SHIFT,2023,2024.0,52000.0,CVT,Sedã,139900.0,98.0,São Paulo (SP)
69425703,TOYOTA,COROLLA,2.0 VVT-IE FLEX XEI DIRECT SHIFT,2022,2023.0,69513.0,Automática,Sedã,129900.0,102.0,São Paulo (SP)
69252882,TOYOTA,COROLLA,2.0 VVT-IE FLEX XEI DIRECT SHIFT,2021,2022.0,98322.0,Automática,Sedã,124990.0,102.0,São Paulo (SP)
68848567,TOYOTA,COROLLA,2.0 VVT-IE FLEX XEI DIRECT SHIFT,2023,2024.0,45048.0,CVT,Sedã,148990.0,104.0,São Paulo (SP)
67807447,TOYOTA,COROLLA,2.0 VVT-IE FLEX GR-S DIRECT SHIFT,2024,2024.0,60000.0,Automática,Sedã,164990.0,103.0,São Paulo (SP)
69509315,TOYOTA,COROLLA,1.8 GLI 16V FLEX 4P AUTOMÁTICO,2018,2018.0,129000.0,Automática,Sedã,89900.0,106.0,São Paulo (SP)
69499168,TOYOTA,COROLLA,2.0 VVT-IE FLEX XEI DIRECT SHIFT,2023,2024.0,48500.0,CVT,Sedã,147500.0,103.0,São Paulo (SP)
69263620,TOYOTA,COROLLA,1.8 VVT-I HYBRID FLEX ALTIS PREMIUM CVT,2026,2026.0,0.0,CVT,Sedã,275950.0,146.0,São Paulo (SP)
69109438,TOYOTA,COROLLA,1.8 GLI 16V FLEX 4P AUTOMÁTICO,2013,2013.0,171626.0,Automatizada,Sedã,70900.0,114.0,São Paulo (SP)
69108284,TOYOTA,COROLLA,2.0 XEI 16V FLEX 4P AUTOMÁTICO,2016,2016.0,126639.0,Automática,Sedã,93900.0,111.0,São Paulo (SP)
69511256,TOYOTA,COROLLA,2.0 XEI 16V FLEX 4P AUTOMÁTICO,2016,2017.0,121000.0,Automática,Sedã,89000.0,101.0,São Paulo (SP)
69498489,TOYOTA,COROLLA,2.0 VVT-IE FLEX XEI DIRECT SHIFT,2021,2021.0,79000.0,CVT,Sedã,121900.0,102.0,São Paulo (SP)
69372693,TOYOTA,COROLLA,2.0 VVT-IE FLEX XEI DIRECT SHIFT,2019,2020.0,92000.0,Automática,Sedã,121900.0,105.0,São Paulo (SP)
69235310,TOYOTA,COROLLA,2.0 XEI 16V FLEX 4P AUTOMÁTICO,2015,2016.0,130850.0,Automática,Sedã,84900.0,101.0,São Paulo (SP)
69215454,TOYOTA,COROLLA,2.0 VVT-IE FLEX GLI DIRECT SHIFT,2025,2025.0,19304.0,Automática,Sedã,149990.0,104.0,São Paulo (SP)
69214981,TOYOTA,COROLLA,2.0 VVT-IE FLEX GLI DIRECT SHIFT,2025,2025.0,19304.0,Automática,Sedã,149990.0,104.0,São Paulo (SP)
69214866,TOYOTA,COROLLA,2.0 VVT-IE FLEX GLI DIRECT SHIFT,2025,2025.0,19304.0,Automática,Sedã,149990.0,104.0,São Paulo (SP)
69214253,TOYOTA,COROLLA,2.0 VVT-IE FLEX GLI DIRECT SHIFT,2025,2025.0,19304.0,Automática,Sedã,149990.0,104.0,São Paulo (SP)
69357251,TOYOTA,COROLLA,2.0 VVT-IE FLEX GLI DIRECT SHIFT,2023,2023.0,54727.0,Automática,Sedã,128790.0,109.0,São Paulo (SP)
69354980,TOYOTA,COROLLA,2.0 VVT-IE FLEX XEI DIRECT SHIFT,2022,2023.0,53723.0,Automática,Sedã,138590.0,109.0,São Paulo (SP)
69354971,TOYOTA,COROLLA,2.0 VVT-IE FLEX XEI DIRECT SHIFT,2022,2023.0,53723.0,Automática,Sedã,138590.0,109.0,São Paulo (SP)
69116593,TOYOTA,COROLLA,2.0 VVT-IE FLEX XEI DIRECT SHIFT,2021,2022.0,74000.0,Automática,Sedã,129900.0,106.0,São Paulo (SP)
69109039,TOYOTA,COROLLA,2.0 XEI 16V FLEX 4P AUTOMÁTICO,2018,2019.0,119000.0,Automática,Sedã,111790.0,109.0,São Paulo (SP)
69445346,TOYOTA,COROLLA,1.8 VVT-I HYBRID FLEX ALTIS PREMIUM CVT,2026,2026.0,0.0,CVT,Sedã,289320.0,153.0,São Paulo (SP)
69382026,TOYOTA,COROLLA,2.0 VVT-IE FLEX XEI DIRECT SHIFT,2026,2026.0,0.0,Automática,Sedã,269900.0,164.0,São Paulo (SP)
69511930,TOYOTA,COROLLA,2.0 XEI 16V FLEX 4P AUTOMÁTICO,2016,2017.0,97869.0,Automática,Sedã,94900.0,108.0,São Paulo (SP)
69511708,TOYOTA,COROLLA,2.0 XEI 16V FLEX 4P AUTOMÁTICO,2016,2017.0,97869.0,Automática,Sedã,94900.0,108.0,São Paulo (SP)
69501133,TOYOTA,COROLLA,2.0 XEI 16V FLEX 4P AUTOMÁTICO,2016,2017.0,87200.0,Automática,Sedã,93900.0,106.0,São Paulo (SP)
69491990,TOYOTA,COROLLA,2.0 XEI 16V FLEX 4P AUTOMÁTICO,2017,2018.0,82379.0,Automática,Sedã,105900.0,106.0,São Paulo (SP)
69221488,TOYOTA,COROLLA,2.0 VVT-IE FLEX XEI DIRECT SHIFT,2024,2024.0,23637.0,Automática,Sedã,149990.0,105.0,São Paulo (SP)
69495560,TOYOTA,COROLLA,2.0 XEI 16V FLEX 4P AUTOMÁTICO,2014,2015.0,100.0,Automática,Sedã,89900.0,110.0,São Paulo (SP)
69558567,TOYOTA,COROLLA,1.8 VVT-I HYBRID FLEX ALTIS PREMIUM CVT,2025,2025.0,39000.0,Automática,Sedã,179999.0,100.0,São Paulo (SP)
69559960,TOYOTA,COROLLA,2.0 VVT-IE FLEX XEI DIRECT SHIFT,2022,2023.0,74356.0,Automática,Sedã,126900.0,99.0,São Paulo (SP)
69557009,TOYOTA,COROLLA,2.0 VVT-IE FLEX XEI DIRECT SHIFT,2024,2024.0,46604.0,Automática,Sedã,141000.0,99.0,São Paulo (SP)
69554897,TOYOTA,COROLLA,2.0 VVT-IE FLEX XEI DIRECT SHIFT,2021,2022.0,79900.0,Automática,Sedã,117890.0,96.0,São Paulo (SP)
69498746,TOYOTA,COROLLA,1.8 GLI 16V FLEX 4P AUTOMÁTICO,2017,2018.0,201500.0,Automática,Sedã,84900.0,100.0,São Paulo (SP)
69432179,TOYOTA,COROLLA,2.0 VVT-IE FLEX XEI DIRECT SHIFT,2022,2023.0,79070.0,Automática,Sedã,127661.0,100.0,São Paulo (SP)
69213628,TOYOTA,COROLLA,2.0 VVT-IE FLEX XEI DIRECT SHIFT,2023,2023.0,97548.0,Automática,Sedã,125900.0,99.0,São Paulo (SP)
68770627,TOYOTA,COROLLA,2.0 VVT-IE FLEX XEI DIRECT SHIFT,2021,2022.0,90017.0,Automática,Sedã,121890.0,99.0,São Paulo (SP)
69449821,TOYOTA,COROLLA,2.0 VVT-IE FLEX GR-S DIRECT SHIFT,2022,2023.0,56000.0,Automática,Sedã,146900.0,106.0,São Paulo (SP)
69421360,TOYOTA,COROLLA,1.8 GLI 16V FLEX 4P AUTOMÁTICO,2016,2017.0,182767.0,Automática,Sedã,85900.0,106.0,São Paulo (SP)
69558680,TOYOTA,COROLLA,2.0 XEI 16V FLEX 4P AUTOMÁTICO,2018,2019.0,140000.0,Automática,Sedã,102990.0,100.0,São Paulo (SP)
69555623,TOYOTA,COROLLA,2.0 VVT-IE FLEX XEI DIRECT SHIFT,2026,2026.0,0.0,Automática,Sedã,167980.0,102.0,São Paulo (SP)
69420079,TOYOTA,COROLLA,2.0 VVT-IE FLEX ALTIS DIRECT SHIFT,2021,2022.0,85193.0,CVT,Sedã,138990.0,102.0,São Paulo (SP)
69213281,TOYOTA,COROLLA,2.0 VVT-IE FLEX XEI DIRECT SHIFT,2023,2024.0,50494.0,Automática,Sedã,145900.0,102.0,São Paulo (SP)
69119118,TOYOTA,COROLLA,2.0 VVT-IE FLEX XEI DIRECT SHIFT,2024,2024.0,46600.0,Automática,Sedã,142990.0,100.0,São Paulo (SP)
67807445,TOYOTA,COROLLA,2.0 VVT-IE FLEX GR-S DIRECT SHIFT,2024,2024.0,60000.0,Automática,Sedã,164990.0,103.0,São Paulo (SP)
67846138,TOYOTA,COROLLA,2.0 VVT-IE FLEX GR-S DIRECT SHIFT,2023,2024.0,62000.0,Automática,Sedã,175000.0,110.0,São Paulo (SP)
69434728,TOYOTA,COROLLA,1.8 XLI 16V FLEX 4P AUTOMÁTICO,2009,2010.0,166000.0,Automática,Sedã,58890.0,110.0,São Paulo (SP)
67822234,TOYOTA,COROLLA,2.0 VVT-IE FLEX XEI DIRECT SHIFT,2021,2022.0,53200.0,Automática,Sedã,135900.0,111.0,São Paulo (SP)
69554219,TOYOTA,COROLLA,2.0 VVT-IE FLEX XEI DIRECT SHIFT,2021,2022.0,54713.0,Automática,Sedã,129900.0,106.0,São Paulo (SP)
69553290,TOYOTA,COROLLA,1.8 GLI 16V FLEX 4P AUTOMÁTICO,2016,2017.0,127000.0,Automática,Sedã,87900.0,108.0,São Paulo (SP)
69438341,TOYOTA,COROLLA,2.0 XEI 16V FLEX 4P AUTOMÁTICO,2016,2017.0,117530.0,Automática,Sedã,93000.0,105.0,São Paulo (SP)
69560267,TOYOTA,COROLLA,2.0 VVT-IE FLEX ALTIS DIRECT SHIFT,2022,2023.0,51996.0,Automática,Sedã,144990.0,101.0,São Paulo (SP)
69558473,TOYOTA,COROLLA,2.0 VVT-IE FLEX XEI DIRECT SHIFT,2024,2024.0,37000.0,Automática,Sedã,144999.0,102.0,São Paulo (SP)
69558458,TOYOTA,COROLLA,2.0 VVT-IE FLEX GLI DIRECT SHIFT,2024,2024.0,36831.0,Automática,Sedã,125890.0,100.0,São Paulo (SP)
69440544,TOYOTA,COROLLA,2.0 VVT-IE FLEX XEI DIRECT SHIFT,2022,2023.0,53000.0,CVT,Sedã,132000.0,103.0,São Paulo (SP)
69429160,TOYOTA,COROLLA,2.0 VVT-IE FLEX XEI DIRECT SHIFT,2022,2023.0,53015.0,Automática,Sedã,133890.0,105.0,São Paulo (SP)
68977754,TOYOTA,COROLLA,2.0 XEI 16V FLEX 4P AUTOMÁTICO,2018,2019.0,118000.0,CVT,Sedã,107900.0,105.0,São Paulo (SP)
68609985,TOYOTA,COROLLA,2.0 VVT-IE FLEX GR-S DIRECT SHIFT,2025,2025.0,25000.0,Automática,Sedã,182201.0,104.0,São Paulo (SP)
69207824,TOYOTA,COROLLA,2.0 VVT-IE FLEX XEI DIRECT SHIFT,2023,2024.0,52000.0,CVT,Sedã,149990.0,105.0,São Paulo (SP)
69086099,TOYOTA,COROLLA,2.0 VVT-IE FLEX XEI DIRECT SHIFT,2022,2023.0,93358.0,Automática,Sedã,134900.0,106.0,São Paulo (SP)
69442245,TOYOTA,COROLLA,2.0 VVT-IE FLEX XEI DIRECT SHIFT,2026,2026.0,0.0,CVT,Sedã,257320.0,157.0,São Paulo (SP)
69108593,TOYOTA,COROLLA,2.0 VVT-IE FLEX GLI DIRECT SHIFT,2023,2024.0,48000.0,Automática,Sedã,144990.0,115.0,São Paulo (SP)
69513580,TOYOTA,COROLLA,2.0 VVT-IE FLEX GR-S DIRECT SHIFT,2022,2023.0,63000.0,CVT,Sedã,139900.0,101.0,São Paulo (SP)
69363274,TOYOTA,COROLLA,1.8 VVT-I HYBRID FLEX ALTIS PREMIUM CVT,2022,2023.0,105000.0,CVT,Sedã,144900.0,100.0,São Paulo (SP)
67908774,TOYOTA,COROLLA,2.0 VVT-IE FLEX XEI DIRECT SHIFT,2020,2021.0,94617.0,Automática,Sedã,129900.0,108.0,São Paulo (SP)
69553784,TOYOTA,COROLLA,1.8 GLI 16V FLEX 4P AUTOMÁTICO,2019,2019.0,152330.0,Automática,Sedã,87990.0,100.0,São Paulo (SP)
69507726,TOYOTA,COROLLA,2.0 VVT-IE FLEX XEI DIRECT SHIFT,2022,2023.0,108000.0,Automática,Sedã,127900.0,100.0,São Paulo (SP)
69507024,TOYOTA,COROLLA,2.0 VVT-IE FLEX XEI DIRECT SHIFT,2023,2024.0,50705.0,CVT,Sedã,147999.0,104.0,São Paulo (SP)
69499607,TOYOTA,COROLLA,2.0 VVT-IE FLEX XEI DIRECT SHIFT,2022,2023.0,88996.0,CVT,Sedã,129900.0,102.0,São Paulo (SP)
69490316,TOYOTA,COROLLA,2.0 VVT-IE FLEX XEI DIRECT SHIFT,2023,2023.0,68340.0,Automática,Sedã,129900.0,102.0,São Paulo (SP)
69489693,TOYOTA,COROLLA,1.8 VVT-I HYBRID FLEX ALTIS CVT,2022,2023.0,62000.0,Automática,Sedã,143790.0,101.0,São Paulo (SP)
69489680,TOYOTA,COROLLA,2.0 VVT-IE FLEX XEI DIRECT SHIFT,2022,2023.0,88535.0,Automática,Sedã,128890.0,101.0,São Paulo (SP)
69488385,TOYOTA,COROLLA,2.0 VVT-IE FLEX ALTIS DIRECT SHIFT,2022,2023.0,64961.0,Automática,Sedã,144890.0,101.0,São Paulo (SP)
69438791,TOYOTA,COROLLA,2.0 VVT-IE FLEX XEI DIRECT SHIFT,2024,2024.0,46600.0,Automática,Sedã,142990.0,100.0,São Paulo (SP)
69434632,TOYOTA,COROLLA,2.0 VVT-IE FLEX GR-S DIRECT SHIFT,2023,2024.0,60157.0,Automática,Sedã,159990.0,100.0,São Paulo (SP)
69430021,TOYOTA,COROLLA,2.0 VVT-IE FLEX XEI DIRECT SHIFT,2022,2023.0,64000.0,Automática,Sedã,129990.0,102.0,São Paulo (SP)
69333013,TOYOTA,COROLLA,2.0 VVT-IE FLEX XEI DIRECT SHIFT,2023,2024.0,56910.0,CVT,Sedã,147990.0,104.0,São Paulo (SP)
69253594,TOYOTA,COROLLA,2.0 VVT-IE FLEX XEI DIRECT SHIFT,2024,2024.0,56862.0,Automática,Sedã,143900.0,101.0,São Paulo (SP)
69222638,TOYOTA,COROLLA,2.0 VVT-IE FLEX XEI DIRECT SHIFT,2021,2022.0,95000.0,CVT,Sedã,123900.0,101.0,São Paulo (SP)
69213028,TOYOTA,COROLLA,2.0 VVT-IE FLEX XEI DIRECT SHIFT,2021,2022.0,95000.0,CVT,Sedã,123900.0,101.0,São Paulo (SP)
69208400,TOYOTA,COROLLA,2.0 VVT-IE FLEX XEI DIRECT SHIFT,2021,2022.0,95000.0,Automática,Sedã,123900.0,101.0,São Paulo (SP)
69096137,TOYOTA,COROLLA,2.0 VVT-IE FLEX XEI DIRECT SHIFT,2022,2023.0,65118.0,CVT,Sedã,130900.0,103.0,São Paulo (SP)
68870997,TOYOTA,COROLLA,2.0 VVT-IE FLEX GLI DIRECT SHIFT,2022,2023.0,87300.0,Automática,Sedã,123900.0,105.0,São Paulo (SP)
68865835,TOYOTA,COROLLA,1.8 GLI 16V FLEX 4P AUTOMÁTICO,2019,2019.0,152330.0,Automática,Sedã,87990.0,100.0,São Paulo (SP)
68511053,TOYOTA,COROLLA,2.0 VVT-IE FLEX XEI DIRECT SHIFT,2024,2024.0,46800.0,Automática,Sedã,143900.0,101.0,São Paulo (SP)
67846698,TOYOTA,COROLLA,2.0 VVT-IE FLEX XEI DIRECT SHIFT,2022,2023.0,108000.0,Automática,Sedã,129900.0,102.0,São Paulo (SP)
67807652,TOYOTA,COROLLA,2.0 VVT-IE FLEX GR-S DIRECT SHIFT,2024,2024.0,60000.0,Automática,Sedã,164990.0,103.0,São Paulo (SP)
66372345,TOYOTA,COROLLA,2.0 VVT-IE FLEX XEI DIRECT SHIFT,2022,2023.0,94000.0,Automática,Sedã,127900.0,100.0,São Paulo (SP)
69442755,TOYOTA,COROLLA,2.0 VVT-IE FLEX XEI DIRECT SHIFT,2026,2026.0,0.0,CVT,Sedã,257320.0,157.0,São Paulo (SP)
67188094,TOYOTA,COROLLA,2.0 VVT-IE FLEX XEI DIRECT SHIFT,2021,2022.0,53000.0,CVT,Sedã,119900.0,98.0,São Paulo (SP)
67734323,TOYOTA,COROLLA,1.8 GLI 16V FLEX 4P AUTOMÁTICO,2010,2011.0,150000.0,Automática,Sedã,52900.0,95.0,São Paulo (SP)
68506966,TOYOTA,COROLLA,2.0 VVT-IE FLEX XEI DIRECT SHIFT,2021,2022.0,18771.0,Automática,Sedã,125900.0,102.0,São Paulo (SP)
67984760,TOYOTA,COROLLA,1.8 GLI 16V FLEX 4P AUTOMÁTICO,2017,2017.0,92000.0,Automática,Sedã,79900.0,98.0,São Paulo (SP)
68365807,TOYOTA,COROLLA,2.0 VVT-IE FLEX XEI DIRECT SHIFT,2021,2021.0,60000.0,Automática,Sedã,109900.0,92.0,São Paulo (SP)
69227748,TOYOTA,COROLLA,2.0 VVT-IE FLEX XEI DIRECT SHIFT,2022,2023.0,24755.0,Automática,Sedã,127900.0,100.0,São Paulo (SP)
61834208,TOYOTA,COROLLA,2.0 VVT-IE FLEX ALTIS DIRECT SHIFT,2023,2024.0,7800.0,CVT,Sedã,176900.0,108.0,São Paulo (SP)
65377883,TOYOTA,COROLLA,2.0 VVT-IE FLEX XEI DIRECT SHIFT,2021,2022.0,40600.0,Automática,Sedã,119990.0,98.0,São Paulo (SP)
66961049,TOYOTA,COROLLA,2.0 VVT-IE FLEX GLI DIRECT SHIFT,2021,2022.0,79000.0,Automática,Sedã,111900.0,98.0,São Paulo (SP)
67583622,TOYOTA,COROLLA,1.8 GLI 16V FLEX 4P AUTOMÁTICO,2017,2018.0,75000.0,Automática,Sedã,88500.0,104.0,São Paulo (SP)
68125222,TOYOTA,COROLLA,2.0 XEI 16V FLEX 4P AUTOMÁTICO,2015,2016.0,86300.0,Automática,Sedã,85990.0,102.0,São Paulo (SP)
67457341,TOYOTA,COROLLA,1.8 GLI 16V FLEX 4P AUTOMÁTICO,2010,2011.0,132000.0,Automática,Sedã,58990.0,106.0,São Paulo (SP)
67912255,TOYOTA,COROLLA,2.0 VVT-IE FLEX ALTIS DIRECT SHIFT,2022,2023.0,23000.0,Automática,Sedã,199800.0,139.0,São Paulo (SP)
67615376,TOYOTA,COROLLA,2.0 XEI 16V FLEX 4P AUTOMÁTICO,2011,2012.0,169000.0,Automática,Sedã,66900.0,105.0,São Paulo (SP)
67188126,TOYOTA,COROLLA,1.8 XEI 16V FLEX 4P MANUAL,2005,2005.0,249000.0,Manual,Sedã,36990.0,103.0,São Paulo (SP)
68358132,TOYOTA,COROLLA,2.0 XEI 16V FLEX 4P AUTOMÁTICO,2014,2015.0,129000.0,Automática,Sedã,87900.0,107.0,São Paulo (SP)
65950393,TOYOTA,COROLLA,1.8 GLI 16V FLEX 4P AUTOMÁTICO,2015,2016.0,169000.0,Automática,Sedã,81900.0,104.0,São Paulo (SP)
68898455,TOYOTA,COROLLA,2.0 XEI 16V FLEX 4P AUTOMÁTICO,2015,2016.0,90000.0,Automática,Sedã,87890.0,104.0,São Paulo (SP)
69371908,TOYOTA,COROLLA,2.0 XEI 16V FLEX 4P AUTOMÁTICO,2014,2015.0,129000.0,Automática,Sedã,87900.0,107.0,São Paulo (SP)
68756746,TOYOTA,COROLLA,1.8 GLI 16V FLEX 4P AUTOMÁTICO,2016,2017.0,140000.0,Automática,Sedã,82900.0,102.0,São Paulo (SP)
66542804,TOYOTA,COROLLA,2.0 XEI 16V FLEX 4P AUTOMÁTICO,2017,2018.0,99000.0,CVT,Sedã,109900.0,110.0,São Paulo (SP)
68357171,TOYOTA,COROLLA,1.8 GLI 16V FLEX 4P AUTOMÁTICO,2010,2010.0,169000.0,Automática,Sedã,54900.0,103.0,São Paulo (SP)
68975434,TOYOTA,COROLLA,1.8 GLI 16V FLEX 4P AUTOMÁTICO,2013,2014.0,174000.0,Manual,Sedã,66990.0,103.0,São Paulo (SP)
68081533,TOYOTA,COROLLA,1.8 GLI 16V FLEX 4P MANUAL,2013,2014.0,172400.0,Manual,Sedã,67990.0,108.0,São Paulo (SP)
66477586,TOYOTA,COROLLA,2.0 VVT-IE FLEX XEI DIRECT SHIFT,2021,2022.0,47107.0,CVT,Sedã,119900.0,98.0,São Paulo (SP)
67802474,TOYOTA,COROLLA,2.0 XEI 16V FLEX 4P AUTOMÁTICO,2014,2015.0,111000.0,Automática,Sedã,91790.0,112.0,São Paulo (SP)
67015782,TOYOTA,COROLLA,2.0 XEI 16V FLEX 4P AUTOMÁTICO,2017,2018.0,74000.0,CVT,Sedã,95500.0,96.0,São Paulo (SP)
67394146,TOYOTA,COROLLA,1.8 XEI 16V FLEX 4P AUTOMÁTICO,2007,2008.0,216999.0,Automática,Sedã,47990.0,112.0,São Paulo (SP)
67084486,TOYOTA,COROLLA,2.0 XEI 16V FLEX 4P AUTOMÁTICO,2018,2018.0,123238.0,CVT,Sedã,93990.0,94.0,São Paulo (SP)
68649484,TOYOTA,COROLLA,2.0 XEI 16V FLEX 4P AUTOMÁTICO,2015,2016.0,79550.0,Automática,Sedã,97800.0,116.0,São Paulo (SP)
67407610,TOYOTA,COROLLA,1.8 GLI 16V FLEX 4P AUTOMÁTICO,2017,2018.0,76000.0,CVT,Sedã,93900.0,110.0,São Paulo (SP)
67783864,TOYOTA,COROLLA,1.8 GLI 16V FLEX 4P AUTOMÁTICO,2014,2015.0,110000.0,Automática,Sedã,75700.0,100.0,São Paulo (SP)
66643483,TOYOTA,COROLLA,2.0 XEI 16V FLEX 4P AUTOMÁTICO,2012,2013.0,199000.0,Automática,Sedã,67000.0,101.0,São Paulo (SP)
66830076,TOYOTA,COROLLA,2.0 VVT-IE FLEX XEI DIRECT SHIFT,2020,2021.0,59800.0,CVT,Sedã,119900.0,100.0,São Paulo (SP)
66876509,TOYOTA,COROLLA,1.8 XEI 16V FLEX 4P AUTOMÁTICO,2008,2009.0,115000.0,Automática,Sedã,54900.0,102.0,São Paulo (SP)
66210966,TOYOTA,COROLLA,2.0 VVT-IE FLEX XEI DIRECT SHIFT,2023,2023.0,28905.0,CVT,Sedã,129800.0,102.0,São Paulo (SP)
67816347,TOYOTA,COROLLA,1.8 GLI 16V FLEX 4P AUTOMÁTICO,2015,2016.0,40000.0,Automática,Sedã,91399.0,117.0,São Paulo (SP)
66162164,TOYOTA,COROLLA,2.0 XEI 16V FLEX 4P AUTOMÁTICO,2011,2012.0,78000.0,Automática,Sedã,74990.0,118.0,São Paulo (SP)
66317013,TOYOTA,COROLLA,2.0 VVT-IE FLEX XEI DIRECT SHIFT,2021,2022.0,43000.0,CVT,Sedã,122900.0,100.0,São Paulo (SP)
68855557,TOYOTA,COROLLA,1.8 GLI 16V FLEX 4P AUTOMÁTICO,2011,2011.0,189688.0,Automática,Sedã,49900.0,90.0,São Paulo (SP)
66798808,TOYOTA,COROLLA,1.8 XEI 16V FLEX 4P MANUAL,2008,2009.0,145000.0,Automática,Sedã,52900.0,102.0,São Paulo (SP)
67237481,TOYOTA,COROLLA,2.0 VVT-IE FLEX GLI DIRECT SHIFT,2021,2021.0,93050.0,Automática,Sedã,104990.0,95.0,São Paulo (SP)
67291671,TOYOTA,COROLLA,2.0 XEI 16V FLEX 4P AUTOMÁTICO,2012,2013.0,159000.0,Automática,Sedã,71890.0,108.0,São Paulo (SP)
67814241,TOYOTA,COROLLA,1.8 VVT-I HYBRID FLEX ALTIS CVT,2020,2020.0,51752.0,CVT,Sedã,129490.0,106.0,São Paulo (SP)
65488478,TOYOTA,COROLLA,2.0 VVT-IE FLEX XEI DIRECT SHIFT,2020,2021.0,69000.0,CVT,Sedã,116900.0,98.0,São Paulo (SP)
67096806,TOYOTA,COROLLA,2.0 XEI 16V FLEX 4P AUTOMÁTICO,2013,2014.0,189972.0,Automática,Sedã,68800.0,98.0,São Paulo (SP)
67887026,TOYOTA,COROLLA,1.8 XEI 16V GASOLINA 4P MANUAL,2000,2001.0,271000.0,Manual,Sedã,27700.0,107.0,São Paulo (SP)
65329160,TOYOTA,COROLLA,2.0 VVT-IE FLEX XEI DIRECT SHIFT,2020,2021.0,109149.0,CVT,Sedã,113900.0,95.0,São Paulo (SP)
67404779,TOYOTA,COROLLA,1.8 GLI 16V FLEX 4P AUTOMÁTICO,2017,2017.0,106000.0,Automática,Sedã,83100.0,102.0,São Paulo (SP)
67532155,TOYOTA,COROLLA,1.8 VVT-I HYBRID FLEX ALTIS CVT,2022,2022.0,76876.0,CVT,Sedã,137900.0,103.0,São Paulo (SP)
65370527,TOYOTA,COROLLA,2.0 VVT-IE FLEX XEI DIRECT SHIFT,2023,2023.0,34000.0,CVT,Sedã,179900.0,141.0,São Paulo (SP)
67566548,TOYOTA,COROLLA,2.0 XEI 16V FLEX 4P AUTOMÁTICO,2018,2019.0,79965.0,Automática,Sedã,105990.0,103.0,São Paulo (SP)
65603434,TOYOTA,COROLLA,1.8 GLI UPPER 16V FLEX 4P AUTOMÁTICO,2017,2018.0,82000.0,CVT,Sedã,94900.0,110.0,São Paulo (SP)
67024495,TOYOTA,COROLLA,1.8 GLI 16V FLEX 4P AUTOMÁTICO,2017,2018.0,104313.0,CVT,Sedã,87990.0,103.0,São Paulo (SP)
66988839,TOYOTA,COROLLA,2.0 XEI 16V FLEX 4P AUTOMÁTICO,2011,2012.0,96000.0,Automática,Sedã,69990.0,110.0,São Paulo (SP)
67609606,TOYOTA,COROLLA,2.0 XEI 16V FLEX 4P AUTOMÁTICO,2011,2012.0,183593.0,Automática,Sedã,69900.0,110.0,São Paulo (SP)
67810821,TOYOTA,COROLLA,2.0 XEI 16V FLEX 4P AUTOMÁTICO,2013,2014.0,129000.0,Automática,Sedã,64900.0,93.0,São Paulo (SP)
68087229,TOYOTA,COROLLA,2.0 XEI 16V FLEX 4P AUTOMÁTICO,2015,2016.0,91000.0,Automática,Sedã,78900.0,93.0,São Paulo (SP)
67694408,TOYOTA,COROLLA,2.0 XEI 16V FLEX 4P AUTOMÁTICO,2011,2012.0,93333.0,Automática,Sedã,61900.0,97.0,São Paulo (SP)
68644381,TOYOTA,COROLLA,1.8 GLI 16V FLEX 4P AUTOMÁTICO,2017,2018.0,74000.0,CVT,Sedã,85000.0,100.0,São Paulo (SP)
67429066,TOYOTA,COROLLA,2.0 XEI 16V FLEX 4P AUTOMÁTICO,2013,2014.0,99000.0,Automática,Sedã,69900.0,100.0,São Paulo (SP)
67064413,TOYOTA,COROLLA,1.8 VVT-I HYBRID FLEX ALTIS CVT,2023,2024.0,14396.0,CVT,Sedã,164900.0,102.0,São Paulo (SP)
64997304,TOYOTA,COROLLA,1.8 GLI 16V FLEX 4P AUTOMÁTICO,2016,2017.0,134000.0,Automática,Sedã,78900.0,97.0,São Paulo (SP)
68102469,TOYOTA,COROLLA,2.0 VVT-IE FLEX ALTIS DIRECT SHIFT,2019,2020.0,55000.0,CVT,Sedã,124890.0,100.0,São Paulo (SP)
68510198,TOYOTA,COROLLA,2.0 VVT-IE FLEX ALTIS DIRECT SHIFT,2021,2022.0,11000.0,CVT,Sedã,119900.0,88.0,São Paulo (SP)
68084504,TOYOTA,COROLLA,2.0 XEI 16V FLEX 4P AUTOMÁTICO,2018,2019.0,180000.0,Automática,Sedã,85900.0,84.0,São Paulo (SP)
66875439,TOYOTA,COROLLA,1.8 SE-G 16V FLEX 4P AUTOMÁTICO,2008,2009.0,156000.0,Automática,Sedã,54900.0,98.0,São Paulo (SP)
65420757,TOYOTA,COROLLA,2.0 VVT-IE FLEX XEI DIRECT SHIFT,2020,2020.0,96000.0,CVT,Sedã,109900.0,94.0,São Paulo (SP)
67803484,TOYOTA,COROLLA,1.8 GLI UPPER 16V FLEX 4P AUTOMÁTICO,2017,2018.0,95263.0,Automática,Sedã,84990.0,99.0,São Paulo (SP)
63720750,TOYOTA,COROLLA,2.0 XEI 16V FLEX 4P AUTOMÁTICO,2014,2015.0,143000.0,Automática,Sedã,73665.0,90.0,São Paulo (SP)
64951817,TOYOTA,COROLLA,2.0 XEI 16V FLEX 4P AUTOMÁTICO,2015,2016.0,109330.0,Automática,Sedã,89990.0,107.0,São Paulo (SP)
63678965,TOYOTA,COROLLA,2.0 XEI 16V FLEX 4P AUTOMÁTICO,2014,2015.0,82000.0,Automática,Sedã,85900.0,105.0,São Paulo (SP)
65160990,TOYOTA,COROLLA,2.0 XEI 16V FLEX 4P AUTOMÁTICO,2012,2013.0,197000.0,Automática,Sedã,59900.0,90.0,São Paulo (SP)
65284883,TOYOTA,COROLLA,1.8 VVT-I HYBRID FLEX ALTIS CVT,2021,2022.0,91081.0,CVT,Sedã,118900.0,89.0,São Paulo (SP)
68237071,TOYOTA,COROLLA,1.8 VVT-I HYBRID FLEX ALTIS CVT,2024,2024.0,27556.0,Automática,Sedã,161490.0,100.0,São Paulo (SP)
67427854,TOYOTA,COROLLA,1.8 VVT-I HYBRID FLEX ALTIS PREMIUM CVT,2023,2024.0,25000.0,Automática,Sedã,170990.0,103.0,São Paulo (SP)
67850696,TOYOTA,COROLLA,2.0 XEI 16V FLEX 4P AUTOMÁTICO,2013,2014.0,139000.0,Automática,Sedã,65900.0,94.0,São Paulo (SP)
67236719,TOYOTA,COROLLA,1.8 SE-G 16V GASOLINA 4P AUTOMÁTICO,2003,2003.0,297356.0,Automática,Sedã,34900.0,100.0,São Paulo (SP)
67345058,TOYOTA,COROLLA,2.0 XEI 16V FLEX 4P AUTOMÁTICO,2013,2013.0,139300.0,Automática,Sedã,65800.0,99.0,São Paulo (SP)
65397289,TOYOTA,COROLLA,1.8 GLI 16V FLEX 4P AUTOMÁTICO,2011,2012.0,153914.0,Automática,Sedã,57990.0,97.0,São Paulo (SP)
66737594,TOYOTA,COROLLA,2.0 XEI 16V FLEX 4P AUTOMÁTICO,2012,2013.0,101000.0,Automática,Sedã,69900.0,105.0,São Paulo (SP)
67117027,TOYOTA,COROLLA,2.0 VVT-IE FLEX ALTIS DIRECT SHIFT,2020,2021.0,30000.0,CVT,Sedã,168500.0,129.0,São Paulo (SP)
67750960,TOYOTA,COROLLA,1.6 XLI 16V GASOLINA 4P AUTOMÁTICO,2008,2008.0,190000.0,Automática,Sedã,41990.0,103.0,São Paulo (SP)
67480983,TOYOTA,COROLLA,2.0 VVT-IE FLEX GLI DIRECT SHIFT,2024,2024.0,13000.0,Automática,Sedã,127890.0,102.0,São Paulo (SP)
68661880,TOYOTA,COROLLA,2.0 VVT-IE FLEX GR-S DIRECT SHIFT,2021,2022.0,35608.0,CVT,Sedã,129000.0,101.0,São Paulo (SP)
65951584,TOYOTA,COROLLA,1.8 GLI UPPER 16V FLEX 4P AUTOMÁTICO,2017,2018.0,95265.0,Automática,Sedã,84990.0,99.0,São Paulo (SP)
67139574,TOYOTA,COROLLA,2.0 XEI 16V FLEX 4P AUTOMÁTICO,2013,2013.0,149000.0,Automática,Sedã,66900.0,101.0,São Paulo (SP)
69387928,TOYOTA,COROLLA,2.0 VVT-IE FLEX XEI DIRECT SHIFT,2022,2023.0,35560.0,Automática,Sedã,116990.0,92.0,São Paulo (SP)
67382724,TOYOTA,COROLLA,2.0 XEI 16V FLEX 4P AUTOMÁTICO,2017,2018.0,54500.0,CVT,Sedã,109800.0,110.0,São Paulo (SP)
66634736,TOYOTA,COROLLA,2.0 VVT-IE FLEX ALTIS DIRECT SHIFT,2021,2022.0,43000.0,Automática,Sedã,139900.0,103.0,São Paulo (SP)
66936097,TOYOTA,COROLLA,1.8 XEI 16V FLEX 4P AUTOMÁTICO,2008,2009.0,158000.0,Automática,Sedã,53900.0,100.0,São Paulo (SP)
67900397,TOYOTA,COROLLA,1.8 GLI 16V FLEX 4P MANUAL,2009,2010.0,142000.0,Manual,Sedã,54900.0,104.0,São Paulo (SP)
68299509,TOYOTA,COROLLA,1.6 XLI 16V GASOLINA 4P MANUAL,2004,2004.0,289000.0,Manual,Sedã,29900.0,97.0,São Paulo (SP)
67020016,TOYOTA,COROLLA,2.0 VVT-IE FLEX XEI DIRECT SHIFT,2020,2021.0,57000.0,CVT,Sedã,118390.0,99.0,São Paulo (SP)
68181997,TOYOTA,COROLLA,2.0 VVT-IE FLEX XEI DIRECT SHIFT,2021,2022.0,65200.0,Automática,Sedã,113890.0,93.0,São Paulo (SP)
66009077,TOYOTA,COROLLA,2.0 XEI 16V FLEX 4P AUTOMÁTICO,2018,2019.0,109000.0,CVT,Sedã,104800.0,102.0,São Paulo (SP)
69085892,TOYOTA,COROLLA,2.0 VVT-IE FLEX XEI DIRECT SHIFT,2019,2020.0,32000.0,Automática,Sedã,115890.0,99.0,São Paulo (SP)
65571990,TOYOTA,COROLLA,2.0 XEI 16V FLEX 4P AUTOMÁTICO,2018,2019.0,89000.0,CVT,Sedã,99790.0,97.0,São Paulo (SP)
69031995,TOYOTA,COROLLA,1.8 GLI 16V FLEX 4P AUTOMÁTICO,2012,2013.0,121300.0,Automática,Sedã,56900.0,91.0,São Paulo (SP)
67341528,TOYOTA,COROLLA,1.8 GLI 16V FLEX 4P AUTOMÁTICO,2012,2013.0,127541.0,Automática,Sedã,60750.0,97.0,São Paulo (SP)
67205610,TOYOTA,COROLLA,2.0 ALTIS 16V FLEX 4P AUTOMÁTICO,2012,2013.0,120000.0,Automática,Sedã,69999.0,104.0,São Paulo (SP)
67145519,TOYOTA,COROLLA,1.8 VVT-I HYBRID FLEX ALTIS PREMIUM CVT,2023,2024.0,36000.0,Automática,Sedã,168900.0,102.0,São Paulo (SP)
67871170,TOYOTA,COROLLA,2.0 VVT-IE FLEX ALTIS DIRECT SHIFT,2023,2023.0,34780.0,CVT,Sedã,143900.0,100.0,São Paulo (SP)
67581921,TOYOTA,COROLLA,1.8 LE 16V GASOLINA 4P AUTOMÁTICO,1993,1994.0,105407.0,Automática,Sedã,49999.0,402.0,São Paulo (SP)
67401790,TOYOTA,COROLLA,1.8 GLI UPPER 16V FLEX 4P AUTOMÁTICO,2016,2016.0,197000.0,Automática,Sedã,74990.0,95.0,São Paulo (SP)
66379653,TOYOTA,COROLLA,2.0 XEI 16V FLEX 4P AUTOMÁTICO,2016,2017.0,94000.0,Automática,Sedã,87900.0,100.0,São Paulo (SP)
66546813,TOYOTA,COROLLA,2.0 VVT-IE FLEX GLI DIRECT SHIFT,2021,2022.0,123000.0,Automática,Sedã,102900.0,90.0,São Paulo (SP)
66507651,TOYOTA,COROLLA,2.0 VVT-IE FLEX GLI DIRECT SHIFT,2020,2021.0,77104.0,Automática,Sedã,105890.0,96.0,São Paulo (SP)
67211795,TOYOTA,COROLLA,2.0 ALTIS 16V FLEX 4P AUTOMÁTICO,2013,2013.0,98000.0,Automática,Sedã,73990.0,109.0,São Paulo (SP)
67285075,TOYOTA,COROLLA,2.0 ALTIS 16V FLEX 4P AUTOMÁTICO,2017,2018.0,89000.0,CVT,Sedã,102900.0,100.0,São Paulo (SP)
67428432,TOYOTA,COROLLA,2.0 VVT-IE FLEX XEI DIRECT SHIFT,2023,2024.0,26950.0,Automática,Sedã,139790.0,98.0,São Paulo (SP)
66525646,TOYOTA,COROLLA,2.0 XEI 16V FLEX 4P AUTOMÁTICO,2014,2015.0,130000.0,Automática,Sedã,79990.0,98.0,São Paulo (SP)
68651160,TOYOTA,COROLLA,1.6 XLI 16V GASOLINA 4P AUTOMÁTICO,2006,2007.0,216000.0,Automática,Sedã,40777.0,110.0,São Paulo (SP)
69266861,TOYOTA,COROLLA,1.8 GLI 16V FLEX 4P AUTOMÁTICO,2017,2017.0,149697.0,Automática,Sedã,74990.0,92.0,São Paulo (SP)
67407282,TOYOTA,COROLLA,2.0 XEI 16V FLEX 4P AUTOMÁTICO,2019,2019.0,103245.0,Automática,Sedã,107900.0,105.0,São Paulo (SP)
67749426,TOYOTA,COROLLA,2.0 VVT-IE FLEX GLI DIRECT SHIFT,2024,2024.0,32138.0,Automática,Sedã,124890.0,99.0,São Paulo (SP)
65878110,TOYOTA,COROLLA,2.0 XEI 16V FLEX 4P AUTOMÁTICO,2016,2017.0,78400.0,Automática,Sedã,95800.0,109.0,São Paulo (SP)
67817858,TOYOTA,COROLLA,1.8 SE-G 16V FLEX 4P AUTOMÁTICO,2007,2008.0,153000.0,Automática,Sedã,50900.0,111.0,São Paulo (SP)
66221841,TOYOTA,COROLLA,2.0 VVT-IE FLEX GLI DIRECT SHIFT,2020,2021.0,94000.0,CVT,Sedã,110000.0,100.0,São Paulo (SP)
66717891,TOYOTA,COROLLA,2.0 VVT-IE FLEX ALTIS DIRECT SHIFT,2019,2020.0,59000.0,CVT,Sedã,129890.0,104.0,São Paulo (SP)
67022354,TOYOTA,COROLLA,1.8 XEI 16V FLEX 4P AUTOMÁTICO,2009,2010.0,230000.0,Automática,Sedã,55200.0,99.0,São Paulo (SP)
67483979,TOYOTA,COROLLA,1.8 VVT-I HYBRID FLEX ALTIS PREMIUM CVT,2020,2021.0,74000.0,Automática,Sedã,127900.0,99.0,São Paulo (SP)
66393182,TOYOTA,COROLLA,1.8 GLI UPPER 16V FLEX 4P AUTOMÁTICO,2016,2017.0,89592.0,Automática,Sedã,83890.0,103.0,São Paulo (SP)
67832303,TOYOTA,COROLLA,1.8 GLI 16V FLEX 4P AUTOMÁTICO,2016,2017.0,74000.0,Automática,Sedã,86900.0,107.0,São Paulo (SP)
68746230,TOYOTA,COROLLA,1.6 XLI 16V GASOLINA 4P AUTOMÁTICO,2008,2009.0,130000.0,Automática,Sedã,58500.0,116.0,São Paulo (SP)
67695920,TOYOTA,COROLLA,1.8 VVT-I HYBRID FLEX ALTIS PREMIUM CVT,2020,2020.0,41800.0,CVT,Sedã,159900.0,127.0,São Paulo (SP)
67294245,TOYOTA,COROLLA,2.0 XRS 16V FLEX 4P AUTOMÁTICO,2012,2013.0,237918.0,Automática,Sedã,69890.0,104.0,São Paulo (SP)
67273519,TOYOTA,COROLLA,2.0 VVT-IE FLEX ALTIS DIRECT SHIFT,2024,2024.0,15300.0,Automática,Sedã,175900.0,108.0,São Paulo (SP)
66961507,TOYOTA,COROLLA,1.8 XEI 16V FLEX 4P AUTOMÁTICO,2008,2009.0,167000.0,Automática,Sedã,53900.0,100.0,São Paulo (SP)
67446123,TOYOTA,COROLLA,2.0 VVT-IE FLEX XEI DIRECT SHIFT,2022,2023.0,29700.0,CVT,Sedã,169900.0,133.0,São Paulo (SP)
67163848,TOYOTA,COROLLA,2.0 XEI 16V FLEX 4P AUTOMÁTICO,2018,2019.0,63257.0,CVT,Sedã,107900.0,105.0,São Paulo (SP)
67760257,TOYOTA,COROLLA,2.0 VVT-IE FLEX XEI DIRECT SHIFT,2024,2024.0,55800.0,Automática,Sedã,126890.0,89.0,São Paulo (SP)
67632020,TOYOTA,COROLLA,2.0 XRS 16V FLEX 4P AUTOMÁTICO,2012,2013.0,120000.0,Automática,Sedã,69900.0,104.0,São Paulo (SP)
66144473,TOYOTA,COROLLA,1.8 XLI 16V FLEX 4P AUTOMÁTICO,2009,2010.0,118900.0,Automática,Sedã,53900.0,101.0,São Paulo (SP)
67806866,TOYOTA,COROLLA,2.0 XEI 16V FLEX 4P AUTOMÁTICO,2011,2012.0,130220.0,Automática,Sedã,64990.0,102.0,São Paulo (SP)
67894693,TOYOTA,COROLLA,1.8 GLI 16V FLEX 4P AUTOMÁTICO,2017,2018.0,69810.0,Automática,Sedã,90999.0,107.0,São Paulo (SP)
67811859,TOYOTA,COROLLA,1.8 GLI 16V FLEX 4P AUTOMÁTICO,2012,2013.0,163400.0,Automática,Sedã,63900.0,102.0,São Paulo (SP)
67063329,TOYOTA,COROLLA,2.0 XEI 16V FLEX 4P AUTOMÁTICO,2013,2013.0,140690.0,Automática,Sedã,69900.0,105.0,São Paulo (SP)
65365325,TOYOTA,COROLLA,1.8 GLI 16V FLEX 4P AUTOMÁTICO,2010,2011.0,160700.0,Automática,Sedã,52900.0,95.0,São Paulo (SP)
66896452,TOYOTA,COROLLA,2.0 VVT-IE FLEX XEI DIRECT SHIFT,2020,2021.0,44839.0,Automática,Sedã,123900.0,103.0,São Paulo (SP)
67824273,TOYOTA,COROLLA,1.8 XEI 16V GASOLINA 4P AUTOMÁTICO,2007,2007.0,144000.0,Automática,Sedã,46900.0,115.0,São Paulo (SP)
64959251,TOYOTA,COROLLA,1.8 GLI 16V FLEX 4P AUTOMÁTICO,2013,2014.0,153505.0,Automática,Sedã,64800.0,100.0,São Paulo (SP)
67110061,TOYOTA,COROLLA,2.0 XEI 16V FLEX 4P AUTOMÁTICO,2014,2015.0,124149.0,Automática,Sedã,81000.0,99.0,São Paulo (SP)
67671494,TOYOTA,COROLLA,1.8 VVT-I HYBRID FLEX ALTIS PREMIUM CVT,2024,2024.0,34000.0,CVT,Sedã,169900.0,103.0,São Paulo (SP)
67640092,TOYOTA,COROLLA,2.0 XEI 16V FLEX 4P AUTOMÁTICO,2019,2019.0,52780.0,Automática,Sedã,105890.0,103.0,São Paulo (SP)
67766957,TOYOTA,COROLLA,2.0 VVT-IE FLEX GR-S DIRECT SHIFT,2024,2024.0,35200.0,Automática,Sedã,157890.0,99.0,São Paulo (SP)
67774677,TOYOTA,COROLLA,2.0 ALTIS 16V FLEX 4P AUTOMÁTICO,2015,2016.0,104000.0,Automática,Sedã,92900.0,108.0,São Paulo (SP)
67187796,TOYOTA,COROLLA,2.0 XEI 16V FLEX 4P AUTOMÁTICO,2012,2013.0,184492.0,Automática,Sedã,64900.0,98.0,São Paulo (SP)
67786121,TOYOTA,COROLLA,1.8 GLI 16V FLEX 4P AUTOMÁTICO,2018,2018.0,71000.0,CVT,Sedã,89999.0,106.0,São Paulo (SP)
67086970,TOYOTA,COROLLA,1.8 GLI 16V FLEX 4P AUTOMÁTICO,2017,2018.0,87000.0,CVT,Sedã,87990.0,103.0,São Paulo (SP)
67448226,TOYOTA,COROLLA,1.8 XEI 16V FLEX 4P AUTOMÁTICO,2009,2010.0,270000.0,Automática,Sedã,52900.0,95.0,São Paulo (SP)
68896688,TOYOTA,COROLLA,1.8 VVT-I HYBRID FLEX ALTIS PREMIUM CVT,2021,2022.0,60000.0,Automática,Sedã,134900.0,100.0,São Paulo (SP)
66260640,TOYOTA,COROLLA,2.0 VVT-IE FLEX XEI DIRECT SHIFT,2020,2020.0,78000.0,Automática,Sedã,112900.0,97.0,São Paulo (SP)
66073922,TOYOTA,COROLLA,2.0 ALTIS 16V FLEX 4P AUTOMÁTICO,2014,2015.0,80000.0,Automática,Sedã,99997.0,120.0,São Paulo (SP)
67404526,TOYOTA,COROLLA,1.8 GLI 16V FLEX 4P AUTOMÁTICO,2013,2014.0,110000.0,Automática,Sedã,66990.0,103.0,São Paulo (SP)
68894539,TOYOTA,COROLLA,1.8 VVT-I HYBRID FLEX ALTIS PREMIUM CVT,2020,2021.0,47000.0,CVT,Sedã,134990.0,104.0,São Paulo (SP)
67507215,TOYOTA,COROLLA,1.8 VVT-I HYBRID FLEX ALTIS CVT,2019,2020.0,87000.0,Automática,Sedã,124900.0,102.0,São Paulo (SP)
67782289,TOYOTA,COROLLA,1.8 XEI 16V FLEX 4P AUTOMÁTICO,2009,2009.0,185470.0,Automática,Sedã,57990.0,108.0,São Paulo (SP)
68300905,TOYOTA,COROLLA,1.8 SE-G 16V GASOLINA 4P AUTOMÁTICO,2004,2004.0,150000.0,Automática,Sedã,36900.0,102.0,São Paulo (SP)
67964245,TOYOTA,COROLLA,2.0 VVT-IE FLEX XEI DIRECT SHIFT,2024,2024.0,68000.0,Automática,Sedã,132990.0,93.0,São Paulo (SP)
62742389,TOYOTA,COROLLA,2.0 VVT-IE FLEX XEI DIRECT SHIFT,2023,2024.0,38300.0,CVT,Sedã,139900.0,98.0,São Paulo (SP)
68878621,TOYOTA,COROLLA,2.0 XRS 16V FLEX 4P AUTOMÁTICO,2013,2014.0,189789.0,Automática,Sedã,65700.0,96.0,São Paulo (SP)
66530900,TOYOTA,COROLLA,1.8 GLI 16V FLEX 4P AUTOMÁTICO,2015,2016.0,115000.0,CVT,Sedã,81900.0,104.0,São Paulo (SP)
66933906,TOYOTA,COROLLA,1.8 XEI 16V GASOLINA 4P AUTOMÁTICO,2000,2000.0,156590.0,Automática,Sedã,35900.0,152.0,São Paulo (SP)
60980269,TOYOTA,COROLLA,2.0 VVT-IE FLEX XEI DIRECT SHIFT,2022,2023.0,48400.0,CVT,Sedã,126800.0,99.0,São Paulo (SP)
69370784,TOYOTA,COROLLA,1.8 VVT-I HYBRID FLEX ALTIS PREMIUM CVT,2019,2020.0,70768.0,Automática,Sedã,122990.0,98.0,São Paulo (SP)
64664667,TOYOTA,COROLLA,1.8 XEI 16V GASOLINA 4P MANUAL,2005,2005.0,305000.0,Manual,Sedã,34990.0,97.0,São Paulo (SP)
68243954,TOYOTA,COROLLA,1.8 VVT-I HYBRID FLEX ALTIS PREMIUM CVT,2019,2020.0,150000.0,Automática,Sedã,118990.0,95.0,São Paulo (SP)
67335107,TOYOTA,COROLLA,1.8 GLI 16V FLEX 4P AUTOMÁTICO,2015,2016.0,99000.0,Automática,Sedã,78990.0,101.0,São Paulo (SP)
66045423,TOYOTA,COROLLA,2.0 XEI 16V FLEX 4P AUTOMÁTICO,2018,2019.0,91000.0,Automática,Sedã,107900.0,105.0,São Paulo (SP)
66865913,TOYOTA,COROLLA,1.8 XLI 16V FLEX 4P AUTOMÁTICO,2009,2010.0,115118.0,Automática,Sedã,58700.0,110.0,São Paulo (SP)
60837887,TOYOTA,COROLLA,2.0 VVT-IE FLEX GLI DIRECT SHIFT,2019,2020.0,79448.0,Automática,Sedã,109490.0,102.0,São Paulo (SP)
68402082,TOYOTA,COROLLA,1.8 GLI 16V FLEX 4P AUTOMÁTICO,2017,2018.0,95000.0,Automática,Sedã,84990.0,100.0,São Paulo (SP)
66842353,TOYOTA,COROLLA,2.0 VVT-IE FLEX XEI DIRECT SHIFT,2021,2022.0,39000.0,Automática,Sedã,129990.0,106.0,São Paulo (SP)
66025643,TOYOTA,COROLLA,2.0 XEI 16V FLEX 4P AUTOMÁTICO,2018,2019.0,116120.0,Automática,Sedã,99900.0,97.0,São Paulo (SP)
64689959,TOYOTA,COROLLA,2.0 VVT-IE FLEX XEI DIRECT SHIFT,2022,2023.0,25872.0,Automática,Sedã,137900.0,108.0,São Paulo (SP)
66344441,TOYOTA,COROLLA,1.6 XLI 16V GASOLINA 4P AUTOMÁTICO,2007,2007.0,178000.0,Automática,Sedã,48800.0,132.0,São Paulo (SP)
64811578,TOYOTA,COROLLA,2.0 VVT-IE FLEX GLI DIRECT SHIFT,2020,2021.0,99806.0,Automática,Sedã,98900.0,90.0,São Paulo (SP)
64811676,TOYOTA,COROLLA,2.0 VVT-IE FLEX GLI DIRECT SHIFT,2020,2021.0,99806.0,Automática,Sedã,99900.0,91.0,São Paulo (SP)
66136237,TOYOTA,COROLLA,2.0 ALTIS 16V FLEX 4P AUTOMÁTICO,2014,2015.0,109000.0,Automática,Sedã,86997.0,105.0,São Paulo (SP)
67030572,TOYOTA,COROLLA,1.8 VVT-I HYBRID FLEX ALTIS PREMIUM CVT,2021,2022.0,52000.0,CVT,Sedã,149900.0,111.0,São Paulo (SP)
67187900,TOYOTA,COROLLA,2.0 VVT-IE FLEX GLI DIRECT SHIFT,2024,2024.0,31118.0,CVT,Sedã,129900.0,103.0,São Paulo (SP)
63624850,TOYOTA,COROLLA,2.0 VVT-IE FLEX GR-S DIRECT SHIFT,2023,2023.0,47500.0,Automática,Sedã,135900.0,98.0,São Paulo (SP)
67657915,TOYOTA,COROLLA,2.0 VVT-IE FLEX ALTIS DIRECT SHIFT,2024,2024.0,39000.0,CVT,Sedã,159890.0,98.0,São Paulo (SP)
66729875,TOYOTA,COROLLA,1.8 XEI 16V FLEX 4P AUTOMÁTICO,2008,2009.0,92000.0,Automática,Sedã,57900.0,108.0,São Paulo (SP)
67381662,TOYOTA,COROLLA,2.0 VVT-IE FLEX XEI DIRECT SHIFT,2023,2023.0,26000.0,CVT,Sedã,132990.0,104.0,São Paulo (SP)
64977113,TOYOTA,COROLLA,1.8 GLI UPPER 16V FLEX 4P AUTOMÁTICO,2018,2019.0,110000.0,CVT,Sedã,85000.0,96.0,São Paulo (SP)
68402608,TOYOTA,COROLLA,2.0 XEI 16V FLEX 4P AUTOMÁTICO,2017,2018.0,47987.0,CVT,Sedã,102990.0,103.0,São Paulo (SP)
67199992,TOYOTA,COROLLA,2.0 VVT-IE FLEX XEI DIRECT SHIFT,2024,2024.0,14000.0,Automática,Sedã,149990.0,105.0,São Paulo (SP)
65132058,TOYOTA,COROLLA,2.0 VVT-IE FLEX GR-S DIRECT SHIFT,2022,2023.0,28600.0,CVT,Sedã,143900.0,104.0,São Paulo (SP)
66602240,TOYOTA,COROLLA,2.0 VVT-IE FLEX GLI DIRECT SHIFT,2021,2021.0,59000.0,CVT,Sedã,112900.0,102.0,São Paulo (SP)
66942651,TOYOTA,COROLLA,1.8 VVT-I HYBRID FLEX ALTIS PREMIUM CVT,2025,2025.0,21200.0,CVT,Sedã,184900.0,103.0,São Paulo (SP)
67282801,TOYOTA,COROLLA,1.8 VVT-I HYBRID FLEX ALTIS PREMIUM CVT,2025,2025.0,21000.0,Automática,Sedã,182900.0,102.0,São Paulo (SP)
67458568,TOYOTA,COROLLA,2.0 XRS 16V FLEX 4P AUTOMÁTICO,2017,2018.0,75000.0,Automática,Sedã,102900.0,104.0,São Paulo (SP)
51150246,TOYOTA,COROLLA,2.0 VVT-IE FLEX XEI DIRECT SHIFT,2020,2021.0,78000.0,Automática,Sedã,134000.0,112.0,São Paulo (SP)
67274673,TOYOTA,COROLLA,2.0 VVT-IE FLEX GLI DIRECT SHIFT,2021,2022.0,45000.0,Automática,Sedã,113770.0,99.0,São Paulo (SP)
64517278,TOYOTA,COROLLA,2.0 XEI 16V FLEX 4P AUTOMÁTICO,2018,2019.0,162700.0,Automática,Sedã,96990.0,94.0,São Paulo (SP)
68901903,TOYOTA,COROLLA,1.8 VVT-I HYBRID FLEX ALTIS CVT,2020,2021.0,79300.0,CVT,Sedã,119990.0,95.0,São Paulo (SP)
68986616,TOYOTA,COROLLA,2.0 VVT-IE FLEX ALTIS PREMIUM DIRECT SHIFT,2025,2025.0,13855.0,Automática,Sedã,176900.0,100.0,São Paulo (SP)
67979837,TOYOTA,COROLLA,2.0 XEI 16V FLEX 4P AUTOMÁTICO,2010,2011.0,79400.0,Automática,Sedã,64900.0,111.0,São Paulo (SP)
67534192,TOYOTA,COROLLA,1.8 XEI 16V FLEX 4P AUTOMÁTICO,2009,2010.0,210000.0,Automática,Sedã,55900.0,101.0,São Paulo (SP)
66321839,TOYOTA,COROLLA,1.8 VVT-I HYBRID FLEX ALTIS CVT,2023,2023.0,72376.0,Automática,Sedã,136900.0,96.0,São Paulo (SP)
67609133,TOYOTA,COROLLA,2.0 XEI 16V FLEX 4P AUTOMÁTICO,2015,2016.0,128800.0,CVT,Sedã,86890.0,103.0,São Paulo (SP)
67048648,TOYOTA,COROLLA,1.8 VVT-I HYBRID FLEX ALTIS PREMIUM CVT,2023,2023.0,72719.0,CVT,Sedã,136990.0,95.0,São Paulo (SP)
68978158,TOYOTA,COROLLA,2.0 VVT-IE FLEX XEI DIRECT SHIFT,2023,2024.0,24516.0,Automática,Sedã,139890.0,98.0,São Paulo (SP)
67238088,TOYOTA,COROLLA,2.0 VVT-IE FLEX ALTIS DIRECT SHIFT,2020,2021.0,71224.0,Automática,Sedã,136900.0,105.0,São Paulo (SP)
67586172,TOYOTA,COROLLA,2.0 XEI 16V FLEX 4P AUTOMÁTICO,2016,2017.0,98300.0,Automática,Sedã,90990.0,103.0,São Paulo (SP)
67611304,TOYOTA,COROLLA,2.0 XEI 16V FLEX 4P AUTOMÁTICO,2014,2015.0,115884.0,Automática,Sedã,84890.0,104.0,São Paulo (SP)
67245142,TOYOTA,COROLLA,1.8 GLI UPPER 16V FLEX 4P AUTOMÁTICO,2015,2016.0,147000.0,Automática,Sedã,78890.0,100.0,São Paulo (SP)
67598500,TOYOTA,COROLLA,1.8 VVT-I HYBRID FLEX ALTIS CVT,2019,2020.0,177745.0,Automática,Sedã,111700.0,91.0,São Paulo (SP)
65540004,TOYOTA,COROLLA,2.0 VVT-IE FLEX ALTIS DIRECT SHIFT,2020,2021.0,72037.0,Automática,Sedã,134900.0,103.0,São Paulo (SP)
66984136,TOYOTA,COROLLA,2.0 ALTIS 16V FLEX 4P AUTOMÁTICO,2018,2019.0,67423.0,Automática,Sedã,107990.0,101.0,São Paulo (SP)
67961615,TOYOTA,COROLLA,2.0 XRS 16V FLEX 4P AUTOMÁTICO,2017,2018.0,90700.0,CVT,Sedã,99900.0,101.0,São Paulo (SP)
66487550,TOYOTA,COROLLA,2.0 XEI 16V FLEX 4P AUTOMÁTICO,2014,2015.0,139000.0,Automática,Sedã,85000.0,104.0,São Paulo (SP)
68183939,TOYOTA,COROLLA,1.8 VVT-I HYBRID FLEX ALTIS PREMIUM CVT,2019,2020.0,107000.0,Automática,Sedã,119990.0,96.0,São Paulo (SP)
67762756,TOYOTA,COROLLA,2.0 ALTIS 16V FLEX 4P AUTOMÁTICO,2014,2015.0,94483.0,Automática,Sedã,85000.0,102.0,São Paulo (SP)
67715569,TOYOTA,COROLLA,1.8 VVT-I HYBRID FLEX ALTIS PREMIUM CVT,2020,2021.0,59000.0,CVT,Sedã,169990.0,131.0,São Paulo (SP)
64811887,TOYOTA,COROLLA,2.0 VVT-IE FLEX GLI DIRECT SHIFT,2020,2021.0,99806.0,Automática,Sedã,98900.0,90.0,São Paulo (SP)
68399810,TOYOTA,COROLLA,1.8 VVT-I HYBRID FLEX ALTIS PREMIUM CVT,2023,2023.0,48080.0,CVT,Sedã,142990.0,99.0,São Paulo (SP)
69233718,TOYOTA,COROLLA,2.0 XEI 16V FLEX 4P AUTOMÁTICO,2016,2017.0,78704.0,Automática,Sedã,87900.0,100.0,São Paulo (SP)
68740358,TOYOTA,COROLLA,1.8 VVT-I HYBRID FLEX ALTIS CVT,2020,2021.0,60081.0,Automática,Sedã,125890.0,100.0,São Paulo (SP)
66220759,TOYOTA,COROLLA,1.8 GLI 16V FLEX 4P AUTOMÁTICO,2014,2015.0,148000.0,CVT,Sedã,79700.0,106.0,São Paulo (SP)
67565027,TOYOTA,COROLLA,2.0 XEI 16V FLEX 4P AUTOMÁTICO,2015,2016.0,107000.0,Automática,Sedã,86900.0,103.0,São Paulo (SP)
67356779,TOYOTA,COROLLA,2.0 VVT-IE FLEX XEI DIRECT SHIFT,2021,2022.0,34000.0,Automática,Sedã,145900.0,119.0,São Paulo (SP)
64944750,TOYOTA,COROLLA,2.0 XEI 16V FLEX 4P AUTOMÁTICO,2013,2013.0,180800.0,Automática,Sedã,66900.0,101.0,São Paulo (SP)
65403112,TOYOTA,COROLLA,1.8 GLI 16V FLEX 4P AUTOMÁTICO,2016,2017.0,99001.0,Manual,Sedã,84990.0,105.0,São Paulo (SP)
67536704,TOYOTA,COROLLA,2.0 VVT-IE FLEX XEI DIRECT SHIFT,2023,2023.0,103886.0,Automática,Sedã,115980.0,91.0,São Paulo (SP)
68137515,TOYOTA,COROLLA,1.8 XLI 16V FLEX 4P MANUAL,2010,2011.0,250000.0,Automática,Sedã,53000.0,97.0,São Paulo (SP)
66329166,TOYOTA,COROLLA,2.0 VVT-IE FLEX XEI DIRECT SHIFT,2023,2024.0,19000.0,Automática,Sedã,149000.0,104.0,São Paulo (SP)
64804937,TOYOTA,COROLLA,2.0 VVT-IE FLEX XEI DIRECT SHIFT,2023,2024.0,26950.0,Automática,Sedã,139790.0,98.0,São Paulo (SP)
68238292,TOYOTA,COROLLA,1.8 XEI 16V FLEX 4P AUTOMÁTICO,2004,2004.0,111111.0,Automática,Sedã,39900.0,112.0,São Paulo (SP)
64952142,TOYOTA,COROLLA,2.0 VVT-IE FLEX XEI DIRECT SHIFT,2020,2021.0,50000.0,CVT,Sedã,122900.0,103.0,São Paulo (SP)
66073820,TOYOTA,COROLLA,2.0 ALTIS 16V FLEX 4P AUTOMÁTICO,2014,2015.0,80000.0,Automática,Sedã,99997.0,120.0,São Paulo (SP)
67894992,TOYOTA,COROLLA,2.0 XEI 16V FLEX 4P AUTOMÁTICO,2013,2014.0,88579.0,Automática,Sedã,73900.0,106.0,São Paulo (SP)
69140880,TOYOTA,COROLLA,1.8 VVT-I HYBRID FLEX ALTIS CVT,2023,2023.0,140000.0,Automática,Sedã,134990.0,95.0,São Paulo (SP)
64811943,TOYOTA,COROLLA,2.0 VVT-IE FLEX GLI DIRECT SHIFT,2020,2021.0,99806.0,Automática,Sedã,99900.0,91.0,São Paulo (SP)
66865098,TOYOTA,COROLLA,1.8 GLI 16V FLEX 4P AUTOMÁTICO,2010,2010.0,155000.0,Automática,Sedã,55900.0,105.0,São Paulo (SP)
67682686,TOYOTA,COROLLA,2.0 XEI 16V FLEX 4P AUTOMÁTICO,2017,2018.0,37813.0,Automática,Sedã,112887.0,113.0,São Paulo (SP)
65569835,TOYOTA,COROLLA,2.0 XEI 16V FLEX 4P AUTOMÁTICO,2018,2019.0,120000.0,Automática,Sedã,105900.0,103.0,São Paulo (SP)
66299625,TOYOTA,COROLLA,2.0 XEI 16V FLEX 4P AUTOMÁTICO,2012,2012.0,164000.0,Automática,Sedã,65890.0,104.0,São Paulo (SP)
68300916,TOYOTA,COROLLA,2.0 XEI 16V FLEX 4P AUTOMÁTICO,2011,2012.0,75433.0,Automática,Sedã,72900.0,115.0,São Paulo (SP)
67931418,TOYOTA,COROLLA,2.0 VVT-IE FLEX GLI DIRECT SHIFT,2020,2020.0,34300.0,Automática,Sedã,114900.0,107.0,São Paulo (SP)
67907650,TOYOTA,COROLLA,2.0 VVT-IE FLEX GLI DIRECT SHIFT,2020,2020.0,119856.0,Automática,Sedã,102900.0,96.0,São Paulo (SP)
67839415,TOYOTA,COROLLA,1.8 XEI 16V GASOLINA 4P AUTOMÁTICO,2006,2007.0,169752.0,Automática,Sedã,45900.0,112.0,São Paulo (SP)
67638991,TOYOTA,COROLLA,2.0 XRS 16V FLEX 4P AUTOMÁTICO,2017,2018.0,111600.0,Automática,Sedã,99900.0,101.0,São Paulo (SP)
67319899,TOYOTA,COROLLA,2.0 VVT-IE FLEX XEI DIRECT SHIFT,2022,2023.0,50468.0,CVT,Sedã,126900.0,99.0,São Paulo (SP)
64811834,TOYOTA,COROLLA,2.0 VVT-IE FLEX GLI DIRECT SHIFT,2020,2021.0,99806.0,Automática,Sedã,98900.0,90.0,São Paulo (SP)
67246091,TOYOTA,COROLLA,2.0 VVT-IE FLEX XEI DIRECT SHIFT,2024,2024.0,19165.0,Automática,Sedã,147900.0,104.0,São Paulo (SP)
66909959,TOYOTA,COROLLA,2.0 VVT-IE FLEX GLI DIRECT SHIFT,2021,2022.0,61000.0,Manual,Sedã,119990.0,105.0,São Paulo (SP)
67346836,TOYOTA,COROLLA,1.8 GLI 16V FLEX 4P AUTOMÁTICO,2013,2014.0,169000.0,Automática,Sedã,68990.0,106.0,São Paulo (SP)
67129005,TOYOTA,COROLLA,1.8 GLI 16V FLEX 4P AUTOMÁTICO,2010,2011.0,142000.0,Automática,Sedã,60000.0,108.0,São Paulo (SP)
67835087,TOYOTA,COROLLA,2.0 XEI 16V FLEX 4P AUTOMÁTICO,2016,2017.0,100000.0,Automática,Sedã,88890.0,101.0,São Paulo (SP)
66454905,TOYOTA,COROLLA,1.8 VVT-I HYBRID FLEX ALTIS PREMIUM CVT,2025,2026.0,0.0,CVT,Sedã,193890.0,103.0,São Paulo (SP)
67287973,TOYOTA,COROLLA,1.8 GLI 16V FLEX 4P AUTOMÁTICO,2016,2016.0,97535.0,Automática,Sedã,84900.0,108.0,São Paulo (SP)
67216047,TOYOTA,COROLLA,2.0 ALTIS 16V FLEX 4P AUTOMÁTICO,2018,2019.0,67423.0,Automática,Sedã,107990.0,101.0,São Paulo (SP)
66160155,TOYOTA,COROLLA,2.0 VVT-IE FLEX XEI DIRECT SHIFT,2023,2024.0,34850.0,Automática,Sedã,139900.0,98.0,São Paulo (SP)
65086766,TOYOTA,COROLLA,1.8 GLI 16V FLEX 4P AUTOMÁTICO,2016,2017.0,135000.0,Automática,Sedã,79990.0,99.0,São Paulo (SP)
66057995,TOYOTA,COROLLA,2.0 VVT-IE FLEX XEI DIRECT SHIFT,2020,2020.0,62000.0,CVT,Sedã,119990.0,103.0,São Paulo (SP)
68779331,TOYOTA,COROLLA,2.0 VVT-IE FLEX XEI DIRECT SHIFT,2023,2023.0,29180.0,CVT,Sedã,127870.0,100.0,São Paulo (SP)
64965584,TOYOTA,COROLLA,2.0 ALTIS 16V FLEX 4P AUTOMÁTICO,2011,2012.0,193000.0,Automática,Sedã,69900.0,107.0,São Paulo (SP)
67118772,TOYOTA,COROLLA,1.8 GLI UPPER 16V FLEX 4P AUTOMÁTICO,2018,2019.0,63000.0,Automática,Sedã,97900.0,111.0,São Paulo (SP)
67184720,TOYOTA,COROLLA,2.0 VVT-IE FLEX XEI DIRECT SHIFT,2021,2022.0,80255.0,Automática,Sedã,120900.0,98.0,São Paulo (SP)
58662557,TOYOTA,COROLLA,2.0 VVT-IE FLEX GR-S DIRECT SHIFT,2023,2024.0,16000.0,CVT,Sedã,168900.0,106.0,São Paulo (SP)
67724311,TOYOTA,COROLLA,1.8 GLI 16V FLEX 4P AUTOMÁTICO,2017,2018.0,112000.0,CVT,Sedã,86900.0,102.0,São Paulo (SP)
66485147,TOYOTA,COROLLA,1.8 VVT-I HYBRID FLEX ALTIS CVT,2019,2020.0,100000.0,CVT,Sedã,119900.0,98.0,São Paulo (SP)
66448863,TOYOTA,COROLLA,1.8 GLI UPPER 16V FLEX 4P AUTOMÁTICO,2019,2019.0,110000.0,CVT,Sedã,89900.0,102.0,São Paulo (SP)
67697999,TOYOTA,COROLLA,2.0 XEI 16V FLEX 4P AUTOMÁTICO,2016,2017.0,72032.0,Automática,Sedã,95990.0,109.0,São Paulo (SP)
66873943,TOYOTA,COROLLA,1.8 XLI 16V FLEX 4P AUTOMÁTICO,2007,2008.0,249813.0,Automática,Sedã,46900.0,114.0,São Paulo (SP)
68855701,TOYOTA,COROLLA,1.8 GLI 16V FLEX 4P AUTOMÁTICO,2016,2017.0,148000.0,Automática,Sedã,79900.0,98.0,São Paulo (SP)
66370710,TOYOTA,COROLLA,1.8 XEI 16V FLEX 4P AUTOMÁTICO,2009,2009.0,100.0,Automática,Sedã,59500.0,111.0,São Paulo (SP)
66204063,TOYOTA,COROLLA,1.8 GLI 16V FLEX 4P AUTOMÁTICO,2017,2017.0,114000.0,Automática,Sedã,89900.0,111.0,São Paulo (SP)
65307409,TOYOTA,COROLLA,2.0 XEI 16V FLEX 4P AUTOMÁTICO,2010,2011.0,123833.0,Automática,Sedã,66890.0,114.0,São Paulo (SP)
67418504,TOYOTA,COROLLA,1.8 GLI 16V FLEX 4P AUTOMÁTICO,2014,2015.0,131000.0,Automática,Sedã,84990.0,113.0,São Paulo (SP)
66787659,TOYOTA,COROLLA,1.8 VVT-I HYBRID FLEX ALTIS PREMIUM CVT,2020,2021.0,66200.0,CVT,Sedã,139900.0,108.0,São Paulo (SP)
65467234,TOYOTA,COROLLA,2.0 VVT-IE FLEX GLI DIRECT SHIFT,2022,2022.0,52933.0,Automática,Sedã,124790.0,109.0,São Paulo (SP)
67505708,TOYOTA,COROLLA,2.0 VVT-IE FLEX GR-S DIRECT SHIFT,2025,2025.0,0.0,CVT,Sedã,169900.0,97.0,São Paulo (SP)
67486124,TOYOTA,COROLLA,1.8 VVT-I HYBRID FLEX ALTIS PREMIUM CVT,2023,2023.0,77000.0,Automática,Sedã,146990.0,102.0,São Paulo (SP)
67863179,TOYOTA,COROLLA,2.0 VVT-IE FLEX XEI DIRECT SHIFT,2024,2024.0,28898.0,CVT,Sedã,145990.0,102.0,São Paulo (SP)
66709912,TOYOTA,COROLLA,2.0 XEI 16V FLEX 4P AUTOMÁTICO,2019,2019.0,32816.0,Automática,Sedã,115900.0,113.0,São Paulo (SP)
64168715,TOYOTA,COROLLA,2.0 XEI 16V FLEX 4P AUTOMÁTICO,2013,2014.0,140500.0,Automática,Sedã,71900.0,103.0,São Paulo (SP)
67019718,TOYOTA,COROLLA,2.0 XEI 16V FLEX 4P AUTOMÁTICO,2019,2019.0,96000.0,CVT,Sedã,109990.0,107.0,São Paulo (SP)
64468078,TOYOTA,COROLLA,1.8 VVT-I HYBRID FLEX ALTIS PREMIUM CVT,2025,2025.0,13858.0,Automática,Sedã,259900.0,144.0,São Paulo (SP)
67961128,TOYOTA,COROLLA,1.8 GLI 16V FLEX 4P AUTOMÁTICO,2014,2015.0,143000.0,Automática,Sedã,75900.0,101.0,São Paulo (SP)
66837392,TOYOTA,COROLLA,1.8 GLI UPPER 16V FLEX 4P AUTOMÁTICO,2017,2018.0,100972.0,CVT,Sedã,89900.0,105.0,São Paulo (SP)
68530607,TOYOTA,COROLLA,2.0 XRS 16V FLEX 4P AUTOMÁTICO,2017,2018.0,105000.0,Automática,Sedã,103890.0,105.0,São Paulo (SP)
66134073,TOYOTA,COROLLA,2.0 XEI 16V FLEX 4P AUTOMÁTICO,2017,2018.0,123994.0,Automática,Sedã,97900.0,98.0,São Paulo (SP)
69343528,TOYOTA,COROLLA,1.8 GLI 16V FLEX 4P AUTOMÁTICO,2017,2018.0,79615.0,Automática,Sedã,84990.0,100.0,São Paulo (SP)
68762928,TOYOTA,COROLLA,1.8 VVT-I HYBRID FLEX ALTIS CVT,2023,2023.0,49990.0,Automática,Sedã,145900.0,103.0,São Paulo (SP)
66451816,TOYOTA,COROLLA,1.8 VVT-I HYBRID FLEX ALTIS PREMIUM CVT,2019,2020.0,76000.0,CVT,Sedã,154900.0,123.0,São Paulo (SP)
67358692,TOYOTA,COROLLA,1.8 VVT-I HYBRID FLEX ALTIS CVT,2020,2021.0,78000.0,Automática,Sedã,129900.0,103.0,São Paulo (SP)
65348172,TOYOTA,COROLLA,1.8 GLI 16V FLEX 4P AUTOMÁTICO,2017,2018.0,110355.0,Automática,Sedã,87900.0,103.0,São Paulo (SP)
67889340,TOYOTA,COROLLA,2.0 XEI 16V FLEX 4P AUTOMÁTICO,2016,2017.0,85000.0,Automática,Sedã,91890.0,104.0,São Paulo (SP)
65394295,TOYOTA,COROLLA,1.8 GLI 16V FLEX 4P AUTOMÁTICO,2017,2018.0,91978.0,Manual,Sedã,85990.0,101.0,São Paulo (SP)
67458150,TOYOTA,COROLLA,1.8 VVT-I HYBRID FLEX ALTIS CVT,2022,2023.0,47000.0,CVT,Sedã,169990.0,120.0,São Paulo (SP)
67893709,TOYOTA,COROLLA,2.0 VVT-IE FLEX XEI DIRECT SHIFT,2021,2022.0,38700.0,Automática,Sedã,153999.0,125.0,São Paulo (SP)
62532505,TOYOTA,COROLLA,2.0 VVT-IE FLEX GR-S DIRECT SHIFT,2023,2024.0,20800.0,Automática,Sedã,167900.0,105.0,São Paulo (SP)
64731992,TOYOTA,COROLLA,1.8 VVT-I HYBRID FLEX ALTIS PREMIUM CVT,2025,2026.0,0.0,Automática,Sedã,199990.0,106.0,São Paulo (SP)
66672847,TOYOTA,COROLLA,1.8 GLI 16V FLEX 4P AUTOMÁTICO,2013,2014.0,117000.0,Automática,Sedã,68500.0,106.0,São Paulo (SP)
67683072,TOYOTA,COROLLA,1.8 VVT-I HYBRID FLEX ALTIS PREMIUM CVT,2020,2021.0,78236.0,Automática,Sedã,126900.0,98.0,São Paulo (SP)
62060560,TOYOTA,COROLLA,2.0 VVT-IE FLEX XEI DIRECT SHIFT,2021,2022.0,92000.0,Manual,Sedã,124900.0,102.0,São Paulo (SP)
64733245,TOYOTA,COROLLA,1.8 VVT-I HYBRID FLEX ALTIS PREMIUM CVT,2025,2026.0,0.0,Automática,Sedã,199990.0,106.0,São Paulo (SP)
66380577,TOYOTA,COROLLA,2.0 XEI 16V FLEX 4P AUTOMÁTICO,2011,2012.0,137000.0,Automática,Sedã,66900.0,105.0,São Paulo (SP)
66353248,TOYOTA,COROLLA,2.0 XEI 16V FLEX 4P AUTOMÁTICO,2012,2013.0,115000.0,Automática,Sedã,69300.0,104.0,São Paulo (SP)
68932925,TOYOTA,COROLLA,1.8 SE-G 16V GASOLINA 4P AUTOMÁTICO,2004,2004.0,199830.0,Automática,Sedã,39900.0,110.0,São Paulo (SP)
67766175,TOYOTA,COROLLA,2.0 VVT-IE FLEX XEI DIRECT SHIFT,2022,2023.0,80000.0,CVT,Sedã,133990.0,105.0,São Paulo (SP)
65750556,TOYOTA,COROLLA,1.8 GLI 16V FLEX 4P AUTOMÁTICO,2017,2018.0,97041.0,Automática,Sedã,85900.0,101.0,São Paulo (SP)
64182509,TOYOTA,COROLLA,2.0 VVT-IE FLEX GR-S DIRECT SHIFT,2025,2025.0,20000.0,CVT,Sedã,183990.0,105.0,São Paulo (SP)
68182798,TOYOTA,COROLLA,1.8 XEI 16V FLEX 4P AUTOMÁTICO,2009,2010.0,170644.0,Automática,Sedã,58900.0,106.0,São Paulo (SP)
65557506,TOYOTA,COROLLA,2.0 XEI 16V FLEX 4P AUTOMÁTICO,2014,2015.0,83405.0,Automática,Sedã,86990.0,106.0,São Paulo (SP)
67646002,TOYOTA,COROLLA,2.0 VVT-IE FLEX GR-S DIRECT SHIFT,2023,2024.0,64922.0,Automática,Sedã,154990.0,97.0,São Paulo (SP)
65646274,TOYOTA,COROLLA,2.0 XEI 16V FLEX 4P AUTOMÁTICO,2013,2014.0,162265.0,Automática,Sedã,76900.0,110.0,São Paulo (SP)
66008302,TOYOTA,COROLLA,2.0 VVT-IE FLEX XEI DIRECT SHIFT,2024,2024.0,41213.0,Automática,Sedã,138990.0,97.0,São Paulo (SP)
63954766,TOYOTA,COROLLA,1.8 GLI 16V FLEX 4P MANUAL,2010,2011.0,200000.0,Manual,Sedã,57900.0,106.0,São Paulo (SP)
65182548,TOYOTA,COROLLA,2.0 ALTIS 16V FLEX 4P AUTOMÁTICO,2017,2018.0,85000.0,CVT,Sedã,104990.0,102.0,São Paulo (SP)
66383264,TOYOTA,COROLLA,1.8 VVT-I HYBRID FLEX ALTIS CVT,2021,2022.0,109764.0,Automática,Sedã,138000.0,104.0,São Paulo (SP)
67849868,TOYOTA,COROLLA,2.0 VVT-IE FLEX XEI DIRECT SHIFT,2023,2023.0,63645.0,CVT,Sedã,125900.0,99.0,São Paulo (SP)
62650851,TOYOTA,COROLLA,2.0 ALTIS 16V FLEX 4P AUTOMÁTICO,2010,2011.0,214726.0,Automática,Sedã,62900.0,105.0,São Paulo (SP)
67178485,TOYOTA,COROLLA,1.8 VVT-I HYBRID FLEX ALTIS PREMIUM CVT,2024,2024.0,20000.0,CVT,Sedã,179900.0,109.0,São Paulo (SP)
66192846,TOYOTA,COROLLA,1.8 VVT-I HYBRID FLEX ALTIS PREMIUM CVT,2022,2023.0,69000.0,Automática,Sedã,149900.0,104.0,São Paulo (SP)
65735719,TOYOTA,COROLLA,2.0 XEI 16V FLEX 4P AUTOMÁTICO,2016,2017.0,158000.0,Automática,Sedã,88490.0,100.0,São Paulo (SP)
65750437,TOYOTA,COROLLA,1.8 GLI 16V FLEX 4P AUTOMÁTICO,2017,2018.0,97041.0,Automática,Sedã,85900.0,101.0,São Paulo (SP)
67863234,TOYOTA,COROLLA,2.0 XEI 16V FLEX 4P AUTOMÁTICO,2013,2014.0,86000.0,Automática,Sedã,77900.0,111.0,São Paulo (SP)
66071678,TOYOTA,COROLLA,2.0 VVT-IE FLEX GLI DIRECT SHIFT,2021,2022.0,83000.0,CVT,Sedã,109900.0,96.0,São Paulo (SP)
66522350,TOYOTA,COROLLA,1.6 XLI 16V GASOLINA 4P AUTOMÁTICO,2008,2009.0,270000.0,Automática,Sedã,51500.0,102.0,São Paulo (SP)
64811620,TOYOTA,COROLLA,2.0 VVT-IE FLEX GLI DIRECT SHIFT,2020,2021.0,99806.0,Automática,Sedã,98900.0,90.0,São Paulo (SP)
66221024,TOYOTA,COROLLA,2.0 XEI 16V FLEX 4P AUTOMÁTICO,2017,2018.0,137072.0,Automática,Sedã,97500.0,98.0,São Paulo (SP)
64441960,TOYOTA,COROLLA,2.0 VVT-IE FLEX XEI DIRECT SHIFT,2022,2023.0,60190.0,Automática,Sedã,124990.0,98.0,São Paulo (SP)
66843301,TOYOTA,COROLLA,2.0 VVT-IE FLEX XEI DIRECT SHIFT,2022,2023.0,37000.0,Automática,Sedã,169990.0,133.0,São Paulo (SP)
66610799,TOYOTA,COROLLA,2.0 VVT-IE FLEX XEI DIRECT SHIFT,2024,2024.0,15000.0,CVT,Sedã,189900.0,133.0,São Paulo (SP)
66666496,TOYOTA,COROLLA,1.8 VVT-I HYBRID FLEX ALTIS CVT,2020,2021.0,51225.0,Automática,Sedã,133800.0,106.0,São Paulo (SP)
67507661,TOYOTA,COROLLA,2.0 VVT-IE FLEX ALTIS PREMIUM DIRECT SHIFT,2026,2026.0,0.0,Automática,Sedã,199980.0,106.0,São Paulo (SP)
65588179,TOYOTA,COROLLA,2.0 VVT-IE FLEX ALTIS PREMIUM DIRECT SHIFT,2026,2026.0,0.0,CVT,Sedã,205790.0,109.0,São Paulo (SP)
66684658,TOYOTA,COROLLA,1.8 XEI 16V GASOLINA 4P AUTOMÁTICO,2005,2006.0,206000.0,Automática,Sedã,44900.0,117.0,São Paulo (SP)
67863238,TOYOTA,COROLLA,2.0 VVT-IE FLEX XEI DIRECT SHIFT,2024,2024.0,28899.0,CVT,Sedã,145990.0,102.0,São Paulo (SP)
68746189,TOYOTA,COROLLA,2.0 VVT-IE FLEX XEI DIRECT SHIFT,2023,2024.0,6000.0,CVT,Sedã,153000.0,107.0,São Paulo (SP)
64459818,TOYOTA,COROLLA,1.8 GLI 16V FLEX 4P AUTOMÁTICO,2010,2011.0,206440.0,Manual,Sedã,56900.0,103.0,São Paulo (SP)
67703023,TOYOTA,COROLLA,2.0 VVT-IE FLEX XEI DIRECT SHIFT,2019,2020.0,118564.0,Automática,Sedã,112700.0,97.0,São Paulo (SP)
68620135,TOYOTA,COROLLA,1.8 GLI UPPER 16V FLEX 4P AUTOMÁTICO,2019,2019.0,70000.0,Automática,Sedã,99990.0,113.0,São Paulo (SP)
60261176,TOYOTA,COROLLA,2.0 VVT-IE FLEX XEI DIRECT SHIFT,2022,2023.0,35000.0,Automática,Sedã,137900.0,108.0,São Paulo (SP)
67611360,TOYOTA,COROLLA,2.0 XEI 16V FLEX 4P AUTOMÁTICO,2016,2016.0,209164.0,Automática,Sedã,86900.0,103.0,São Paulo (SP)
64427789,TOYOTA,COROLLA,1.8 GLI 16V FLEX 4P AUTOMÁTICO,2016,2017.0,100083.0,Automática,Sedã,83900.0,103.0,São Paulo (SP)
67903237,TOYOTA,COROLLA,2.0 VVT-IE FLEX XEI DIRECT SHIFT,2022,2023.0,48200.0,Automática,Sedã,127600.0,100.0,São Paulo (SP)
66383621,TOYOTA,COROLLA,1.8 VVT-I HYBRID FLEX ALTIS PREMIUM CVT,2024,2024.0,27000.0,Automática,Sedã,234665.0,142.0,São Paulo (SP)
67699416,TOYOTA,COROLLA,1.8 VVT-I HYBRID FLEX ALTIS PREMIUM CVT,2021,2022.0,66037.0,Automática,Sedã,136887.0,101.0,São Paulo (SP)
67589438,TOYOTA,COROLLA,1.8 GLI 16V FLEX 4P AUTOMÁTICO,2017,2018.0,95213.0,CVT,Sedã,91990.0,108.0,São Paulo (SP)
67492202,TOYOTA,COROLLA,1.8 VVT-I HYBRID FLEX GLI CVT,2026,2026.0,0.0,Automática,Sedã,175990.0,,São Paulo (SP)
66481416,TOYOTA,COROLLA,2.0 ALTIS 16V FLEX 4P AUTOMÁTICO,2013,2014.0,187000.0,Automática,Sedã,72900.0,101.0,São Paulo (SP)
67887165,TOYOTA,COROLLA,2.0 XEI 16V FLEX 4P AUTOMÁTICO,2011,2012.0,187000.0,Automática,Sedã,66900.0,105.0,São Paulo (SP)
67493480,TOYOTA,COROLLA,1.8 VVT-I HYBRID FLEX ALTIS PREMIUM CVT,2025,2026.0,5798.0,CVT,Sedã,198900.0,106.0,São Paulo (SP)
68640688,TOYOTA,COROLLA,2.0 VVT-IE FLEX XEI DIRECT SHIFT,2023,2023.0,82000.0,CVT,Sedã,130000.0,102.0,São Paulo (SP)
67379551,TOYOTA,COROLLA,2.0 VVT-IE FLEX XEI DIRECT SHIFT,2022,2023.0,58000.0,Automática,Sedã,129900.0,102.0,São Paulo (SP)
67335974,TOYOTA,COROLLA,1.8 VVT-I HYBRID FLEX ALTIS CVT,2022,2023.0,60200.0,Automática,Sedã,143900.0,101.0,São Paulo (SP)
65939209,TOYOTA,COROLLA,2.0 XEI 16V FLEX 4P AUTOMÁTICO,2015,2016.0,148000.0,Automática,Sedã,87990.0,104.0,São Paulo (SP)
69377656,TOYOTA,COROLLA,2.0 XEI 16V FLEX 4P AUTOMÁTICO,2018,2019.0,85000.0,CVT,Sedã,99900.0,97.0,São Paulo (SP)
65893049,TOYOTA,COROLLA,2.0 VVT-IE FLEX XEI DIRECT SHIFT,2021,2022.0,28900.0,Automática,Sedã,134900.0,110.0,São Paulo (SP)
67484231,TOYOTA,COROLLA,1.8 GLI 16V FLEX 4P AUTOMÁTICO,2011,2012.0,217000.0,Automática,Sedã,63900.0,107.0,São Paulo (SP)
66667264,TOYOTA,COROLLA,2.0 XEI 16V FLEX 4P AUTOMÁTICO,2016,2017.0,88236.0,Manual,Sedã,91990.0,104.0,São Paulo (SP)
65750493,TOYOTA,COROLLA,1.8 GLI 16V FLEX 4P AUTOMÁTICO,2017,2018.0,97041.0,Automática,Sedã,85900.0,101.0,São Paulo (SP)
67247133,TOYOTA,COROLLA,2.0 XEI 16V FLEX 4P AUTOMÁTICO,2012,2013.0,148272.0,Automática,Sedã,66899.0,101.0,São Paulo (SP)
65554159,TOYOTA,COROLLA,2.0 VVT-IE FLEX XEI DIRECT SHIFT,2022,2022.0,41000.0,CVT,Sedã,125800.0,102.0,São Paulo (SP)
66669170,TOYOTA,COROLLA,2.0 VVT-IE FLEX XEI DIRECT SHIFT,2024,2024.0,23937.0,CVT,Sedã,145990.0,102.0,São Paulo (SP)
65750716,TOYOTA,COROLLA,1.8 GLI 16V FLEX 4P AUTOMÁTICO,2017,2018.0,97041.0,Automática,Sedã,85900.0,101.0,São Paulo (SP)
63406780,TOYOTA,COROLLA,2.0 VVT-IE FLEX GR-S DIRECT SHIFT,2025,2026.0,500.0,Automática,Sedã,189900.0,104.0,São Paulo (SP)
68740663,TOYOTA,COROLLA,2.0 VVT-IE FLEX ALTIS DIRECT SHIFT,2021,2022.0,62916.0,Automática,Sedã,134990.0,99.0,São Paulo (SP)
65145169,TOYOTA,COROLLA,1.8 GLI 16V FLEX 4P AUTOMÁTICO,2017,2018.0,97586.0,CVT,Sedã,89000.0,104.0,São Paulo (SP)
66767537,TOYOTA,COROLLA,2.0 VVT-IE FLEX GLI DIRECT SHIFT,2025,2025.0,100.0,Automática,Sedã,147890.0,102.0,São Paulo (SP)
66697258,TOYOTA,COROLLA,2.0 VVT-IE FLEX XEI DIRECT SHIFT,2024,2024.0,30480.0,Automática,Sedã,145900.0,102.0,São Paulo (SP)
66388136,TOYOTA,COROLLA,2.0 VVT-IE FLEX GR-S DIRECT SHIFT,2021,2022.0,65000.0,CVT,Sedã,169900.0,133.0,São Paulo (SP)
68088273,TOYOTA,COROLLA,1.8 GLI UPPER 16V FLEX 4P AUTOMÁTICO,2019,2019.0,120000.0,CVT,Sedã,98900.0,112.0,São Paulo (SP)
64458721,TOYOTA,COROLLA,2.0 XEI 16V FLEX 4P AUTOMÁTICO,2018,2019.0,132454.0,CVT,Sedã,108000.0,105.0,São Paulo (SP)
66487246,TOYOTA,COROLLA,2.0 VVT-IE FLEX XEI DIRECT SHIFT,2022,2023.0,33700.0,CVT,Sedã,134980.0,106.0,São Paulo (SP)
66327906,TOYOTA,COROLLA,1.8 GLI 16V FLEX 4P AUTOMÁTICO,2015,2016.0,180000.0,Automática,Sedã,78500.0,100.0,São Paulo (SP)
65874626,TOYOTA,COROLLA,1.8 VVT-I HYBRID FLEX GLI CVT,2026,2026.0,0.0,Automática,Sedã,129142.0,,São Paulo (SP)
65397939,TOYOTA,COROLLA,1.8 VVT-I HYBRID FLEX ALTIS PREMIUM CVT,2022,2023.0,117900.0,CVT,Sedã,138900.0,96.0,São Paulo (SP)
63406984,TOYOTA,COROLLA,2.0 VVT-IE FLEX GR-S DIRECT SHIFT,2025,2026.0,500.0,Automática,Sedã,189900.0,104.0,São Paulo (SP)
67475121,TOYOTA,COROLLA,1.8 VVT-I HYBRID FLEX ALTIS PREMIUM CVT,2021,2022.0,79000.0,CVT,Sedã,169990.0,126.0,São Paulo (SP)
64802673,TOYOTA,COROLLA,2.0 VVT-IE FLEX XEI DIRECT SHIFT,2021,2022.0,70200.0,Automática,Sedã,119980.0,98.0,São Paulo (SP)
66058075,TOYOTA,COROLLA,1.8 GLI 16V FLEX 4P AUTOMÁTICO,2017,2018.0,116000.0,Automática,Sedã,89900.0,106.0,São Paulo (SP)
65744584,TOYOTA,COROLLA,1.8 VVT-I HYBRID FLEX ALTIS PREMIUM CVT,2022,2023.0,81000.0,CVT,Sedã,147000.0,102.0,São Paulo (SP)
62609703,TOYOTA,COROLLA,2.0 DYNAMIC 16V FLEX 4P AUTOMÁTICO,2017,2017.0,257000.0,Automática,Sedã,82665.0,93.0,São Paulo (SP)
67847754,TOYOTA,COROLLA,1.8 GLI 16V FLEX 4P AUTOMÁTICO,2016,2017.0,122000.0,Automática,Sedã,84900.0,105.0,São Paulo (SP)
66383944,TOYOTA,COROLLA,2.0 VVT-IE FLEX XEI DIRECT SHIFT,2023,2024.0,57300.0,CVT,Sedã,139890.0,98.0,São Paulo (SP)
66485932,TOYOTA,COROLLA,2.0 XEI 16V FLEX 4P AUTOMÁTICO,2016,2017.0,137993.0,Automática,Sedã,88990.0,101.0,São Paulo (SP)
65815236,TOYOTA,COROLLA,2.0 VVT-IE FLEX XEI DIRECT SHIFT,2026,2026.0,0.0,CVT,Sedã,177010.0,108.0,São Paulo (SP)
67761800,TOYOTA,COROLLA,1.8 VVT-I HYBRID FLEX ALTIS PREMIUM CVT,2023,2023.0,44181.0,CVT,Sedã,179990.0,124.0,São Paulo (SP)
64706069,TOYOTA,COROLLA,1.8 VVT-I HYBRID FLEX ALTIS PREMIUM CVT,2021,2022.0,82732.0,Automática,Sedã,138999.0,103.0,São Paulo (SP)
68603539,TOYOTA,COROLLA,2.0 VVT-IE FLEX ALTIS DIRECT SHIFT,2019,2020.0,54000.0,Automática,Sedã,131900.0,106.0,São Paulo (SP)
67971100,TOYOTA,COROLLA,2.0 XEI 16V FLEX 4P AUTOMÁTICO,2018,2019.0,75000.0,Automática,Sedã,110900.0,108.0,São Paulo (SP)
68516977,TOYOTA,COROLLA,2.0 VVT-IE FLEX ALTIS DIRECT SHIFT,2020,2021.0,56000.0,Automática,Sedã,132900.0,102.0,São Paulo (SP)
65750639,TOYOTA,COROLLA,1.8 GLI 16V FLEX 4P AUTOMÁTICO,2017,2018.0,97041.0,Automática,Sedã,85900.0,101.0,São Paulo (SP)
64386600,TOYOTA,COROLLA,2.0 VVT-IE FLEX XEI DIRECT SHIFT,2022,2023.0,47000.0,CVT,Sedã,138900.0,109.0,São Paulo (SP)
64809656,TOYOTA,COROLLA,2.0 XRS 16V FLEX 4P AUTOMÁTICO,2013,2014.0,167143.0,Automática,Sedã,73900.0,108.0,São Paulo (SP)
67338100,TOYOTA,COROLLA,1.8 GLI 16V FLEX 4P AUTOMÁTICO,2014,2014.0,126397.0,Automática,Sedã,65890.0,102.0,São Paulo (SP)
67871650,TOYOTA,COROLLA,2.0 VVT-IE FLEX GLI DIRECT SHIFT,2024,2024.0,33782.0,Automática,Sedã,129100.0,103.0,São Paulo (SP)
68367769,TOYOTA,COROLLA,1.8 GLI UPPER 16V FLEX 4P AUTOMÁTICO,2018,2019.0,138506.0,Automática,Sedã,84980.0,96.0,São Paulo (SP)
64758797,TOYOTA,COROLLA,1.8 VVT-I HYBRID FLEX ALTIS PREMIUM CVT,2020,2021.0,85000.0,CVT,Sedã,161900.0,125.0,São Paulo (SP)
61492942,TOYOTA,COROLLA,2.0 XEI 16V FLEX 4P AUTOMÁTICO,2014,2015.0,122000.0,Automática,Sedã,82990.0,101.0,São Paulo (SP)
65874668,TOYOTA,COROLLA,1.8 VVT-I HYBRID FLEX GLI CVT,2026,2026.0,0.0,Automática,Sedã,148024.0,,São Paulo (SP)
66593898,TOYOTA,COROLLA,1.8 VVT-I HYBRID FLEX GLI CVT,2026,2026.0,0.0,Automática,Sedã,148024.0,,São Paulo (SP)
64084933,TOYOTA,COROLLA,2.0 XEI 16V FLEX 4P AUTOMÁTICO,2011,2012.0,140000.0,Automática,Sedã,64900.0,102.0,São Paulo (SP)
66098628,TOYOTA,COROLLA,1.8 GLI 16V FLEX 4P AUTOMÁTICO,2016,2017.0,138000.0,Automática,Sedã,84900.0,105.0,São Paulo (SP)
63497371,TOYOTA,COROLLA,2.0 VVT-IE FLEX XEI DIRECT SHIFT,2023,2024.0,41300.0,Automática,Sedã,137890.0,97.0,São Paulo (SP)
65588275,TOYOTA,COROLLA,2.0 VVT-IE FLEX XEI DIRECT SHIFT,2026,2026.0,0.0,CVT,Sedã,175620.0,107.0,São Paulo (SP)
68511447,TOYOTA,COROLLA,2.0 VVT-IE FLEX XEI DIRECT SHIFT,2020,2021.0,80000.0,CVT,Sedã,137990.0,115.0,São Paulo (SP)
66011332,TOYOTA,COROLLA,1.8 GLI 16V FLEX 4P AUTOMÁTICO,2016,2017.0,176000.0,Automática,Sedã,79900.0,98.0,São Paulo (SP)
66792433,TOYOTA,COROLLA,1.8 GLI 16V FLEX 4P AUTOMÁTICO,2017,2018.0,184116.0,Automática,Sedã,86900.0,102.0,São Paulo (SP)
65750459,TOYOTA,COROLLA,1.8 GLI 16V FLEX 4P AUTOMÁTICO,2017,2018.0,97041.0,Automática,Sedã,85900.0,101.0,São Paulo (SP)
69128158,TOYOTA,COROLLA,2.0 XEI 16V FLEX 4P AUTOMÁTICO,2018,2018.0,103000.0,Automática,Sedã,99900.0,100.0,São Paulo (SP)
65949381,TOYOTA,COROLLA,2.0 VVT-IE FLEX XEI DIRECT SHIFT,2022,2023.0,44786.0,Automática,Sedã,132900.0,104.0,São Paulo (SP)
66684197,TOYOTA,COROLLA,2.0 VVT-IE FLEX ALTIS PREMIUM DIRECT SHIFT,2026,2026.0,0.0,Automática,Sedã,205810.0,109.0,São Paulo (SP)
67509671,TOYOTA,COROLLA,2.0 VVT-IE FLEX GR-S DIRECT SHIFT,2021,2022.0,86000.0,Automática,Sedã,127900.0,100.0,São Paulo (SP)
65588393,TOYOTA,COROLLA,2.0 VVT-IE FLEX GR-S DIRECT SHIFT,2026,2026.0,0.0,CVT,Sedã,201990.0,111.0,São Paulo (SP)
63723069,TOYOTA,COROLLA,2.0 VVT-IE FLEX XEI DIRECT SHIFT,2019,2020.0,80916.0,Automática,Sedã,119900.0,103.0,São Paulo (SP)
64611812,TOYOTA,COROLLA,2.0 VVT-IE FLEX GR-S DIRECT SHIFT,2021,2022.0,76500.0,CVT,Sedã,130900.0,103.0,São Paulo (SP)
67815626,TOYOTA,COROLLA,1.8 VVT-I HYBRID FLEX ALTIS PREMIUM CVT,2026,2026.0,0.0,CVT,Sedã,196800.0,104.0,São Paulo (SP)
67202309,TOYOTA,COROLLA,1.8 GLI 16V FLEX 4P AUTOMÁTICO,2017,2018.0,130000.0,CVT,Sedã,85490.0,100.0,São Paulo (SP)
66683539,TOYOTA,COROLLA,2.0 VVT-IE FLEX GR-S DIRECT SHIFT,2026,2026.0,0.0,Automática,Sedã,203790.0,112.0,São Paulo (SP)
68977937,TOYOTA,COROLLA,2.0 VVT-IE FLEX XEI DIRECT SHIFT,2023,2023.0,27000.0,CVT,Sedã,134900.0,106.0,São Paulo (SP)
69101230,TOYOTA,COROLLA,2.0 VVT-IE FLEX XEI DIRECT SHIFT,2022,2023.0,45900.0,Automática,Sedã,148900.0,117.0,São Paulo (SP)
65188418,TOYOTA,COROLLA,2.0 VVT-IE FLEX GR-S DIRECT SHIFT,2026,2026.0,0.0,CVT,Sedã,279790.0,153.0,São Paulo (SP)
67386462,TOYOTA,COROLLA,2.0 VVT-IE FLEX XEI DIRECT SHIFT,2022,2023.0,55357.0,CVT,Sedã,164900.0,129.0,São Paulo (SP)
66388736,TOYOTA,COROLLA,1.8 VVT-I HYBRID FLEX ALTIS CVT,2019,2020.0,101000.0,CVT,Sedã,144888.0,118.0,São Paulo (SP)
67781790,TOYOTA,COROLLA,2.0 VVT-IE FLEX XEI DIRECT SHIFT,2024,2024.0,34699.0,Automática,Sedã,147900.0,104.0,São Paulo (SP)
66906170,TOYOTA,COROLLA,2.0 VVT-IE FLEX XEI DIRECT SHIFT,2026,2026.0,0.0,CVT,Sedã,169800.0,103.0,São Paulo (SP)
64589456,TOYOTA,COROLLA,2.0 VVT-IE FLEX ALTIS PREMIUM DIRECT SHIFT,2025,2026.0,0.0,CVT,Sedã,205790.0,109.0,São Paulo (SP)
65588157,TOYOTA,COROLLA,2.0 VVT-IE FLEX ALTIS PREMIUM DIRECT SHIFT,2026,2026.0,0.0,CVT,Sedã,201990.0,107.0,São Paulo (SP)
67927709,TOYOTA,COROLLA,2.0 VVT-IE FLEX XEI DIRECT SHIFT,2026,2026.0,0.0,Automática,Sedã,169990.0,103.0,São Paulo (SP)
64589459,TOYOTA,COROLLA,2.0 VVT-IE FLEX ALTIS PREMIUM DIRECT SHIFT,2025,2026.0,0.0,CVT,Sedã,205790.0,109.0,São Paulo (SP)
63558526,TOYOTA,COROLLA,2.0 ALTIS 16V FLEX 4P AUTOMÁTICO,2015,2015.0,181000.0,CVT,Sedã,87900.0,106.0,São Paulo (SP)
66316856,TOYOTA,COROLLA,1.8 GLI 16V FLEX 4P AUTOMÁTICO,2013,2013.0,170000.0,Automática,Sedã,67990.0,109.0,São Paulo (SP)
66684336,TOYOTA,COROLLA,1.8 VVT-I HYBRID FLEX ALTIS PREMIUM CVT,2026,2026.0,0.0,Automática,Sedã,209010.0,111.0,São Paulo (SP)
67815475,TOYOTA,COROLLA,1.8 VVT-I HYBRID FLEX ALTIS PREMIUM CVT,2026,2026.0,0.0,CVT,Sedã,196800.0,104.0,São Paulo (SP)
64104645,TOYOTA,COROLLA,2.0 XEI 16V FLEX 4P AUTOMÁTICO,2014,2015.0,123000.0,Automática,Sedã,86999.0,106.0,São Paulo (SP)
64589143,TOYOTA,COROLLA,2.0 VVT-IE FLEX GR-S DIRECT SHIFT,2025,2026.0,0.0,CVT,Sedã,200110.0,110.0,São Paulo (SP)
66177586,TOYOTA,COROLLA,1.8 GLI UPPER 16V FLEX 4P AUTOMÁTICO,2018,2019.0,124000.0,Automática,Sedã,90900.0,103.0,São Paulo (SP)
66154418,TOYOTA,COROLLA,2.0 XEI 16V FLEX 4P AUTOMÁTICO,2017,2018.0,96000.0,Automática,Sedã,104700.0,105.0,São Paulo (SP)
67808463,TOYOTA,COROLLA,1.8 GLI 16V FLEX 4P AUTOMÁTICO,2017,2018.0,151700.0,CVT,Sedã,86980.0,102.0,São Paulo (SP)
64589120,TOYOTA,COROLLA,2.0 VVT-IE FLEX XEI DIRECT SHIFT,2025,2026.0,0.0,CVT,Sedã,174990.0,106.0,São Paulo (SP)
65588394,TOYOTA,COROLLA,2.0 VVT-IE FLEX GR-S DIRECT SHIFT,2026,2026.0,0.0,CVT,Sedã,201990.0,111.0,São Paulo (SP)
67815501,TOYOTA,COROLLA,1.8 VVT-I HYBRID FLEX ALTIS PREMIUM CVT,2026,2026.0,0.0,CVT,Sedã,196800.0,104.0,São Paulo (SP)
67815589,TOYOTA,COROLLA,1.8 VVT-I HYBRID FLEX ALTIS PREMIUM CVT,2026,2026.0,0.0,CVT,Sedã,196800.0,104.0,São Paulo (SP)
66328251,TOYOTA,COROLLA,2.0 VVT-IE FLEX XEI DIRECT SHIFT,2026,2026.0,0.0,Automática,Sedã,169890.0,103.0,São Paulo (SP)
65977639,TOYOTA,COROLLA,2.0 VVT-IE FLEX XEI DIRECT SHIFT,2024,2024.0,56542.0,Automática,Sedã,143800.0,101.0,São Paulo (SP)
64612779,TOYOTA,COROLLA,2.0 VVT-IE FLEX GR-S DIRECT SHIFT,2025,2026.0,0.0,CVT,Sedã,199790.0,110.0,São Paulo (SP)
65377839,TOYOTA,COROLLA,2.0 VVT-IE FLEX XEI DIRECT SHIFT,2020,2021.0,100.0,CVT,Sedã,126990.0,106.0,São Paulo (SP)
66793796,TOYOTA,COROLLA,1.8 VVT-I HYBRID FLEX ALTIS PREMIUM CVT,2026,2026.0,0.0,Automática,Sedã,198890.0,106.0,São Paulo (SP)
63624439,TOYOTA,COROLLA,2.0 VVT-IE FLEX GR-S DIRECT SHIFT,2023,2023.0,47500.0,Automática,Sedã,135900.0,98.0,São Paulo (SP)
67815627,TOYOTA,COROLLA,1.8 VVT-I HYBRID FLEX ALTIS PREMIUM CVT,2026,2026.0,0.0,CVT,Sedã,196800.0,104.0,São Paulo (SP)
64589245,TOYOTA,COROLLA,2.0 VVT-IE FLEX XEI DIRECT SHIFT,2025,2026.0,0.0,CVT,Sedã,174990.0,106.0,São Paulo (SP)
65188284,TOYOTA,COROLLA,2.0 VVT-IE FLEX GR-S DIRECT SHIFT,2026,2026.0,0.0,CVT,Sedã,279790.0,153.0,São Paulo (SP)
65588168,TOYOTA,COROLLA,2.0 VVT-IE FLEX ALTIS PREMIUM DIRECT SHIFT,2026,2026.0,0.0,CVT,Sedã,201990.0,107.0,São Paulo (SP)
65809994,TOYOTA,COROLLA,2.0 VVT-IE FLEX XEI DIRECT SHIFT,2025,2026.0,0.0,CVT,Sedã,177010.0,108.0,São Paulo (SP)
69251969,TOYOTA,COROLLA,2.0 VVT-IE FLEX ALTIS DIRECT SHIFT,2019,2020.0,61500.0,Automática,Sedã,132900.0,106.0,São Paulo (SP)
66718568,TOYOTA,COROLLA,1.8 VVT-I HYBRID FLEX ALTIS PREMIUM CVT,2026,2026.0,0.0,CVT,Sedã,209010.0,111.0,São Paulo (SP)
66683946,TOYOTA,COROLLA,2.0 VVT-IE FLEX GR-S DIRECT SHIFT,2026,2026.0,0.0,Automática,Sedã,203790.0,112.0,São Paulo (SP)
64589076,TOYOTA,COROLLA,2.0 VVT-IE FLEX GR-S DIRECT SHIFT,2025,2026.0,0.0,CVT,Sedã,201990.0,111.0,São Paulo (SP)
60044749,TOYOTA,COROLLA,1.8 GLI 16V FLEX 4P AUTOMÁTICO,2017,2018.0,107000.0,CVT,Sedã,89900.0,106.0,São Paulo (SP)
65588310,TOYOTA,COROLLA,2.0 VVT-IE FLEX XEI DIRECT SHIFT,2026,2026.0,0.0,CVT,Sedã,175620.0,107.0,São Paulo (SP)
64589068,TOYOTA,COROLLA,2.0 VVT-IE FLEX ALTIS PREMIUM DIRECT SHIFT,2025,2026.0,0.0,CVT,Sedã,205790.0,109.0,São Paulo (SP)
65588143,TOYOTA,COROLLA,2.0 VVT-IE FLEX ALTIS PREMIUM DIRECT SHIFT,2026,2026.0,0.0,CVT,Sedã,201990.0,107.0,São Paulo (SP)
64589172,TOYOTA,COROLLA,2.0 VVT-IE FLEX XEI DIRECT SHIFT,2025,2026.0,0.0,CVT,Sedã,174990.0,106.0,São Paulo (SP)
65611076,TOYOTA,COROLLA,2.0 VVT-IE FLEX XEI DIRECT SHIFT,2025,2026.0,0.0,CVT,Sedã,177010.0,108.0,São Paulo (SP)
64589454,TOYOTA,COROLLA,2.0 VVT-IE FLEX ALTIS PREMIUM DIRECT SHIFT,2025,2026.0,0.0,CVT,Sedã,205790.0,109.0,São Paulo (SP)
66684318,TOYOTA,COROLLA,1.8 VVT-I HYBRID FLEX ALTIS PREMIUM CVT,2026,2026.0,0.0,Automática,Sedã,209010.0,111.0,São Paulo (SP)
65557629,TOYOTA,COROLLA,1.8 VVT-I HYBRID FLEX ALTIS PREMIUM CVT,2026,2026.0,0.0,CVT,Sedã,208990.0,111.0,São Paulo (SP)
65588327,TOYOTA,COROLLA,2.0 VVT-IE FLEX XEI DIRECT SHIFT,2026,2026.0,0.0,CVT,Sedã,175620.0,107.0,São Paulo (SP)
69101571,TOYOTA,COROLLA,1.8 GLI UPPER 16V FLEX 4P AUTOMÁTICO,2019,2019.0,73000.0,Automática,Sedã,94800.0,107.0,São Paulo (SP)
62442761,TOYOTA,COROLLA,2.0 VVT-IE FLEX XEI DIRECT SHIFT,2025,2026.0,0.0,Automática,Sedã,177010.0,108.0,São Paulo (SP)
66683495,TOYOTA,COROLLA,2.0 VVT-IE FLEX XEI DIRECT SHIFT,2026,2026.0,0.0,Automática,Sedã,177010.0,108.0,São Paulo (SP)
63624457,TOYOTA,COROLLA,2.0 VVT-IE FLEX GR-S DIRECT SHIFT,2023,2023.0,47500.0,Automática,Sedã,135900.0,98.0,São Paulo (SP)
68650794,TOYOTA,COROLLA,2.0 XEI 16V FLEX 4P AUTOMÁTICO,2017,2018.0,99000.0,CVT,Sedã,97900.0,98.0,São Paulo (SP)
64588796,TOYOTA,COROLLA,2.0 VVT-IE FLEX GR-S DIRECT SHIFT,2021,2022.0,76208.0,CVT,Sedã,134990.0,106.0,São Paulo (SP)
64109110,TOYOTA,COROLLA,2.0 VVT-IE FLEX XEI DIRECT SHIFT,2023,2023.0,65806.0,Automática,Sedã,135790.0,106.0,São Paulo (SP)
64733241,TOYOTA,COROLLA,1.8 VVT-I HYBRID FLEX ALTIS PREMIUM CVT,2025,2026.0,0.0,Automática,Sedã,199990.0,106.0,São Paulo (SP)
64612783,TOYOTA,COROLLA,2.0 VVT-IE FLEX ALTIS PREMIUM DIRECT SHIFT,2025,2026.0,0.0,CVT,Sedã,201990.0,107.0,São Paulo (SP)
67733959,TOYOTA,COROLLA,2.0 XEI 16V FLEX 4P AUTOMÁTICO,2017,2018.0,111372.0,Automática,Sedã,99990.0,100.0,São Paulo (SP)
69491483,TOYOTA,COROLLA,1.8 VVT-I HYBRID FLEX ALTIS PREMIUM CVT,2024,2024.0,45000.0,CVT,Sedã,163890.0,99.0,São Paulo (SP)
65748867,TOYOTA,COROLLA,1.8 VVT-I HYBRID FLEX ALTIS PREMIUM CVT,2026,2026.0,0.0,CVT,Sedã,278000.0,147.0,São Paulo (SP)
65557664,TOYOTA,COROLLA,1.8 VVT-I HYBRID FLEX ALTIS PREMIUM CVT,2026,2026.0,0.0,CVT,Sedã,208990.0,111.0,São Paulo (SP)
66683520,TOYOTA,COROLLA,2.0 VVT-IE FLEX XEI DIRECT SHIFT,2026,2026.0,0.0,Automática,Sedã,177010.0,108.0,São Paulo (SP)
69318599,TOYOTA,COROLLA,1.8 VVT-I HYBRID FLEX ALTIS CVT,2024,2024.0,47685.0,Automática,Sedã,170290.0,105.0,São Paulo (SP)
64620885,TOYOTA,COROLLA,2.0 VVT-IE FLEX GLI DIRECT SHIFT,2023,2024.0,46000.0,CVT,Sedã,133900.0,107.0,São Paulo (SP)
66683503,TOYOTA,COROLLA,2.0 VVT-IE FLEX XEI DIRECT SHIFT,2026,2026.0,0.0,Automática,Sedã,177010.0,108.0,São Paulo (SP)
65588220,TOYOTA,COROLLA,2.0 VVT-IE FLEX XEI DIRECT SHIFT,2026,2026.0,0.0,CVT,Sedã,175990.0,107.0,São Paulo (SP)
65188217,TOYOTA,COROLLA,2.0 VVT-IE FLEX XEI DIRECT SHIFT,2026,2026.0,0.0,CVT,Sedã,244000.0,148.0,São Paulo (SP)
64589463,TOYOTA,COROLLA,1.8 VVT-I HYBRID FLEX ALTIS PREMIUM CVT,2025,2026.0,0.0,CVT,Sedã,208990.0,111.0,São Paulo (SP)
66615643,TOYOTA,COROLLA,2.0 VVT-IE FLEX ALTIS DIRECT SHIFT,2022,2023.0,51000.0,CVT,Sedã,179000.0,125.0,São Paulo (SP)
65188346,TOYOTA,COROLLA,2.0 VVT-IE FLEX GR-S DIRECT SHIFT,2026,2026.0,0.0,CVT,Sedã,279790.0,153.0,São Paulo (SP)
65611139,TOYOTA,COROLLA,2.0 VVT-IE FLEX XEI DIRECT SHIFT,2025,2026.0,0.0,Automática,Sedã,177320.0,108.0,São Paulo (SP)
59097401,TOYOTA,COROLLA,2.0 VVT-IE FLEX XEI DIRECT SHIFT,2025,2025.0,0.0,CVT,Sedã,239890.0,150.0,São Paulo (SP)
64589169,TOYOTA,COROLLA,2.0 VVT-IE FLEX XEI DIRECT SHIFT,2025,2026.0,0.0,CVT,Sedã,175990.0,107.0,São Paulo (SP)
64653690,TOYOTA,COROLLA,2.0 VVT-IE FLEX XEI DIRECT SHIFT,2023,2023.0,69800.0,CVT,Sedã,129900.0,102.0,São Paulo (SP)
68088271,TOYOTA,COROLLA,1.8 GLI UPPER 16V FLEX 4P AUTOMÁTICO,2019,2019.0,120000.0,CVT,Sedã,98900.0,112.0,São Paulo (SP)
64589125,TOYOTA,COROLLA,1.8 VVT-I HYBRID FLEX ALTIS PREMIUM CVT,2025,2026.0,0.0,CVT,Sedã,208990.0,111.0,São Paulo (SP)
64553330,TOYOTA,COROLLA,2.0 XEI 16V FLEX 4P AUTOMÁTICO,2018,2018.0,112490.0,Automática,Sedã,104990.0,105.0,São Paulo (SP)
63624824,TOYOTA,COROLLA,2.0 VVT-IE FLEX GR-S DIRECT SHIFT,2023,2023.0,47500.0,Automática,Sedã,135900.0,98.0,São Paulo (SP)
66683482,TOYOTA,COROLLA,2.0 VVT-IE FLEX XEI DIRECT SHIFT,2026,2026.0,0.0,Automática,Sedã,177010.0,108.0,São Paulo (SP)
51054730,TOYOTA,COROLLA,1.8 GLI 16V FLEX 4P AUTOMÁTICO,2019,2019.0,100000.0,CVT,Sedã,120000.0,137.0,São Paulo (SP)
65748672,TOYOTA,COROLLA,1.8 VVT-I HYBRID FLEX ALTIS PREMIUM CVT,2026,2026.0,0.0,CVT,Sedã,278000.0,147.0,São Paulo (SP)
63372081,TOYOTA,COROLLA,2.0 VVT-IE FLEX XEI DIRECT SHIFT,2023,2024.0,20090.0,Automática,Sedã,150990.0,106.0,São Paulo (SP)
65814976,TOYOTA,COROLLA,2.0 VVT-IE FLEX XEI DIRECT SHIFT,2026,2026.0,0.0,CVT,Sedã,177010.0,108.0,São Paulo (SP)
58481960,TOYOTA,COROLLA,2.0 VVT-IE FLEX GLI DIRECT SHIFT,2025,2025.0,0.0,CVT,Sedã,210000.0,145.0,São Paulo (SP)
65748759,TOYOTA,COROLLA,1.8 VVT-I HYBRID FLEX ALTIS PREMIUM CVT,2026,2026.0,0.0,CVT,Sedã,278000.0,147.0,São Paulo (SP)
65815141,TOYOTA,COROLLA,2.0 VVT-IE FLEX XEI DIRECT SHIFT,2026,2026.0,0.0,CVT,Sedã,177010.0,108.0,São Paulo (SP)
62365416,TOYOTA,COROLLA,2.0 VVT-IE FLEX XEI DIRECT SHIFT,2021,2022.0,63000.0,CVT,Sedã,129990.0,106.0,São Paulo (SP)
66290910,TOYOTA,COROLLA,2.0 VVT-IE FLEX XEI DIRECT SHIFT,2022,2023.0,94000.0,CVT,Sedã,130000.0,102.0,São Paulo (SP)
65187800,TOYOTA,COROLLA,2.0 VVT-IE FLEX XEI DIRECT SHIFT,2026,2026.0,0.0,CVT,Sedã,244000.0,148.0,São Paulo (SP)
65814779,TOYOTA,COROLLA,2.0 VVT-IE FLEX XEI DIRECT SHIFT,2026,2026.0,0.0,CVT,Sedã,177010.0,108.0,São Paulo (SP)
64612788,TOYOTA,COROLLA,1.8 VVT-I HYBRID FLEX ALTIS PREMIUM CVT,2025,2026.0,0.0,CVT,Sedã,208990.0,111.0,São Paulo (SP)
68760532,TOYOTA,COROLLA,1.8 GLI 16V FLEX 4P AUTOMÁTICO,2010,2011.0,153210.0,Automática,Sedã,59900.0,108.0,São Paulo (SP)
69116949,TOYOTA,COROLLA,1.8 VVT-I HYBRID FLEX ALTIS PREMIUM CVT,2026,2026.0,0.0,Automática,Sedã,198890.0,106.0,São Paulo (SP)
66676290,TOYOTA,COROLLA,2.0 VVT-IE FLEX XEI DIRECT SHIFT,2020,2021.0,93000.0,Automática,Sedã,120990.0,101.0,São Paulo (SP)
68481710,TOYOTA,COROLLA,1.8 VVT-I HYBRID FLEX ALTIS PREMIUM CVT,2021,2022.0,47000.0,Automática,Sedã,184990.0,137.0,São Paulo (SP)
68481008,TOYOTA,COROLLA,1.8 VVT-I HYBRID FLEX ALTIS PREMIUM CVT,2026,2026.0,0.0,Automática,Sedã,314990.0,167.0,São Paulo (SP)
63238297,TOYOTA,COROLLA,2.0 XEI 16V FLEX 4P AUTOMÁTICO,2012,2013.0,151000.0,Automática,Sedã,65000.0,98.0,São Paulo (SP)
67745893,TOYOTA,COROLLA,1.8 GLI 16V FLEX 4P AUTOMÁTICO,2010,2011.0,264000.0,Automática,Sedã,53000.0,96.0,São Paulo (SP)
66157825,TOYOTA,COROLLA,1.6 XLI 16V GASOLINA 4P MANUAL,2006,2006.0,270000.0,Manual,Sedã,38900.0,117.0,São Paulo (SP)
67188608,TOYOTA,COROLLA,2.0 XEI 16V FLEX 4P AUTOMÁTICO,2013,2013.0,187000.0,Automática,Sedã,55900.0,84.0,São Paulo (SP)
67709335,TOYOTA,COROLLA,1.8 XEI 16V GASOLINA 4P AUTOMÁTICO,2004,2004.0,168000.0,Automática,Sedã,33900.0,95.0,São Paulo (SP)
68184159,TOYOTA,COROLLA,1.8 XEI 16V FLEX 4P AUTOMÁTICO,2008,2009.0,115128.0,Automática,Sedã,50000.0,93.0,São Paulo (SP)
67868217,TOYOTA,COROLLA,1.6 XLI 16V GASOLINA 4P AUTOMÁTICO,2007,2007.0,285000.0,Automática,Sedã,31999.0,87.0,São Paulo (SP)
66382261,TOYOTA,COROLLA,1.8 SE-G 16V GASOLINA 4P AUTOMÁTICO,2004,2005.0,270000.0,Automática,Sedã,35000.0,91.0,São Paulo (SP)
67395268,TOYOTA,COROLLA,2.0 ALTIS 16V FLEX 4P AUTOMÁTICO,2011,2012.0,171000.0,Automática,Sedã,64500.0,99.0,São Paulo (SP)
68237599,TOYOTA,COROLLA,1.8 XEI 16V FLEX 4P AUTOMÁTICO,2009,2010.0,88059.0,Automática,Sedã,61500.0,111.0,São Paulo (SP)
67205174,TOYOTA,COROLLA,2.0 XEI 16V FLEX 4P AUTOMÁTICO,2013,2014.0,58000.0,Automática,Sedã,74000.0,106.0,São Paulo (SP)
64653381,TOYOTA,COROLLA,1.8 GLI 16V FLEX 4P AUTOMÁTICO,2011,2012.0,154200.0,Automática,Sedã,57500.0,96.0,São Paulo (SP)
49074124,TOYOTA,COROLLA,2.0 XEI 16V FLEX 4P AUTOMÁTICO,2011,2011.0,255000.0,Automática,Sedã,54990.0,94.0,São Paulo (SP)
66972342,TOYOTA,COROLLA,1.8 XEI 16V FLEX 4P AUTOMÁTICO,2009,2009.0,249862.0,Automática,Sedã,48500.0,90.0,São Paulo (SP)
67673426,TOYOTA,COROLLA,1.8 XEI 16V FLEX 4P AUTOMÁTICO,2008,2008.0,132000.0,Automática,Sedã,48900.0,114.0,São Paulo (SP)
68239313,TOYOTA,COROLLA,1.8 XEI 16V GASOLINA 4P AUTOMÁTICO,2000,2001.0,245800.0,Automática,Sedã,26500.0,97.0,São Paulo (SP)
66443411,TOYOTA,COROLLA,2.0 XEI 16V FLEX 4P AUTOMÁTICO,2013,2014.0,131000.0,Automática,Sedã,69900.0,100.0,São Paulo (SP)
67277989,TOYOTA,COROLLA,1.6 XLI 16V GASOLINA 4P MANUAL,2007,2007.0,121000.0,Manual,Sedã,41900.0,123.0,São Paulo (SP)
66953125,TOYOTA,COROLLA,1.8 XEI 16V FLEX 4P AUTOMÁTICO,2008,2009.0,214000.0,Automática,Sedã,52900.0,98.0,São Paulo (SP)
66531108,TOYOTA,COROLLA,2.0 XEI 16V FLEX 4P AUTOMÁTICO,2011,2012.0,150000.0,Automática,Sedã,63000.0,99.0,São Paulo (SP)
67089267,TOYOTA,COROLLA,1.8 XEI 16V FLEX 4P AUTOMÁTICO,2008,2009.0,226120.0,Automática,Sedã,53000.0,99.0,São Paulo (SP)
68018246,TOYOTA,COROLLA,1.8 GLI 16V FLEX 4P AUTOMÁTICO,2012,2012.0,227000.0,Automática,Sedã,54999.0,92.0,São Paulo (SP)
66928589,TOYOTA,COROLLA,1.8 XEI 16V FLEX 4P AUTOMÁTICO,2009,2010.0,176800.0,Automática,Sedã,54000.0,97.0,São Paulo (SP)
67320766,TOYOTA,COROLLA,1.8 XEI 16V GASOLINA 4P AUTOMÁTICO,2003,2003.0,252000.0,Automática,Sedã,38900.0,121.0,São Paulo (SP)
62742968,TOYOTA,COROLLA,1.8 XEI 16V GASOLINA 4P AUTOMÁTICO,2001,2001.0,214000.0,Automática,Sedã,32900.0,120.0,São Paulo (SP)
67823213,TOYOTA,COROLLA,1.8 SE-G 16V FLEX 4P AUTOMÁTICO,2009,2010.0,253000.0,Automática,Sedã,53000.0,93.0,São Paulo (SP)
66781199,TOYOTA,COROLLA,1.8 LE 16V GASOLINA 4P MANUAL,1993,1994.0,261251.0,Manual,Sedã,53500.0,430.0,São Paulo (SP)
67699870,TOYOTA,COROLLA,2.0 XEI 16V FLEX 4P AUTOMÁTICO,2013,2014.0,140000.0,Automática,Sedã,69450.0,99.0,São Paulo (SP)
68365878,TOYOTA,COROLLA,1.8 XLI 16V FLEX 4P AUTOMÁTICO,2009,2010.0,118000.0,Automática,Sedã,54000.0,101.0,São Paulo (SP)
67204313,TOYOTA,COROLLA,1.8 XLI 16V FLEX 4P AUTOMÁTICO,2009,2010.0,152404.0,Automática,Sedã,55800.0,105.0,São Paulo (SP)
68975870,TOYOTA,COROLLA,1.8 XEI 16V FLEX 4P MANUAL,2009,2010.0,122500.0,Manual,Sedã,56500.0,103.0,São Paulo (SP)
65811726,TOYOTA,COROLLA,2.0 XEI 16V FLEX 4P AUTOMÁTICO,2010,2011.0,330000.0,Automática,Sedã,53000.0,91.0,São Paulo (SP)
67411471,TOYOTA,COROLLA,2.0 XEI 16V FLEX 4P AUTOMÁTICO,2013,2014.0,208800.0,Automática,Sedã,64990.0,93.0,São Paulo (SP)
67356621,TOYOTA,COROLLA,2.0 XEI 16V FLEX 4P AUTOMÁTICO,2013,2014.0,158000.0,Automática,Sedã,66000.0,94.0,São Paulo (SP)
68393221,TOYOTA,COROLLA,2.0 XEI 16V FLEX 4P AUTOMÁTICO,2011,2012.0,104300.0,Automática,Sedã,65989.0,104.0,São Paulo (SP)
66153150,TOYOTA,COROLLA,1.8 SE-G 16V GASOLINA 4P AUTOMÁTICO,2004,2004.0,216530.0,Automática,Sedã,39000.0,108.0,São Paulo (SP)
69437627,TOYOTA,COROLLA,1.8 XLI 16V FLEX 4P AUTOMÁTICO,2007,2008.0,82210.0,Automática,Sedã,49800.0,121.0,São Paulo (SP)
45791862,TOYOTA,COROLLA,1.8 GLI 16V FLEX 4P AUTOMÁTICO,2017,2018.0,125000.0,Automática,Sedã,78550.0,92.0,São Paulo (SP)
68725863,TOYOTA,COROLLA,1.8 XEI 16V FLEX 4P AUTOMÁTICO,2009,2009.0,290000.0,Automática,Sedã,51000.0,95.0,São Paulo (SP)
65440746,TOYOTA,COROLLA,1.8 SE-G 16V GASOLINA 4P AUTOMÁTICO,2003,2003.0,260000.0,Automática,Sedã,39000.0,111.0,São Paulo (SP)
42927495,TOYOTA,COROLLA,2.0 VVT-IE FLEX XEI DIRECT SHIFT,2022,2023.0,26000.0,Automática,Sedã,129000.0,101.0,São Paulo (SP)
38901612,TOYOTA,COROLLA,2.0 XEI 16V FLEX 4P AUTOMÁTICO,2010,2011.0,100000.0,Automática,Sedã,65700.0,112.0,São Paulo (SP)
67348724,TOYOTA,COROLLA,1.6 XLI 16V GASOLINA 4P MANUAL,2006,2007.0,239488.0,Manual,Sedã,36900.0,108.0,São Paulo (SP)
64799743,TOYOTA,COROLLA,1.8 GLI 16V FLEX 4P AUTOMÁTICO,2011,2012.0,230000.0,Automática,Sedã,59040.0,99.0,São Paulo (SP)
67916079,TOYOTA,COROLLA,1.8 GLI 16V FLEX 4P AUTOMÁTICO,2012,2013.0,148000.0,Automática,Sedã,62100.0,100.0,São Paulo (SP)
68786238,TOYOTA,COROLLA,2.0 XEI 16V FLEX 4P AUTOMÁTICO,2013,2014.0,109600.0,Automática,Sedã,74900.0,107.0,São Paulo (SP)
65540601,TOYOTA,COROLLA,1.8 GLI 16V FLEX 4P AUTOMÁTICO,2009,2010.0,220000.0,Automática,Sedã,52000.0,97.0,São Paulo (SP)
68989291,TOYOTA,COROLLA,1.8 GLI 16V FLEX 4P AUTOMÁTICO,2010,2011.0,109000.0,Automática,Sedã,57500.0,104.0,São Paulo (SP)
67571173,TOYOTA,COROLLA,2.0 XEI 16V FLEX 4P AUTOMÁTICO,2010,2011.0,225000.0,Automática,Sedã,58000.0,99.0,São Paulo (SP)
66985784,TOYOTA,COROLLA,1.8 XEI 16V GASOLINA 4P AUTOMÁTICO,2005,2005.0,170000.0,Automática,Sedã,42000.0,115.0,São Paulo (SP)
67523183,TOYOTA,COROLLA,2.0 XEI 16V FLEX 4P AUTOMÁTICO,2012,2013.0,208000.0,Automática,Sedã,65000.0,98.0,São Paulo (SP)
67509315,TOYOTA,COROLLA,2.0 XEI 16V FLEX 4P AUTOMÁTICO,2010,2011.0,225000.0,Automática,Sedã,58000.0,99.0,São Paulo (SP)
67327082,TOYOTA,COROLLA,2.0 XEI 16V FLEX 4P AUTOMÁTICO,2011,2012.0,240000.0,Automática,Sedã,64300.0,101.0,São Paulo (SP)
63752052,TOYOTA,COROLLA,1.8 GLI 16V FLEX 4P AUTOMÁTICO,2012,2013.0,176000.0,Automática,Sedã,62500.0,100.0,São Paulo (SP)
69391082,TOYOTA,COROLLA,1.8 XEI 16V GASOLINA 4P AUTOMÁTICO,2003,2003.0,302000.0,Automática,Sedã,33900.0,106.0,São Paulo (SP)
69440709,TOYOTA,COROLLA,1.8 XLI 16V FLEX 4P AUTOMÁTICO,2010,2011.0,119000.0,Automática,Sedã,61990.0,112.0,São Paulo (SP)
69495559,TOYOTA,COROLLA,2.0 ALTIS 16V FLEX 4P AUTOMÁTICO,2013,2014.0,152000.0,Automática,Sedã,72900.0,101.0,São Paulo (SP)
68654258,TOYOTA,COROLLA,1.8 SE-G 16V GASOLINA 4P AUTOMÁTICO,2005,2005.0,164000.0,Automática,Sedã,35000.0,91.0,São Paulo (SP)
59012788,TOYOTA,COROLLA,2.0 XEI 16V FLEX 4P AUTOMÁTICO,2012,2013.0,117000.0,Automática,Sedã,55000.0,83.0,São Paulo (SP)
57641167,TOYOTA,COROLLA,1.8 GLI 16V FLEX 4P AUTOMÁTICO,2013,2014.0,210000.0,Automática,Sedã,64000.0,99.0,São Paulo (SP)
68411151,TOYOTA,COROLLA,2.0 XEI 16V FLEX 4P AUTOMÁTICO,2015,2016.0,190000.0,Automática,Sedã,76000.0,90.0,São Paulo (SP)
68185325,TOYOTA,COROLLA,1.8 XEI 16V GASOLINA 4P MANUAL,2005,2005.0,155000.0,Manual,Sedã,44900.0,125.0,São Paulo (SP)
68894453,TOYOTA,COROLLA,2.0 XRS 16V FLEX 4P AUTOMÁTICO,2018,2019.0,55000.0,CVT,Sedã,108900.0,107.0,São Paulo (SP)
67781009,TOYOTA,COROLLA,1.8 VVT-I HYBRID FLEX ALTIS PREMIUM CVT,2022,2023.0,143000.0,CVT,Sedã,135000.0,93.0,São Paulo (SP)
67881077,TOYOTA,COROLLA,2.0 VVT-IE FLEX ALTIS DIRECT SHIFT,2024,2024.0,29300.0,CVT,Sedã,221607.0,136.0,São Paulo (SP)
66594664,TOYOTA,COROLLA,2.0 VVT-IE FLEX XEI DIRECT SHIFT,2024,2024.0,26000.0,CVT,Sedã,143000.0,100.0,São Paulo (SP)
67625756,TOYOTA,COROLLA,2.0 ALTIS 16V FLEX 4P AUTOMÁTICO,2010,2011.0,125000.0,Automática,Sedã,54900.0,91.0,São Paulo (SP)
59618890,TOYOTA,COROLLA,2.0 VVT-IE FLEX XEI DIRECT SHIFT,2023,2023.0,23000.0,CVT,Sedã,125000.0,98.0,São Paulo (SP)
67656855,TOYOTA,COROLLA,2.0 VVT-IE FLEX GR-S DIRECT SHIFT,2025,2025.0,8900.0,CVT,Sedã,175500.0,100.0,São Paulo (SP)
67722368,TOYOTA,COROLLA,1.8 VVT-I HYBRID FLEX ALTIS CVT,2023,2023.0,140000.0,CVT,Sedã,135000.0,95.0,São Paulo (SP)
67157301,TOYOTA,COROLLA,2.0 XEI 16V FLEX 4P AUTOMÁTICO,2016,2016.0,120000.0,Automática,Sedã,84000.0,99.0,São Paulo (SP)
67836188,TOYOTA,COROLLA,1.8 GLI 16V FLEX 4P AUTOMÁTICO,2016,2017.0,58000.0,Automática,Sedã,85000.0,105.0,São Paulo (SP)
64191492,TOYOTA,COROLLA,2.0 XEI 16V FLEX 4P AUTOMÁTICO,2012,2013.0,151000.0,Automática,Sedã,65000.0,98.0,São Paulo (SP)
64278120,TOYOTA,COROLLA,2.0 XEI 16V FLEX 4P AUTOMÁTICO,2016,2016.0,77000.0,Automática,Sedã,85000.0,101.0,São Paulo (SP)
66403766,TOYOTA,COROLLA,1.8 GLI 16V FLEX 4P AUTOMÁTICO,2016,2016.0,91000.0,Automática,Sedã,79900.0,102.0,São Paulo (SP)
67749008,TOYOTA,COROLLA,1.8 SE-G 16V FLEX 4P AUTOMÁTICO,2008,2008.0,357755.0,Automática,Sedã,42990.0,94.0,São Paulo (SP)
65821763,TOYOTA,COROLLA,2.0 VVT-IE FLEX XEI DIRECT SHIFT,2024,2024.0,30000.0,CVT,Sedã,138977.0,97.0,São Paulo (SP)
55852976,TOYOTA,COROLLA,2.0 VVT-IE FLEX GR-S DIRECT SHIFT,2023,2023.0,72900.0,CVT,Sedã,138900.0,100.0,São Paulo (SP)
67123918,TOYOTA,COROLLA,2.0 XEI 16V FLEX 4P AUTOMÁTICO,2018,2018.0,131641.0,CVT,Sedã,99000.0,99.0,São Paulo (SP)
59306099,TOYOTA,COROLLA,2.0 VVT-IE FLEX XEI DIRECT SHIFT,2019,2020.0,59000.0,CVT,Sedã,92900.0,80.0,São Paulo (SP)
65745738,TOYOTA,COROLLA,2.0 VVT-IE FLEX XEI DIRECT SHIFT,2021,2022.0,50000.0,CVT,Sedã,102000.0,83.0,São Paulo (SP)
61212902,TOYOTA,COROLLA,2.0 XEI 16V FLEX 4P AUTOMÁTICO,2014,2015.0,125500.0,Automática,Sedã,69900.0,85.0,São Paulo (SP)
65673022,TOYOTA,COROLLA,2.0 VVT-IE FLEX XEI DIRECT SHIFT,2020,2021.0,57000.0,CVT,Sedã,100000.0,83.0,São Paulo (SP)
56689155,TOYOTA,COROLLA,2.0 XEI 16V FLEX 4P AUTOMÁTICO,2015,2016.0,116000.0,Automática,Sedã,75000.0,89.0,São Paulo (SP)
63654391,TOYOTA,COROLLA,1.8 GLI 16V FLEX 4P AUTOMÁTICO,2013,2014.0,138000.0,Automática,Sedã,56800.0,88.0,São Paulo (SP)
50647102,TOYOTA,COROLLA,1.8 XEI 16V FLEX 4P AUTOMÁTICO,2009,2010.0,160000.0,Automática,Sedã,50000.0,90.0,São Paulo (SP)
54186529,TOYOTA,COROLLA,1.8 XLI 16V FLEX 4P AUTOMÁTICO,2010,2011.0,173000.0,Automática,Sedã,50000.0,90.0,São Paulo (SP)
68300536,TOYOTA,COROLLA,1.8 VVT-I HYBRID FLEX ALTIS CVT,2021,2022.0,39600.0,CVT,Sedã,132500.0,99.0,São Paulo (SP)
59193806,TOYOTA,COROLLA,2.0 VVT-IE FLEX GR-S DIRECT SHIFT,2024,2024.0,15000.0,CVT,Sedã,148000.0,93.0,São Paulo (SP)
67571530,TOYOTA,COROLLA,2.0 VVT-IE FLEX XEI DIRECT SHIFT,2020,2021.0,60300.0,CVT,Sedã,110000.0,92.0,São Paulo (SP)
61213559,TOYOTA,COROLLA,2.0 XEI 16V FLEX 4P AUTOMÁTICO,2011,2012.0,89000.0,Automática,Sedã,58000.0,91.0,São Paulo (SP)
67205323,TOYOTA,COROLLA,1.8 VVT-I HYBRID FLEX ALTIS CVT,2019,2020.0,70050.0,CVT,Sedã,119990.0,98.0,São Paulo (SP)
63343386,TOYOTA,COROLLA,2.0 ALTIS 16V FLEX 4P AUTOMÁTICO,2018,2019.0,56500.0,CVT,Sedã,102000.0,96.0,São Paulo (SP)
51803476,TOYOTA,COROLLA,1.8 GLI UPPER 16V FLEX 4P AUTOMÁTICO,2018,2018.0,78500.0,CVT,Sedã,85000.0,99.0,São Paulo (SP)
58258298,TOYOTA,COROLLA,1.8 SE-G 16V FLEX 4P AUTOMÁTICO,2009,2009.0,170000.0,Automática,Sedã,52000.0,93.0,São Paulo (SP)
56741528,TOYOTA,COROLLA,1.8 GLI 16V FLEX 4P AUTOMÁTICO,2016,2017.0,77000.0,Automática,Sedã,79990.0,99.0,São Paulo (SP)
66240764,TOYOTA,COROLLA,1.8 VVT-I HYBRID FLEX ALTIS CVT,2019,2020.0,180000.0,CVT,Sedã,110000.0,90.0,São Paulo (SP)
58681206,TOYOTA,COROLLA,1.8 XEI 16V GASOLINA 4P AUTOMÁTICO,2001,2001.0,442500.0,Automática,Sedã,25000.0,92.0,São Paulo (SP)
66576160,TOYOTA,COROLLA,2.0 XEI 16V FLEX 4P AUTOMÁTICO,2018,2019.0,101200.0,CVT,Sedã,94000.0,91.0,São Paulo (SP)
63494741,TOYOTA,COROLLA,2.0 XEI 16V FLEX 4P AUTOMÁTICO,2018,2019.0,66000.0,CVT,Sedã,101900.0,99.0,São Paulo (SP)
67012132,TOYOTA,COROLLA,2.0 XEI 16V FLEX 4P AUTOMÁTICO,2018,2019.0,74000.0,CVT,Sedã,102000.0,99.0,São Paulo (SP)
52313625,TOYOTA,COROLLA,1.8 GLI 16V FLEX 4P AUTOMÁTICO,2017,2018.0,41700.0,CVT,Sedã,89300.0,105.0,São Paulo (SP)
58081333,TOYOTA,COROLLA,2.0 XEI 16V FLEX 4P AUTOMÁTICO,2012,2013.0,180000.0,Automática,Sedã,49990.0,75.0,São Paulo (SP)
64634100,TOYOTA,COROLLA,2.0 XEI 16V FLEX 4P AUTOMÁTICO,2014,2015.0,117500.0,Automática,Sedã,79990.0,98.0,São Paulo (SP)
67686332,TOYOTA,COROLLA,1.8 GLI 16V FLEX 4P AUTOMÁTICO,2010,2010.0,110000.0,Automática,Sedã,59000.0,110.0,São Paulo (SP)
67542904,TOYOTA,COROLLA,1.8 GLI 16V FLEX 4P AUTOMÁTICO,2015,2016.0,138000.0,Automática,Sedã,75228.0,96.0,São Paulo (SP)
66259863,TOYOTA,COROLLA,1.8 XEI 16V FLEX 4P AUTOMÁTICO,2007,2008.0,100000.0,Automática,Sedã,42990.0,100.0,São Paulo (SP)
51943864,TOYOTA,COROLLA,1.8 GLI 16V FLEX 4P AUTOMÁTICO,2018,2019.0,107000.0,CVT,Sedã,83000.0,94.0,São Paulo (SP)
48082199,TOYOTA,COROLLA,1.8 VVT-I HYBRID FLEX ALTIS PREMIUM CVT,2024,2024.0,17000.0,CVT,Sedã,172900.0,104.0,São Paulo (SP)
67757050,TOYOTA,COROLLA,1.8 VVT-I HYBRID FLEX ALTIS PREMIUM CVT,2024,2024.0,10000.0,CVT,Sedã,172900.0,104.0,São Paulo (SP)
59437267,TOYOTA,COROLLA,2.0 XEI 16V FLEX 4P AUTOMÁTICO,2010,2011.0,245000.0,Automática,Sedã,52500.0,90.0,São Paulo (SP)
58539564,TOYOTA,COROLLA,1.8 GLI 16V FLEX 4P MANUAL,2013,2013.0,150000.0,Manual,Sedã,57000.0,97.0,São Paulo (SP)
65007682,TOYOTA,COROLLA,2.0 XEI 16V FLEX 4P AUTOMÁTICO,2017,2018.0,110700.0,CVT,Sedã,89990.0,90.0,São Paulo (SP)
67061778,TOYOTA,COROLLA,2.0 VVT-IE FLEX XEI DIRECT SHIFT,2024,2024.0,15500.0,CVT,Sedã,145900.0,102.0,São Paulo (SP)
67739173,TOYOTA,COROLLA,2.0 VVT-IE FLEX XEI DIRECT SHIFT,2025,2025.0,8900.0,CVT,Sedã,162900.0,102.0,São Paulo (SP)
59723746,TOYOTA,COROLLA,2.0 VVT-IE FLEX GLI DIRECT SHIFT,2019,2020.0,43000.0,CVT,Sedã,108000.0,100.0,São Paulo (SP)
63507848,TOYOTA,COROLLA,1.8 GLI 16V FLEX 4P AUTOMÁTICO,2010,2011.0,187000.0,Automática,Sedã,52300.0,94.0,São Paulo (SP)
67683811,TOYOTA,COROLLA,2.0 VVT-IE FLEX XEI DIRECT SHIFT,2024,2024.0,32800.0,CVT,Sedã,142500.0,100.0,São Paulo (SP)
65587059,TOYOTA,COROLLA,1.8 XEI 16V FLEX 4P MANUAL,2003,2003.0,243000.0,Manual,Sedã,30500.0,97.0,São Paulo (SP)
57693423,TOYOTA,COROLLA,2.0 VVT-IE FLEX XEI DIRECT SHIFT,2023,2023.0,140000.0,CVT,Sedã,110000.0,86.0,São Paulo (SP)
64186504,TOYOTA,COROLLA,2.0 VVT-IE FLEX XEI DIRECT SHIFT,2023,2024.0,28500.0,CVT,Sedã,137999.0,97.0,São Paulo (SP)
66418201,TOYOTA,COROLLA,2.0 XEI 16V FLEX 4P AUTOMÁTICO,2015,2016.0,112000.0,Automática,Sedã,81500.0,97.0,São Paulo (SP)
66337397,TOYOTA,COROLLA,1.8 GLI 16V FLEX 4P AUTOMÁTICO,2015,2016.0,95000.0,Automática,Sedã,78000.0,99.0,São Paulo (SP)
34655545,TOYOTA,COROLLA,2.0 XEI 16V FLEX 4P AUTOMÁTICO,2014,2015.0,85000.0,Automática,Sedã,85999.0,105.0,São Paulo (SP)
67331783,TOYOTA,COROLLA,1.8 VVT-I HYBRID FLEX ALTIS PREMIUM CVT,2020,2021.0,121000.0,CVT,Sedã,121900.0,94.0,São Paulo (SP)
65354123,TOYOTA,COROLLA,1.8 XEI 16V GASOLINA 4P AUTOMÁTICO,2001,2002.0,250000.0,Automática,Sedã,26900.0,96.0,São Paulo (SP)
58510923,TOYOTA,COROLLA,1.6 GLI 16V GASOLINA 4P MANUAL,1997,1998.0,320000.0,Manual,Sedã,20000.0,96.0,São Paulo (SP)
57185863,TOYOTA,COROLLA,2.0 XEI 16V FLEX 4P AUTOMÁTICO,2018,2019.0,76000.0,CVT,Sedã,98990.0,96.0,São Paulo (SP)
59774662,TOYOTA,COROLLA,2.0 XEI 16V FLEX 4P AUTOMÁTICO,2010,2011.0,177000.0,Automática,Sedã,53000.0,91.0,São Paulo (SP)
68072416,TOYOTA,COROLLA,1.8 VVT-I HYBRID FLEX ALTIS CVT,2024,2024.0,9040.0,CVT,Sedã,220000.0,136.0,São Paulo (SP)
61888955,TOYOTA,COROLLA,1.8 GLI 16V FLEX 4P AUTOMÁTICO,2015,2016.0,150000.0,Automática,Sedã,75500.0,96.0,São Paulo (SP)
62963537,TOYOTA,COROLLA,2.0 XEI 16V FLEX 4P AUTOMÁTICO,2010,2011.0,92000.0,Automática,Sedã,58500.0,100.0,São Paulo (SP)
67923563,TOYOTA,COROLLA,2.0 XEI 16V FLEX 4P AUTOMÁTICO,2019,2019.0,71000.0,CVT,Sedã,102000.0,99.0,São Paulo (SP)
61183086,TOYOTA,COROLLA,1.8 LE 16V GASOLINA 4P AUTOMÁTICO,1996,1996.0,149000.0,Automática,Sedã,25000.0,186.0,São Paulo (SP)
56080410,TOYOTA,COROLLA,1.8 VVT-I HYBRID FLEX ALTIS CVT,2019,2020.0,86514.0,CVT,Sedã,117999.0,96.0,São Paulo (SP)
66620666,TOYOTA,COROLLA,1.8 GLI UPPER 16V FLEX 4P AUTOMÁTICO,2015,2016.0,100000.0,Automática,Sedã,75000.0,95.0,São Paulo (SP)
62103241,TOYOTA,COROLLA,1.8 GLI UPPER 16V FLEX 4P AUTOMÁTICO,2016,2017.0,110000.0,Automática,Sedã,78000.0,96.0,São Paulo (SP)
62873479,TOYOTA,COROLLA,1.8 XLI 16V FLEX 4P AUTOMÁTICO,2011,2012.0,155000.0,Automática,Sedã,56299.0,98.0,São Paulo (SP)
65789120,TOYOTA,COROLLA,1.8 GLI 16V FLEX 4P AUTOMÁTICO,2014,2015.0,98000.0,Automática,Sedã,75500.0,100.0,São Paulo (SP)
67838868,TOYOTA,COROLLA,1.8 VVT-I HYBRID FLEX ALTIS PREMIUM CVT,2022,2023.0,62000.0,CVT,Sedã,140000.0,97.0,São Paulo (SP)
59081924,TOYOTA,COROLLA,2.0 ALTIS 16V FLEX 4P AUTOMÁTICO,2018,2019.0,149000.0,CVT,Sedã,100900.0,94.0,São Paulo (SP)
65576495,TOYOTA,COROLLA,2.0 XRS 16V FLEX 4P AUTOMÁTICO,2017,2018.0,74000.0,CVT,Sedã,103000.0,104.0,São Paulo (SP)
62008393,TOYOTA,COROLLA,1.8 VVT-I HYBRID FLEX ALTIS CVT,2022,2023.0,38300.0,CVT,Sedã,143000.0,101.0,São Paulo (SP)
62654468,TOYOTA,COROLLA,2.0 VVT-IE FLEX XEI DIRECT SHIFT,2021,2022.0,36200.0,CVT,Sedã,124800.0,102.0,São Paulo (SP)
64862668,TOYOTA,COROLLA,2.0 XEI 16V FLEX 4P AUTOMÁTICO,2015,2016.0,159500.0,Automática,Sedã,78990.0,94.0,São Paulo (SP)
67522351,TOYOTA,COROLLA,2.0 VVT-IE FLEX ALTIS DIRECT SHIFT,2023,2024.0,15755.0,CVT,Sedã,168000.0,103.0,São Paulo (SP)
65074615,TOYOTA,COROLLA,2.0 VVT-IE FLEX XEI DIRECT SHIFT,2024,2024.0,11000.0,CVT,Sedã,195200.0,137.0,São Paulo (SP)
63459743,TOYOTA,COROLLA,2.0 VVT-IE FLEX ALTIS DIRECT SHIFT,2021,2022.0,23800.0,CVT,Sedã,143000.0,105.0,São Paulo (SP)
52952943,TOYOTA,COROLLA,2.0 XEI 16V FLEX 4P AUTOMÁTICO,2013,2014.0,128900.0,Automática,Sedã,66900.0,96.0,São Paulo (SP)
61333783,TOYOTA,COROLLA,2.0 XEI 16V FLEX 4P AUTOMÁTICO,2017,2018.0,109000.0,CVT,Sedã,99514.0,100.0,São Paulo (SP)
56632955,TOYOTA,COROLLA,2.0 DYNAMIC 16V FLEX 4P AUTOMÁTICO,2017,2017.0,200000.0,Automática,Sedã,80000.0,90.0,São Paulo (SP)
65492537,TOYOTA,COROLLA,2.0 VVT-IE FLEX XEI DIRECT SHIFT,2020,2021.0,80000.0,CVT,Sedã,116000.0,97.0,São Paulo (SP)
55463833,TOYOTA,COROLLA,1.8 XEI 16V GASOLINA 4P MANUAL,2007,2007.0,155229.0,Manual,Sedã,42900.0,109.0,São Paulo (SP)
64785558,TOYOTA,COROLLA,2.0 VVT-IE FLEX XEI DIRECT SHIFT,2024,2024.0,23200.0,CVT,Sedã,143990.0,101.0,São Paulo (SP)
66232296,TOYOTA,COROLLA,2.0 VVT-IE FLEX XEI DIRECT SHIFT,2025,2025.0,19500.0,CVT,Sedã,159000.0,100.0,São Paulo (SP)
60785408,TOYOTA,COROLLA,2.0 XRS 16V FLEX 4P AUTOMÁTICO,2018,2018.0,85900.0,CVT,Sedã,101900.0,103.0,São Paulo (SP)
62006002,TOYOTA,COROLLA,2.0 VVT-IE FLEX XEI DIRECT SHIFT,2023,2023.0,49900.0,CVT,Sedã,121900.0,95.0,São Paulo (SP)
64368435,TOYOTA,COROLLA,2.0 XEI 16V FLEX 4P AUTOMÁTICO,2017,2018.0,150000.0,CVT,Sedã,88990.0,89.0,São Paulo (SP)
58070791,TOYOTA,COROLLA,2.0 XEI 16V FLEX 4P AUTOMÁTICO,2014,2014.0,190243.0,Automática,Sedã,64000.0,91.0,São Paulo (SP)
66349218,TOYOTA,COROLLA,2.0 VVT-IE FLEX XEI DIRECT SHIFT,2021,2021.0,55000.0,Automática,Sedã,118000.0,98.0,São Paulo (SP)
61500685,TOYOTA,COROLLA,1.8 GLI 16V FLEX 4P AUTOMÁTICO,2017,2018.0,98000.0,CVT,Sedã,85195.0,100.0,São Paulo (SP)
57142826,TOYOTA,COROLLA,2.0 XEI 16V FLEX 4P AUTOMÁTICO,2014,2015.0,190000.0,Automática,Sedã,74000.0,90.0,São Paulo (SP)
55064066,TOYOTA,COROLLA,2.0 XEI 16V FLEX 4P AUTOMÁTICO,2013,2014.0,74000.0,Automática,Sedã,75000.0,107.0,São Paulo (SP)
59902242,TOYOTA,COROLLA,2.0 VVT-IE FLEX GLI DIRECT SHIFT,2020,2021.0,77800.0,CVT,Sedã,107000.0,97.0,São Paulo (SP)
65438974,TOYOTA,COROLLA,1.8 GLI 16V FLEX 4P AUTOMÁTICO,2017,2018.0,145000.0,CVT,Sedã,78000.0,92.0,São Paulo (SP)
66885102,TOYOTA,COROLLA,2.0 XEI 16V FLEX 4P AUTOMÁTICO,2016,2017.0,59400.0,Automática,Sedã,100000.0,113.0,São Paulo (SP)
65120672,TOYOTA,COROLLA,2.0 XEI 16V FLEX 4P AUTOMÁTICO,2019,2019.0,59400.0,CVT,Sedã,105000.0,102.0,São Paulo (SP)
62533237,TOYOTA,COROLLA,2.0 VVT-IE FLEX XEI DIRECT SHIFT,2023,2024.0,50000.0,CVT,Sedã,135000.0,95.0,São Paulo (SP)
65892904,TOYOTA,COROLLA,1.8 VVT-I HYBRID FLEX ALTIS PREMIUM CVT,2020,2021.0,44000.0,CVT,Sedã,140900.0,109.0,São Paulo (SP)
61285593,TOYOTA,COROLLA,1.8 GLI UPPER 16V FLEX 4P AUTOMÁTICO,2017,2018.0,104000.0,CVT,Sedã,85490.0,99.0,São Paulo (SP)
54822282,TOYOTA,COROLLA,2.0 VVT-IE FLEX XEI DIRECT SHIFT,2020,2021.0,26600.0,CVT,Sedã,124999.0,104.0,São Paulo (SP)
67306588,TOYOTA,COROLLA,2.0 XEI 16V FLEX 4P AUTOMÁTICO,2013,2014.0,134000.0,Automática,Sedã,68000.0,97.0,São Paulo (SP)
59448995,TOYOTA,COROLLA,2.0 VVT-IE FLEX GR-S DIRECT SHIFT,2024,2024.0,12993.0,CVT,Sedã,168990.0,106.0,São Paulo (SP)
66772191,TOYOTA,COROLLA,1.8 XEI 16V GASOLINA 4P AUTOMÁTICO,2001,2002.0,258000.0,Automática,Sedã,30000.0,107.0,São Paulo (SP)
61169608,TOYOTA,COROLLA,2.0 VVT-IE FLEX GR-S DIRECT SHIFT,2023,2024.0,28500.0,CVT,Sedã,158890.0,100.0,São Paulo (SP)
57434850,TOYOTA,COROLLA,1.8 VVT-I HYBRID FLEX ALTIS PREMIUM CVT,2021,2022.0,39700.0,CVT,Sedã,143000.0,106.0,São Paulo (SP)
67173966,TOYOTA,COROLLA,1.8 GLI 16V FLEX 4P AUTOMÁTICO,2012,2013.0,127890.0,Automática,Sedã,64300.0,103.0,São Paulo (SP)
67737818,TOYOTA,COROLLA,1.8 VVT-I HYBRID FLEX ALTIS PREMIUM CVT,2022,2023.0,38000.0,CVT,Sedã,174000.0,120.0,São Paulo (SP)
56964323,TOYOTA,COROLLA,2.0 ALTIS 16V FLEX 4P AUTOMÁTICO,2015,2016.0,94000.0,Automática,Sedã,89000.0,104.0,São Paulo (SP)
66971180,TOYOTA,COROLLA,1.8 VVT-I HYBRID FLEX ALTIS PREMIUM CVT,2020,2021.0,94850.0,CVT,Sedã,126980.0,98.0,São Paulo (SP)
66794845,TOYOTA,COROLLA,2.0 VVT-IE FLEX XEI DIRECT SHIFT,2019,2020.0,67000.0,CVT,Sedã,114999.0,99.0,São Paulo (SP)
66040173,TOYOTA,COROLLA,1.8 VVT-I HYBRID FLEX ALTIS PREMIUM CVT,2025,2025.0,18000.0,CVT,Sedã,180000.0,100.0,São Paulo (SP)
67328139,TOYOTA,COROLLA,2.0 VVT-IE FLEX GR-S DIRECT SHIFT,2023,2023.0,14000.0,CVT,Sedã,165000.0,119.0,São Paulo (SP)
67231676,TOYOTA,COROLLA,2.0 VVT-IE FLEX ALTIS DIRECT SHIFT,2024,2024.0,47000.0,CVT,Sedã,156990.0,96.0,São Paulo (SP)
64928170,TOYOTA,COROLLA,1.8 GLI 16V FLEX 4P AUTOMÁTICO,2016,2017.0,109000.0,Automática,Sedã,80000.0,99.0,São Paulo (SP)
58586439,TOYOTA,COROLLA,2.0 XEI 16V FLEX 4P AUTOMÁTICO,2018,2019.0,60000.0,CVT,Sedã,113000.0,110.0,São Paulo (SP)
58782623,TOYOTA,COROLLA,1.8 SE-G 16V FLEX 4P AUTOMÁTICO,2008,2009.0,65200.0,Automática,Sedã,98000.0,176.0,São Paulo (SP)
65893983,TOYOTA,COROLLA,2.0 VVT-IE FLEX XEI DIRECT SHIFT,2021,2022.0,70000.0,CVT,Sedã,122000.0,99.0,São Paulo (SP)
61002031,TOYOTA,COROLLA,2.0 XEI 16V FLEX 4P AUTOMÁTICO,2012,2012.0,114300.0,Automática,Sedã,68680.0,108.0,São Paulo (SP)
62654510,TOYOTA,COROLLA,1.8 GLI UPPER 16V FLEX 4P AUTOMÁTICO,2017,2018.0,150000.0,CVT,Sedã,83000.0,97.0,São Paulo (SP)
67306888,TOYOTA,COROLLA,2.0 XEI 16V FLEX 4P AUTOMÁTICO,2017,2018.0,23719.0,CVT,Sedã,109900.0,110.0,São Paulo (SP)
64989641,TOYOTA,COROLLA,2.0 VVT-IE FLEX XEI DIRECT SHIFT,2021,2022.0,37000.0,CVT,Sedã,124000.0,101.0,São Paulo (SP)
42658352,TOYOTA,COROLLA,2.0 VVT-IE FLEX XEI DIRECT SHIFT,2022,2023.0,27000.0,CVT,Sedã,135000.0,106.0,São Paulo (SP)
61377597,TOYOTA,COROLLA,1.8 GLI UPPER 16V FLEX 4P AUTOMÁTICO,2018,2019.0,90040.0,CVT,Sedã,88300.0,100.0,São Paulo (SP)
65671045,TOYOTA,COROLLA,2.0 VVT-IE FLEX ALTIS DIRECT SHIFT,2024,2024.0,6800.0,CVT,Sedã,166000.0,102.0,São Paulo (SP)
66278076,TOYOTA,COROLLA,2.0 VVT-IE FLEX ALTIS DIRECT SHIFT,2021,2022.0,84000.0,CVT,Sedã,127900.0,94.0,São Paulo (SP)
67201678,TOYOTA,COROLLA,2.0 XEI 16V FLEX 4P AUTOMÁTICO,2018,2019.0,64000.0,CVT,Sedã,106000.0,103.0,São Paulo (SP)
66239603,TOYOTA,COROLLA,1.8 VVT-I HYBRID FLEX ALTIS CVT,2020,2020.0,47000.0,CVT,Sedã,175000.0,143.0,São Paulo (SP)
67428884,TOYOTA,COROLLA,1.8 VVT-I HYBRID FLEX ALTIS PREMIUM CVT,2024,2024.0,24500.0,CVT,Sedã,170000.0,103.0,São Paulo (SP)
61585070,TOYOTA,COROLLA,2.0 XEI 16V FLEX 4P AUTOMÁTICO,2019,2019.0,97000.0,CVT,Sedã,99900.0,97.0,São Paulo (SP)
67640426,TOYOTA,COROLLA,1.8 VVT-I HYBRID FLEX ALTIS PREMIUM CVT,2022,2023.0,63500.0,CVT,Sedã,139800.0,97.0,São Paulo (SP)
59699265,TOYOTA,COROLLA,1.8 GLI 16V FLEX 4P AUTOMÁTICO,2016,2017.0,149000.0,Automática,Sedã,76500.0,94.0,São Paulo (SP)
55713403,TOYOTA,COROLLA,2.0 VVT-IE FLEX XEI DIRECT SHIFT,2023,2023.0,45000.0,CVT,Sedã,130000.0,102.0,São Paulo (SP)
49878987,TOYOTA,COROLLA,2.0 VVT-IE FLEX ALTIS DIRECT SHIFT,2023,2024.0,5220.0,Automática,Sedã,170000.0,104.0,São Paulo (SP)
60521236,TOYOTA,COROLLA,2.0 XEI 16V FLEX 4P AUTOMÁTICO,2017,2017.0,81981.0,Automática,Sedã,99990.0,113.0,São Paulo (SP)
66764296,TOYOTA,COROLLA,2.0 VVT-IE FLEX XEI DIRECT SHIFT,2023,2023.0,38180.0,CVT,Sedã,133000.0,104.0,São Paulo (SP)
64989535,TOYOTA,COROLLA,2.0 VVT-IE FLEX XEI DIRECT SHIFT,2023,2023.0,60000.0,CVT,Sedã,122500.0,96.0,São Paulo (SP)
62594161,TOYOTA,COROLLA,2.0 ALTIS 16V FLEX 4P AUTOMÁTICO,2016,2017.0,100000.0,Automática,Sedã,92000.0,102.0,São Paulo (SP)
63799469,TOYOTA,COROLLA,2.0 VVT-IE FLEX XEI DIRECT SHIFT,2024,2024.0,23300.0,CVT,Sedã,143000.0,100.0,São Paulo (SP)
65564725,TOYOTA,COROLLA,2.0 VVT-IE FLEX XEI DIRECT SHIFT,2019,2020.0,42500.0,CVT,Sedã,120500.0,103.0,São Paulo (SP)
65168420,TOYOTA,COROLLA,1.8 VVT-I HYBRID FLEX ALTIS PREMIUM CVT,2025,2025.0,18000.0,CVT,Sedã,185000.0,103.0,São Paulo (SP)
63870156,TOYOTA,COROLLA,2.0 VVT-IE FLEX XEI DIRECT SHIFT,2021,2022.0,76800.0,Automática,Sedã,120000.0,98.0,São Paulo (SP)
66241193,TOYOTA,COROLLA,2.0 XEI 16V FLEX 4P AUTOMÁTICO,2015,2016.0,99152.0,Automática,Sedã,87490.0,104.0,São Paulo (SP)
65007795,TOYOTA,COROLLA,2.0 VVT-IE FLEX XEI DIRECT SHIFT,2022,2023.0,30000.0,CVT,Sedã,129990.0,102.0,São Paulo (SP)
65737672,TOYOTA,COROLLA,1.8 VVT-I HYBRID FLEX ALTIS CVT,2021,2022.0,60000.0,CVT,Sedã,135999.0,102.0,São Paulo (SP)
61943324,TOYOTA,COROLLA,2.0 XEI 16V FLEX 4P AUTOMÁTICO,2019,2019.0,97600.0,CVT,Sedã,99900.0,97.0,São Paulo (SP)
67101313,TOYOTA,COROLLA,1.8 VVT-I HYBRID FLEX ALTIS PREMIUM CVT,2019,2020.0,110000.0,CVT,Sedã,127500.0,102.0,São Paulo (SP)
67025421,TOYOTA,COROLLA,1.8 VVT-I HYBRID FLEX ALTIS CVT,2021,2021.0,65000.0,CVT,Sedã,134800.0,107.0,São Paulo (SP)
65742201,TOYOTA,COROLLA,2.0 VVT-IE FLEX XEI DIRECT SHIFT,2020,2021.0,41510.0,CVT,Sedã,127900.0,107.0,São Paulo (SP)
57019563,TOYOTA,COROLLA,1.8 VVT-I HYBRID FLEX ALTIS PREMIUM CVT,2020,2020.0,130000.0,CVT,Sedã,123000.0,98.0,São Paulo (SP)
65381577,TOYOTA,COROLLA,2.0 VVT-IE FLEX XEI DIRECT SHIFT,2023,2024.0,33000.0,CVT,Sedã,140000.0,98.0,São Paulo (SP)
64228301,TOYOTA,COROLLA,2.0 VVT-IE FLEX XEI DIRECT SHIFT,2019,2020.0,75000.0,CVT,Sedã,118800.0,102.0,São Paulo (SP)
65409553,TOYOTA,COROLLA,2.0 VVT-IE FLEX XEI DIRECT SHIFT,2023,2023.0,52300.0,CVT,Sedã,128451.0,101.0,São Paulo (SP)
65977422,TOYOTA,COROLLA,2.0 XEI 16V FLEX 4P AUTOMÁTICO,2019,2019.0,57900.0,CVT,Sedã,105000.0,102.0,São Paulo (SP)
55416041,TOYOTA,COROLLA,2.0 ALTIS 16V FLEX 4P AUTOMÁTICO,2015,2016.0,77000.0,Automática,Sedã,95000.0,111.0,São Paulo (SP)
61919697,TOYOTA,COROLLA,2.0 XEI 16V FLEX 4P AUTOMÁTICO,2014,2015.0,163000.0,Automática,Sedã,79900.0,97.0,São Paulo (SP)
64558763,TOYOTA,COROLLA,2.0 VVT-IE FLEX XEI DIRECT SHIFT,2024,2024.0,13000.0,CVT,Sedã,198000.0,139.0,São Paulo (SP)
40174155,TOYOTA,COROLLA,2.0 XEI 16V FLEX 4P AUTOMÁTICO,2016,2017.0,132000.0,CVT,Sedã,86900.0,99.0,São Paulo (SP)
64277855,TOYOTA,COROLLA,2.0 VVT-IE FLEX GLI DIRECT SHIFT,2020,2021.0,94500.0,CVT,Sedã,108000.0,98.0,São Paulo (SP)
62746992,TOYOTA,COROLLA,2.0 VVT-IE FLEX GLI DIRECT SHIFT,2022,2023.0,95000.0,CVT,Sedã,114000.0,96.0,São Paulo (SP)
65073862,TOYOTA,COROLLA,2.0 VVT-IE FLEX XEI DIRECT SHIFT,2024,2024.0,42000.0,CVT,Sedã,142000.0,100.0,São Paulo (SP)
58529643,TOYOTA,COROLLA,2.0 VVT-IE FLEX ALTIS DIRECT SHIFT,2020,2021.0,92000.0,CVT,Sedã,130000.0,100.0,São Paulo (SP)
65934531,TOYOTA,COROLLA,1.8 GLI 16V FLEX 4P AUTOMÁTICO,2017,2018.0,114000.0,CVT,Sedã,85500.0,100.0,São Paulo (SP)
64057504,TOYOTA,COROLLA,2.0 VVT-IE FLEX XEI DIRECT SHIFT,2023,2024.0,57900.0,CVT,Sedã,136900.0,96.0,São Paulo (SP)
62969480,TOYOTA,COROLLA,2.0 VVT-IE FLEX GR-S DIRECT SHIFT,2022,2022.0,57000.0,CVT,Sedã,130000.0,102.0,São Paulo (SP)
60902119,TOYOTA,COROLLA,2.0 VVT-IE FLEX XEI DIRECT SHIFT,2023,2023.0,68400.0,CVT,Sedã,124980.0,98.0,São Paulo (SP)
52004152,TOYOTA,COROLLA,2.0 XEI 16V FLEX 4P AUTOMÁTICO,2013,2014.0,128900.0,Automática,Sedã,67900.0,97.0,São Paulo (SP)
63712815,TOYOTA,COROLLA,2.0 VVT-IE FLEX GLI DIRECT SHIFT,2023,2024.0,37000.0,CVT,Sedã,126900.0,101.0,São Paulo (SP)
62576854,TOYOTA,COROLLA,2.0 XEI 16V FLEX 4P AUTOMÁTICO,2016,2017.0,111000.0,Automática,Sedã,88000.0,100.0,São Paulo (SP)
64614897,TOYOTA,COROLLA,2.0 VVT-IE FLEX XEI DIRECT SHIFT,2023,2023.0,7200.0,CVT,Sedã,142000.0,111.0,São Paulo (SP)
46013561,TOYOTA,COROLLA,2.0 VVT-IE FLEX XEI DIRECT SHIFT,2023,2024.0,38500.0,Automática,Sedã,142999.0,100.0,São Paulo (SP)
62906008,TOYOTA,COROLLA,1.8 VVT-I HYBRID FLEX ALTIS PREMIUM CVT,2019,2020.0,108000.0,CVT,Sedã,129000.0,103.0,São Paulo (SP)
57110634,TOYOTA,COROLLA,2.0 XEI 16V FLEX 4P AUTOMÁTICO,2015,2016.0,170000.0,Automática,Sedã,82000.0,97.0,São Paulo (SP)
62904999,TOYOTA,COROLLA,2.0 XEI 16V FLEX 4P AUTOMÁTICO,2016,2017.0,260000.0,Automática,Sedã,82000.0,93.0,São Paulo (SP)
65744021,TOYOTA,COROLLA,2.0 VVT-IE FLEX XEI DIRECT SHIFT,2022,2023.0,71000.0,CVT,Sedã,121900.0,95.0,São Paulo (SP)
48728539,TOYOTA,COROLLA,2.0 VVT-IE FLEX ALTIS DIRECT SHIFT,2022,2023.0,5149.0,CVT,Sedã,247000.0,172.0,São Paulo (SP)
59113773,TOYOTA,COROLLA,1.8 VVT-I HYBRID FLEX ALTIS PREMIUM CVT,2023,2023.0,128000.0,CVT,Sedã,139900.0,97.0,São Paulo (SP)
65426278,TOYOTA,COROLLA,2.0 XEI 16V FLEX 4P AUTOMÁTICO,2011,2011.0,312000.0,Automática,Sedã,55000.0,94.0,São Paulo (SP)
54905880,TOYOTA,COROLLA,2.0 VVT-IE FLEX XEI DIRECT SHIFT,2023,2023.0,1100.0,CVT,Sedã,149500.0,117.0,São Paulo (SP)
67294087,TOYOTA,COROLLA,2.0 VVT-IE FLEX XEI DIRECT SHIFT,2023,2023.0,47000.0,CVT,Sedã,127990.0,100.0,São Paulo (SP)
48378228,TOYOTA,COROLLA,2.0 XRS 16V FLEX 4P AUTOMÁTICO,2013,2014.0,170000.0,Automática,Sedã,73000.0,106.0,São Paulo (SP)
65875617,TOYOTA,COROLLA,1.8 VVT-I HYBRID FLEX ALTIS CVT,2019,2020.0,89120.0,CVT,Sedã,149000.0,122.0,São Paulo (SP)
64260225,TOYOTA,COROLLA,2.0 XEI 16V FLEX 4P AUTOMÁTICO,2017,2018.0,116.0,CVT,Sedã,105850.0,106.0,São Paulo (SP)
66969772,TOYOTA,COROLLA,2.0 VVT-IE FLEX XEI DIRECT SHIFT,2020,2021.0,55000.0,CVT,Sedã,179000.0,149.0,São Paulo (SP)
63265247,TOYOTA,COROLLA,2.0 VVT-IE FLEX XEI DIRECT SHIFT,2022,2023.0,56000.0,CVT,Sedã,130900.0,103.0,São Paulo (SP)
67319931,TOYOTA,COROLLA,1.8 VVT-I HYBRID FLEX ALTIS PREMIUM CVT,2023,2023.0,74500.0,CVT,Sedã,144900.0,100.0,São Paulo (SP)
59760684,TOYOTA,COROLLA,2.0 ALTIS 16V FLEX 4P AUTOMÁTICO,2012,2013.0,190000.0,CVT,Sedã,74000.0,109.0,São Paulo (SP)
64820124,TOYOTA,COROLLA,2.0 VVT-IE FLEX GR-S DIRECT SHIFT,2024,2024.0,7100.0,CVT,Sedã,166000.0,104.0,São Paulo (SP)
66781176,TOYOTA,COROLLA,2.0 VVT-IE FLEX XEI DIRECT SHIFT,2020,2021.0,59000.0,CVT,Sedã,120490.0,101.0,São Paulo (SP)
66381910,TOYOTA,COROLLA,2.0 XEI 16V FLEX 4P AUTOMÁTICO,2016,2017.0,109000.0,Automática,Sedã,96000.0,109.0,São Paulo (SP)
55667509,TOYOTA,COROLLA,1.8 VVT-I HYBRID FLEX ALTIS PREMIUM CVT,2019,2020.0,63000.0,CVT,Sedã,180000.0,143.0,São Paulo (SP)
52546829,TOYOTA,COROLLA,1.8 GLI 16V FLEX 4P AUTOMÁTICO,2017,2018.0,110000.0,CVT,Sedã,87000.0,102.0,São Paulo (SP)
61681909,TOYOTA,COROLLA,2.0 VVT-IE FLEX ALTIS DIRECT SHIFT,2021,2022.0,63000.0,CVT,Sedã,137000.0,101.0,São Paulo (SP)
62126863,TOYOTA,COROLLA,2.0 XEI 16V FLEX 4P AUTOMÁTICO,2015,2015.0,110000.0,Automática,Sedã,82500.0,101.0,São Paulo (SP)
48769571,TOYOTA,COROLLA,1.8 GLI 16V FLEX 4P AUTOMÁTICO,2017,2018.0,114000.0,Automática,Sedã,86500.0,102.0,São Paulo (SP)
54823299,TOYOTA,COROLLA,2.0 VVT-IE FLEX GR-S DIRECT SHIFT,2022,2023.0,62000.0,CVT,Sedã,136000.0,98.0,São Paulo (SP)
61181172,TOYOTA,COROLLA,2.0 VVT-IE FLEX XEI DIRECT SHIFT,2021,2022.0,55600.0,CVT,Sedã,126000.0,103.0,São Paulo (SP)
60259063,TOYOTA,COROLLA,1.8 VVT-I HYBRID FLEX ALTIS CVT,2021,2022.0,74000.0,CVT,Sedã,140900.0,106.0,São Paulo (SP)
43536710,TOYOTA,COROLLA,1.8 GLI UPPER 16V FLEX 4P AUTOMÁTICO,2015,2016.0,123000.0,Automática,Sedã,83250.0,106.0,São Paulo (SP)
64075994,TOYOTA,COROLLA,2.0 VVT-IE FLEX GLI DIRECT SHIFT,2021,2022.0,67914.0,CVT,Sedã,116000.0,101.0,São Paulo (SP)
66471905,TOYOTA,COROLLA,1.8 VVT-I HYBRID FLEX ALTIS PREMIUM CVT,2023,2024.0,48035.0,CVT,Sedã,170000.0,103.0,São Paulo (SP)
65489785,TOYOTA,COROLLA,2.0 VVT-IE FLEX XEI DIRECT SHIFT,2024,2024.0,28000.0,CVT,Sedã,149900.0,105.0,São Paulo (SP)
61396110,TOYOTA,COROLLA,1.8 VVT-I HYBRID FLEX ALTIS CVT,2020,2021.0,102000.0,CVT,Sedã,126990.0,100.0,São Paulo (SP)
50292175,TOYOTA,COROLLA,2.0 VVT-IE FLEX XEI DIRECT SHIFT,2022,2023.0,60000.0,Automática,Sedã,128500.0,101.0,São Paulo (SP)
62973188,TOYOTA,COROLLA,2.0 XEI 16V FLEX 4P AUTOMÁTICO,2010,2011.0,205000.0,Automática,Sedã,61800.0,106.0,São Paulo (SP)
60325541,TOYOTA,COROLLA,1.8 VVT-I HYBRID FLEX ALTIS CVT,2020,2021.0,117900.0,CVT,Sedã,123900.0,98.0,São Paulo (SP)
64671404,TOYOTA,COROLLA,1.8 VVT-I HYBRID FLEX ALTIS PREMIUM CVT,2021,2022.0,74000.0,CVT,Sedã,189000.0,140.0,São Paulo (SP)
61591543,TOYOTA,COROLLA,2.0 VVT-IE FLEX GR-S DIRECT SHIFT,2024,2024.0,58000.0,CVT,Sedã,159900.0,100.0,São Paulo (SP)
65945255,TOYOTA,COROLLA,1.8 VVT-I HYBRID FLEX ALTIS CVT,2020,2021.0,100000.0,CVT,Sedã,129990.0,103.0,São Paulo (SP)
62024932,TOYOTA,COROLLA,1.8 VVT-I HYBRID FLEX ALTIS PREMIUM CVT,2023,2023.0,72000.0,CVT,Sedã,145800.0,101.0,São Paulo (SP)
58664808,TOYOTA,COROLLA,1.8 VVT-I HYBRID FLEX ALTIS PREMIUM CVT,2021,2022.0,87065.0,CVT,Sedã,175000.0,130.0,São Paulo (SP)
62794692,TOYOTA,COROLLA,1.8 VVT-I HYBRID FLEX ALTIS PREMIUM CVT,2021,2022.0,129000.0,CVT,Sedã,168000.0,125.0,São Paulo (SP)
62102794,TOYOTA,COROLLA,2.0 VVT-IE FLEX XEI DIRECT SHIFT,2021,2022.0,95000.0,CVT,Sedã,148900.0,121.0,São Paulo (SP)
50812234,TOYOTA,COROLLA,2.0 VVT-IE FLEX XEI DIRECT SHIFT,2023,2023.0,57580.0,CVT,Sedã,138000.0,108.0,São Paulo (SP)
58676716,TOYOTA,COROLLA,2.0 XEI 16V FLEX 4P AUTOMÁTICO,2017,2018.0,110000.0,CVT,Sedã,108000.0,108.0,São Paulo (SP)
66829983,TOYOTA,COROLLA,2.0 XEI 16V FLEX 4P AUTOMÁTICO,2010,2011.0,193000.0,Automática,Sedã,61000.0,104.0,São Paulo (SP)
67960590,TOYOTA,COROLLA,1.8 XEI 16V GASOLINA 4P MANUAL,2001,2001.0,175190.0,Manual,Sedã,24199.0,94.0,São Paulo (SP)
60554765,TOYOTA,COROLLA,1.8 VVT-I HYBRID FLEX ALTIS PREMIUM CVT,2023,2024.0,35000.0,CVT,Sedã,163800.0,99.0,São Paulo (SP)
66630347,TOYOTA,COROLLA,2.0 VVT-IE FLEX XEI DIRECT SHIFT,2022,2023.0,19000.0,CVT,Sedã,128000.0,100.0,São Paulo (SP)
67445397,TOYOTA,COROLLA,1.8 XEI 16V GASOLINA 4P AUTOMÁTICO,2005,2006.0,188000.0,Automática,Sedã,31900.0,83.0,São Paulo (SP)
64151942,TOYOTA,COROLLA,1.8 GLI 16V FLEX 4P AUTOMÁTICO,2017,2018.0,69000.0,CVT,Sedã,79000.0,93.0,São Paulo (SP)
63714958,TOYOTA,COROLLA,2.0 VVT-IE FLEX ALTIS DIRECT SHIFT,2019,2020.0,75500.0,CVT,Sedã,110000.0,88.0,São Paulo (SP)
49399991,TOYOTA,COROLLA,2.0 XEI 16V FLEX 4P AUTOMÁTICO,2015,2016.0,105000.0,Automática,Sedã,78000.0,92.0,São Paulo (SP)
56561752,TOYOTA,COROLLA,2.0 XEI 16V FLEX 4P AUTOMÁTICO,2012,2013.0,116000.0,Automática,Sedã,59990.0,90.0,São Paulo (SP)
51995396,TOYOTA,COROLLA,1.8 GLI 16V FLEX 4P AUTOMÁTICO,2015,2016.0,125000.0,Automática,Sedã,71500.0,91.0,São Paulo (SP)
60349773,TOYOTA,COROLLA,1.8 GLI 16V FLEX 4P AUTOMÁTICO,2016,2017.0,93158.0,Automática,Sedã,76000.0,94.0,São Paulo (SP)
58576203,TOYOTA,COROLLA,2.0 XEI 16V FLEX 4P AUTOMÁTICO,2016,2017.0,106000.0,Automática,Sedã,82000.0,93.0,São Paulo (SP)
67700893,TOYOTA,COROLLA,1.8 XEI 16V FLEX 4P AUTOMÁTICO,2009,2010.0,125000.0,Automática,Sedã,53000.0,95.0,São Paulo (SP)
68301146,TOYOTA,COROLLA,1.8 VVT-I HYBRID FLEX ALTIS PREMIUM CVT,2020,2021.0,62900.0,CVT,Sedã,126000.0,97.0,São Paulo (SP)
47416201,TOYOTA,COROLLA,2.0 VVT-IE FLEX XEI DIRECT SHIFT,2019,2020.0,43000.0,CVT,Sedã,115000.0,99.0,São Paulo (SP)
65770927,TOYOTA,COROLLA,2.0 XEI 16V FLEX 4P AUTOMÁTICO,2016,2017.0,110100.0,Automática,Sedã,87999.0,100.0,São Paulo (SP)
66873861,TOYOTA,COROLLA,2.0 VVT-IE FLEX XEI DIRECT SHIFT,2021,2022.0,39000.0,CVT,Sedã,120000.0,98.0,São Paulo (SP)
31919016,TOYOTA,COROLLA,1.8 GLI 16V FLEX 4P AUTOMÁTICO,2009,2010.0,166000.0,Automática,Sedã,50000.0,93.0,São Paulo (SP)
38525007,TOYOTA,COROLLA,1.8 XEI 16V FLEX 4P AUTOMÁTICO,2009,2010.0,290000.0,Automática,Sedã,45990.0,83.0,São Paulo (SP)
36299504,TOYOTA,COROLLA,2.0 XEI 16V FLEX 4P AUTOMÁTICO,2017,2018.0,60000.0,CVT,Sedã,99000.0,99.0,São Paulo (SP)
67940004,TOYOTA,COROLLA,2.0 XEI 16V FLEX 4P AUTOMÁTICO,2015,2016.0,68000.0,Automática,Sedã,85900.0,102.0,São Paulo (SP)
62757954,TOYOTA,COROLLA,2.0 VVT-IE FLEX GLI DIRECT SHIFT,2021,2022.0,79200.0,CVT,Sedã,106900.0,93.0,São Paulo (SP)
59237195,TOYOTA,COROLLA,2.0 DYNAMIC 16V FLEX 4P AUTOMÁTICO,2017,2017.0,191000.0,Automática,Sedã,78500.0,88.0,São Paulo (SP)
62895002,TOYOTA,COROLLA,1.8 XEI 16V FLEX 4P AUTOMÁTICO,2007,2008.0,233000.0,Automática,Sedã,40000.0,93.0,São Paulo (SP)
52928346,TOYOTA,COROLLA,2.0 XEI 16V FLEX 4P AUTOMÁTICO,2014,2014.0,171600.0,Automática,Sedã,59500.0,85.0,São Paulo (SP)
56479782,TOYOTA,COROLLA,2.0 VVT-IE FLEX GLI DIRECT SHIFT,2020,2020.0,67000.0,CVT,Sedã,103900.0,96.0,São Paulo (SP)
67084064,TOYOTA,COROLLA,2.0 ALTIS 16V FLEX 4P AUTOMÁTICO,2014,2015.0,100710.0,Automática,Sedã,79900.0,96.0,São Paulo (SP)
66727982,TOYOTA,COROLLA,2.0 VVT-IE FLEX XEI DIRECT SHIFT,2021,2022.0,264880.0,CVT,Sedã,110000.0,90.0,São Paulo (SP)
59268157,TOYOTA,COROLLA,2.0 VVT-IE FLEX GR-S DIRECT SHIFT,2022,2023.0,30000.0,CVT,Sedã,138000.0,100.0,São Paulo (SP)
64843845,TOYOTA,COROLLA,1.8 XEI 16V GASOLINA 4P AUTOMÁTICO,2002,2002.0,202000.0,Automática,Sedã,30000.0,107.0,São Paulo (SP)
56129994,TOYOTA,COROLLA,2.0 XEI 16V FLEX 4P AUTOMÁTICO,2015,2016.0,194000.0,Automática,Sedã,73500.0,87.0,São Paulo (SP)
67146089,TOYOTA,COROLLA,2.0 VVT-IE FLEX XEI DIRECT SHIFT,2025,2025.0,7000.0,CVT,Sedã,162990.0,102.0,São Paulo (SP)
60152456,TOYOTA,COROLLA,2.0 VVT-IE FLEX GLI DIRECT SHIFT,2020,2021.0,64000.0,CVT,Sedã,109900.0,100.0,São Paulo (SP)
66790050,TOYOTA,COROLLA,2.0 VVT-IE FLEX ALTIS DIRECT SHIFT,2021,2022.0,26000.0,CVT,Sedã,142000.0,104.0,São Paulo (SP)
44509452,TOYOTA,COROLLA,1.8 GLI 16V FLEX 4P AUTOMÁTICO,2017,2018.0,39000.0,CVT,Sedã,88400.0,104.0,São Paulo (SP)
67097311,TOYOTA,COROLLA,2.0 VVT-IE FLEX XEI DIRECT SHIFT,2021,2022.0,50200.0,CVT,Sedã,120000.0,98.0,São Paulo (SP)
68300892,TOYOTA,COROLLA,2.0 XEI 16V FLEX 4P AUTOMÁTICO,2017,2018.0,63000.0,Automática,Sedã,98500.0,99.0,São Paulo (SP)
63727794,TOYOTA,COROLLA,1.8 VVT-I HYBRID FLEX ALTIS PREMIUM CVT,2019,2020.0,200000.0,CVT,Sedã,90999.0,72.0,São Paulo (SP)
51148965,TOYOTA,COROLLA,2.0 XEI 16V FLEX 4P AUTOMÁTICO,2013,2014.0,119000.0,Automática,Sedã,64900.0,93.0,São Paulo (SP)
63843660,TOYOTA,COROLLA,2.0 VVT-IE FLEX XEI DIRECT SHIFT,2020,2021.0,29850.0,CVT,Sedã,124600.0,104.0,São Paulo (SP)
64992873,TOYOTA,COROLLA,2.0 XEI 16V FLEX 4P AUTOMÁTICO,2010,2011.0,176000.0,Automática,Sedã,56490.0,96.0,São Paulo (SP)
67685972,TOYOTA,COROLLA,1.8 VVT-I HYBRID FLEX ALTIS PREMIUM CVT,2019,2020.0,82834.0,CVT,Sedã,124000.0,99.0,São Paulo (SP)
57991096,TOYOTA,COROLLA,2.0 VVT-IE FLEX XEI DIRECT SHIFT,2021,2022.0,54156.0,CVT,Sedã,119900.0,98.0,São Paulo (SP)
66794446,TOYOTA,COROLLA,2.0 VVT-IE FLEX XEI DIRECT SHIFT,2023,2024.0,32000.0,CVT,Sedã,139900.0,98.0,São Paulo (SP)
65970358,TOYOTA,COROLLA,2.0 VVT-IE FLEX XEI DIRECT SHIFT,2020,2021.0,33200.0,CVT,Sedã,124000.0,103.0,São Paulo (SP)
66680260,TOYOTA,COROLLA,2.0 XRS 16V FLEX 4P AUTOMÁTICO,2012,2013.0,190.0,Automática,Sedã,61900.0,92.0,São Paulo (SP)
65588688,TOYOTA,COROLLA,1.8 VVT-I HYBRID FLEX ALTIS PREMIUM CVT,2025,2026.0,4000.0,CVT,Sedã,189990.0,101.0,São Paulo (SP)
65037175,TOYOTA,COROLLA,2.0 ALTIS 16V FLEX 4P AUTOMÁTICO,2014,2015.0,84000.0,Automática,Sedã,84000.0,101.0,São Paulo (SP)
66449657,TOYOTA,COROLLA,1.8 VVT-I HYBRID FLEX ALTIS CVT,2021,2022.0,60000.0,CVT,Sedã,132990.0,100.0,São Paulo (SP)
66779774,TOYOTA,COROLLA,2.0 VVT-IE FLEX GR-S DIRECT SHIFT,2024,2024.0,17200.0,CVT,Sedã,163000.0,102.0,São Paulo (SP)
66796590,TOYOTA,COROLLA,1.8 VVT-I HYBRID FLEX ALTIS PREMIUM CVT,2020,2020.0,30000.0,CVT,Sedã,170000.0,135.0,São Paulo (SP)
64948782,TOYOTA,COROLLA,2.0 XEI 16V FLEX 4P AUTOMÁTICO,2015,2015.0,110000.0,Automática,Sedã,79990.0,98.0,São Paulo (SP)
61445528,TOYOTA,COROLLA,1.8 GLI 16V FLEX 4P AUTOMÁTICO,2017,2017.0,47500.0,Automática,Sedã,81900.0,101.0,São Paulo (SP)
63818496,TOYOTA,COROLLA,1.8 GLI UPPER 16V FLEX 4P AUTOMÁTICO,2017,2018.0,96900.0,CVT,Sedã,85500.0,99.0,São Paulo (SP)
66335390,TOYOTA,COROLLA,2.0 XEI 16V FLEX 4P AUTOMÁTICO,2017,2018.0,61604.0,CVT,Sedã,102000.0,102.0,São Paulo (SP)
58386835,TOYOTA,COROLLA,2.0 XEI 16V FLEX 4P AUTOMÁTICO,2018,2019.0,46457.0,CVT,Sedã,116999.0,114.0,São Paulo (SP)
66156041,TOYOTA,COROLLA,2.0 VVT-IE FLEX ALTIS PREMIUM DIRECT SHIFT,2025,2025.0,13000.0,CVT,Sedã,182900.0,103.0,São Paulo (SP)
60698648,TOYOTA,COROLLA,2.0 XRS 16V FLEX 4P AUTOMÁTICO,2017,2018.0,89000.0,CVT,Sedã,99000.0,100.0,São Paulo (SP)
63705724,TOYOTA,COROLLA,2.0 XEI 16V FLEX 4P AUTOMÁTICO,2013,2014.0,99000.0,Automática,Sedã,68200.0,97.0,São Paulo (SP)
63803992,TOYOTA,COROLLA,2.0 XEI 16V FLEX 4P AUTOMÁTICO,2018,2018.0,35500.0,CVT,Sedã,115000.0,116.0,São Paulo (SP)
64162138,TOYOTA,COROLLA,2.0 XEI 16V FLEX 4P AUTOMÁTICO,2015,2016.0,114700.0,Automática,Sedã,83500.0,99.0,São Paulo (SP)
66809940,TOYOTA,COROLLA,1.8 GLI 16V FLEX 4P AUTOMÁTICO,2015,2016.0,77000.0,Automática,Sedã,80000.0,102.0,São Paulo (SP)
53470415,TOYOTA,COROLLA,2.0 XRS 16V FLEX 4P AUTOMÁTICO,2013,2013.0,149000.0,Automática,Sedã,69900.0,104.0,São Paulo (SP)
56391699,TOYOTA,COROLLA,1.8 GLI 16V FLEX 4P AUTOMÁTICO,2015,2016.0,152000.0,Automática,Sedã,72000.0,92.0,São Paulo (SP)
64030688,TOYOTA,COROLLA,1.8 VVT-I HYBRID FLEX ALTIS PREMIUM CVT,2020,2021.0,56000.0,CVT,Sedã,130500.0,101.0,São Paulo (SP)
65845723,TOYOTA,COROLLA,2.0 VVT-IE FLEX XEI DIRECT SHIFT,2024,2024.0,19500.0,CVT,Sedã,142990.0,100.0,São Paulo (SP)
63012069,TOYOTA,COROLLA,2.0 VVT-IE FLEX XEI DIRECT SHIFT,2021,2022.0,46000.0,CVT,Sedã,121900.0,99.0,São Paulo (SP)
63796358,TOYOTA,COROLLA,2.0 DYNAMIC 16V FLEX 4P AUTOMÁTICO,2017,2017.0,70600.0,Automática,Sedã,89500.0,101.0,São Paulo (SP)
66971615,TOYOTA,COROLLA,1.8 GLI 16V FLEX 4P AUTOMÁTICO,2017,2018.0,68000.0,CVT,Sedã,87990.0,103.0,São Paulo (SP)
49212528,TOYOTA,COROLLA,2.0 XEI 16V FLEX 4P AUTOMÁTICO,2010,2011.0,70000.0,Automática,Sedã,69900.0,119.0,São Paulo (SP)
52996342,TOYOTA,COROLLA,1.8 GLI UPPER 16V FLEX 4P AUTOMÁTICO,2018,2018.0,101000.0,CVT,Sedã,84500.0,98.0,São Paulo (SP)
58634208,TOYOTA,COROLLA,1.8 XEI 16V FLEX 4P AUTOMÁTICO,2009,2009.0,93000.0,Automática,Sedã,59800.0,111.0,São Paulo (SP)
67682928,TOYOTA,COROLLA,1.8 VVT-I HYBRID FLEX GLI CVT,2025,2026.0,1700.0,CVT,Sedã,178000.0,,São Paulo (SP)
67181123,TOYOTA,COROLLA,2.0 VVT-IE FLEX XEI DIRECT SHIFT,2022,2023.0,36600.0,CVT,Sedã,130000.0,102.0,São Paulo (SP)
65377072,TOYOTA,COROLLA,1.8 VVT-I HYBRID FLEX ALTIS PREMIUM CVT,2022,2023.0,33000.0,CVT,Sedã,152000.0,105.0,São Paulo (SP)
62249682,TOYOTA,COROLLA,2.0 VVT-IE FLEX GLI DIRECT SHIFT,2019,2020.0,92454.0,CVT,Sedã,104900.0,97.0,São Paulo (SP)
63461132,TOYOTA,COROLLA,2.0 VVT-IE FLEX XEI DIRECT SHIFT,2022,2023.0,25000.0,CVT,Sedã,134500.0,105.0,São Paulo (SP)
46821840,TOYOTA,COROLLA,2.0 ALTIS 16V FLEX 4P AUTOMÁTICO,2014,2015.0,140000.0,Automática,Sedã,82000.0,99.0,São Paulo (SP)
66885417,TOYOTA,COROLLA,2.0 XEI 16V FLEX 4P AUTOMÁTICO,2014,2015.0,137000.0,Automática,Sedã,79000.0,96.0,São Paulo (SP)
64059440,TOYOTA,COROLLA,1.8 GLI 16V FLEX 4P AUTOMÁTICO,2018,2019.0,194000.0,CVT,Sedã,80000.0,91.0,São Paulo (SP)
57990580,TOYOTA,COROLLA,2.0 XEI 16V FLEX 4P AUTOMÁTICO,2019,2019.0,74000.0,CVT,Sedã,106900.0,104.0,São Paulo (SP)
61968737,TOYOTA,COROLLA,1.8 VVT-I HYBRID FLEX ALTIS PREMIUM CVT,2019,2020.0,41000.0,CVT,Sedã,135000.0,108.0,São Paulo (SP)
60233392,TOYOTA,COROLLA,1.8 GLI 16V FLEX 4P AUTOMÁTICO,2015,2016.0,62500.0,Automática,Sedã,83900.0,107.0,São Paulo (SP)
67300797,TOYOTA,COROLLA,2.0 VVT-IE FLEX XEI DIRECT SHIFT,2019,2020.0,57800.0,CVT,Sedã,118200.0,101.0,São Paulo (SP)
63633460,TOYOTA,COROLLA,2.0 VVT-IE FLEX XEI DIRECT SHIFT,2021,2022.0,29000.0,CVT,Sedã,133000.0,108.0,São Paulo (SP)
51775252,TOYOTA,COROLLA,2.0 XEI 16V FLEX 4P AUTOMÁTICO,2019,2019.0,127500.0,CVT,Sedã,93000.0,90.0,São Paulo (SP)
67418265,TOYOTA,COROLLA,2.0 VVT-IE FLEX XEI DIRECT SHIFT,2024,2024.0,44800.0,CVT,Sedã,139000.0,97.0,São Paulo (SP)
55978180,TOYOTA,COROLLA,2.0 VVT-IE FLEX GR-S DIRECT SHIFT,2021,2022.0,109000.0,CVT,Sedã,119900.0,94.0,São Paulo (SP)
62050104,TOYOTA,COROLLA,1.8 GLI 16V FLEX 4P AUTOMÁTICO,2017,2018.0,77000.0,CVT,Sedã,86000.0,101.0,São Paulo (SP)
61682747,TOYOTA,COROLLA,1.8 GLI 16V FLEX 4P AUTOMÁTICO,2019,2019.0,85242.0,CVT,Sedã,89900.0,102.0,São Paulo (SP)
66745378,TOYOTA,COROLLA,2.0 VVT-IE FLEX XEI DIRECT SHIFT,2019,2020.0,71000.0,CVT,Sedã,117900.0,101.0,São Paulo (SP)
54328950,TOYOTA,COROLLA,2.0 VVT-IE FLEX XEI DIRECT SHIFT,2022,2023.0,14900.0,CVT,Sedã,141500.0,111.0,São Paulo (SP)
65613374,TOYOTA,COROLLA,1.8 VVT-I HYBRID FLEX ALTIS PREMIUM CVT,2021,2022.0,43800.0,CVT,Sedã,136900.0,101.0,São Paulo (SP)
67036330,TOYOTA,COROLLA,2.0 VVT-IE FLEX XEI DIRECT SHIFT,2024,2024.0,18000.0,CVT,Sedã,146500.0,103.0,São Paulo (SP)
67172571,TOYOTA,COROLLA,2.0 VVT-IE FLEX XEI DIRECT SHIFT,2022,2023.0,44800.0,CVT,Sedã,125900.0,99.0,São Paulo (SP)
58223024,TOYOTA,COROLLA,1.8 SE-G 16V FLEX 4P AUTOMÁTICO,2009,2010.0,110000.0,Automática,Sedã,68000.0,119.0,São Paulo (SP)
66810216,TOYOTA,COROLLA,2.0 VVT-IE FLEX GR-S DIRECT SHIFT,2024,2025.0,21750.0,CVT,Sedã,174000.0,99.0,São Paulo (SP)
62973566,TOYOTA,COROLLA,1.8 GLI 16V FLEX 4P AUTOMÁTICO,2018,2018.0,77344.0,CVT,Sedã,86500.0,102.0,São Paulo (SP)
56937376,TOYOTA,COROLLA,2.0 XEI 16V FLEX 4P AUTOMÁTICO,2018,2018.0,60000.0,CVT,Sedã,108000.0,108.0,São Paulo (SP)
61078331,TOYOTA,COROLLA,1.8 GLI 16V FLEX 4P AUTOMÁTICO,2017,2017.0,92000.0,Automática,Sedã,85000.0,105.0,São Paulo (SP)
63825862,TOYOTA,COROLLA,1.8 SE-G 16V GASOLINA 4P AUTOMÁTICO,2006,2007.0,114000.0,Automática,Sedã,48900.0,117.0,São Paulo (SP)
66753713,TOYOTA,COROLLA,2.0 VVT-IE FLEX GLI DIRECT SHIFT,2023,2023.0,46000.0,CVT,Sedã,119900.0,101.0,São Paulo (SP)
66577107,TOYOTA,COROLLA,2.0 XEI 16V FLEX 4P AUTOMÁTICO,2018,2018.0,91500.0,CVT,Sedã,99900.0,100.0,São Paulo (SP)
66561871,TOYOTA,COROLLA,2.0 VVT-IE FLEX XEI DIRECT SHIFT,2021,2022.0,30500.0,CVT,Sedã,154500.0,126.0,São Paulo (SP)
64166267,TOYOTA,COROLLA,2.0 VVT-IE FLEX GR-S DIRECT SHIFT,2024,2025.0,30000.0,CVT,Sedã,172500.0,98.0,São Paulo (SP)
66154023,TOYOTA,COROLLA,1.8 VVT-I HYBRID FLEX ALTIS PREMIUM CVT,2021,2022.0,71000.0,CVT,Sedã,133900.0,99.0,São Paulo (SP)
42019205,TOYOTA,COROLLA,2.0 XEI 16V FLEX 4P AUTOMÁTICO,2017,2018.0,83117.0,Automática,Sedã,105000.0,105.0,São Paulo (SP)
67116866,TOYOTA,COROLLA,2.0 VVT-IE FLEX XEI DIRECT SHIFT,2019,2020.0,94000.0,CVT,Sedã,112000.0,96.0,São Paulo (SP)
66689243,TOYOTA,COROLLA,2.0 VVT-IE FLEX XEI DIRECT SHIFT,2020,2020.0,91000.0,CVT,Sedã,116000.0,100.0,São Paulo (SP)
65458443,TOYOTA,COROLLA,2.0 ALTIS 16V FLEX 4P AUTOMÁTICO,2014,2015.0,136.0,Automática,Sedã,80890.0,97.0,São Paulo (SP)
67051614,TOYOTA,COROLLA,2.0 XEI 16V FLEX 4P AUTOMÁTICO,2018,2019.0,15000.0,CVT,Sedã,125000.0,122.0,São Paulo (SP)
62026656,TOYOTA,COROLLA,2.0 VVT-IE FLEX XEI DIRECT SHIFT,2023,2023.0,29245.0,CVT,Sedã,133900.0,105.0,São Paulo (SP)
59954307,TOYOTA,COROLLA,1.8 VVT-I HYBRID FLEX ALTIS PREMIUM CVT,2023,2023.0,35000.0,CVT,Sedã,160000.0,111.0,São Paulo (SP)
66459710,TOYOTA,COROLLA,1.8 VVT-I HYBRID FLEX ALTIS PREMIUM CVT,2021,2022.0,39900.0,CVT,Sedã,145000.0,107.0,São Paulo (SP)
54703651,TOYOTA,COROLLA,2.0 XEI 16V FLEX 4P AUTOMÁTICO,2018,2019.0,69500.0,CVT,Sedã,105000.0,102.0,São Paulo (SP)
60407504,TOYOTA,COROLLA,2.0 XEI 16V FLEX 4P AUTOMÁTICO,2014,2015.0,225000.0,Automática,Sedã,75999.0,93.0,São Paulo (SP)
55604146,TOYOTA,COROLLA,2.0 VVT-IE FLEX XEI DIRECT SHIFT,2022,2023.0,39000.0,CVT,Sedã,130000.0,102.0,São Paulo (SP)
53525203,TOYOTA,COROLLA,2.0 VVT-IE FLEX XEI DIRECT SHIFT,2023,2023.0,18000.0,Automatizada,Sedã,190000.0,149.0,São Paulo (SP)
66689279,TOYOTA,COROLLA,1.8 VVT-I HYBRID FLEX ALTIS PREMIUM CVT,2021,2021.0,66000.0,CVT,Sedã,130000.0,100.0,São Paulo (SP)
67586467,TOYOTA,COROLLA,2.0 VVT-IE FLEX XEI DIRECT SHIFT,2025,2026.0,8000.0,Automática,Sedã,163000.0,99.0,São Paulo (SP)
66573165,TOYOTA,COROLLA,2.0 VVT-IE FLEX XEI DIRECT SHIFT,2021,2022.0,36500.0,CVT,Sedã,124000.0,101.0,São Paulo (SP)
66839091,TOYOTA,COROLLA,2.0 VVT-IE FLEX ALTIS DIRECT SHIFT,2023,2024.0,38756.0,CVT,Sedã,163990.0,100.0,São Paulo (SP)
65524526,TOYOTA,COROLLA,2.0 VVT-IE FLEX GR-S DIRECT SHIFT,2024,2024.0,37500.0,CVT,Sedã,156500.0,98.0,São Paulo (SP)
61287032,TOYOTA,COROLLA,2.0 XEI 16V FLEX 4P AUTOMÁTICO,2012,2013.0,115000.0,Automática,Sedã,69990.0,105.0,São Paulo (SP)
58254789,TOYOTA,COROLLA,2.0 VVT-IE FLEX XEI DIRECT SHIFT,2020,2021.0,81000.0,CVT,Sedã,118000.0,98.0,São Paulo (SP)
62860897,TOYOTA,COROLLA,2.0 VVT-IE FLEX XEI DIRECT SHIFT,2022,2023.0,33000.0,CVT,Sedã,140000.0,110.0,São Paulo (SP)
60718092,TOYOTA,COROLLA,2.0 XEI 16V FLEX 4P AUTOMÁTICO,2011,2012.0,135000.0,Automática,Sedã,65000.0,102.0,São Paulo (SP)
58557681,TOYOTA,COROLLA,2.0 VVT-IE FLEX XEI DIRECT SHIFT,2024,2024.0,49000.0,CVT,Sedã,140000.0,98.0,São Paulo (SP)
56989283,TOYOTA,COROLLA,1.8 VVT-I HYBRID FLEX ALTIS CVT,2020,2021.0,75000.0,CVT,Sedã,129990.0,103.0,São Paulo (SP)
55195180,TOYOTA,COROLLA,2.0 VVT-IE FLEX ALTIS DIRECT SHIFT,2019,2020.0,16000.0,CVT,Sedã,140000.0,112.0,São Paulo (SP)
62103502,TOYOTA,COROLLA,2.0 VVT-IE FLEX XEI DIRECT SHIFT,2022,2023.0,38000.0,CVT,Sedã,170000.0,133.0,São Paulo (SP)
68390307,TOYOTA,COROLLA,1.8 VVT-I HYBRID FLEX ALTIS CVT,2022,2023.0,47500.0,CVT,Sedã,169900.0,119.0,São Paulo (SP)
66144573,TOYOTA,COROLLA,1.8 GLI 16V FLEX 4P AUTOMÁTICO,2017,2018.0,154200.0,CVT,Sedã,83200.0,98.0,São Paulo (SP)
61020968,TOYOTA,COROLLA,2.0 VVT-IE FLEX XEI DIRECT SHIFT,2020,2021.0,66500.0,CVT,Sedã,119900.0,100.0,São Paulo (SP)
66303870,TOYOTA,COROLLA,2.0 VVT-IE FLEX XEI DIRECT SHIFT,2019,2020.0,53900.0,CVT,Sedã,144500.0,124.0,São Paulo (SP)
58874995,TOYOTA,COROLLA,2.0 VVT-IE FLEX XEI DIRECT SHIFT,2021,2022.0,70000.0,CVT,Sedã,119900.0,98.0,São Paulo (SP)
62151859,TOYOTA,COROLLA,2.0 VVT-IE FLEX XEI DIRECT SHIFT,2021,2022.0,79000.0,CVT,Sedã,120500.0,98.0,São Paulo (SP)
49081630,TOYOTA,COROLLA,2.0 XEI 16V FLEX 4P AUTOMÁTICO,2012,2013.0,245000.0,Automática,Sedã,62900.0,95.0,São Paulo (SP)
60323763,TOYOTA,COROLLA,2.0 VVT-IE FLEX ALTIS DIRECT SHIFT,2023,2023.0,49000.0,CVT,Sedã,183900.0,128.0,São Paulo (SP)
58904358,TOYOTA,COROLLA,1.8 GLI 16V FLEX 4P AUTOMÁTICO,2015,2016.0,95000.0,Automática,Sedã,80000.0,102.0,São Paulo (SP)
55836979,TOYOTA,COROLLA,1.8 VVT-I HYBRID FLEX ALTIS PREMIUM CVT,2021,2022.0,105000.0,CVT,Sedã,133500.0,99.0,São Paulo (SP)
59313220,TOYOTA,COROLLA,2.0 XEI 16V FLEX 4P AUTOMÁTICO,2019,2019.0,112000.0,CVT,Sedã,99888.0,97.0,São Paulo (SP)
43339198,TOYOTA,COROLLA,2.0 VVT-IE FLEX XEI DIRECT SHIFT,2020,2021.0,62500.0,CVT,Sedã,125000.0,104.0,São Paulo (SP)
49871677,TOYOTA,COROLLA,2.0 VVT-IE FLEX ALTIS DIRECT SHIFT,2020,2021.0,74000.0,CVT,Sedã,149500.0,115.0,São Paulo (SP)
65037953,TOYOTA,COROLLA,1.8 VVT-I HYBRID FLEX ALTIS PREMIUM CVT,2025,2026.0,11000.0,CVT,Sedã,191000.0,101.0,São Paulo (SP)
62615415,TOYOTA,COROLLA,1.8 GLI UPPER 16V FLEX 4P AUTOMÁTICO,2017,2018.0,88700.0,CVT,Sedã,90500.0,105.0,São Paulo (SP)
50627222,TOYOTA,COROLLA,2.0 VVT-IE FLEX XEI DIRECT SHIFT,2022,2022.0,62000.0,Automática,Sedã,143900.0,117.0,São Paulo (SP)
50603951,TOYOTA,COROLLA,2.0 XEI 16V FLEX 4P AUTOMÁTICO,2018,2019.0,101000.0,Automática,Sedã,104000.0,101.0,São Paulo (SP)
65437507,TOYOTA,COROLLA,2.0 XEI 16V FLEX 4P AUTOMÁTICO,2019,2019.0,89600.0,CVT,Sedã,103000.0,100.0,São Paulo (SP)
56543980,TOYOTA,COROLLA,2.0 VVT-IE FLEX XEI DIRECT SHIFT,2022,2023.0,23000.0,CVT,Sedã,133000.0,104.0,São Paulo (SP)
27412652,TOYOTA,COROLLA,2.0 ALTIS 16V FLEX 4P AUTOMÁTICO,2014,2015.0,134000.0,Automática,Sedã,89900.0,108.0,São Paulo (SP)
41942113,TOYOTA,COROLLA,2.0 VVT-IE FLEX XEI DIRECT SHIFT,2022,2022.0,19900.0,CVT,Sedã,145000.0,118.0,São Paulo (SP)
60757274,TOYOTA,COROLLA,1.8 VVT-I HYBRID FLEX ALTIS PREMIUM CVT,2022,2023.0,47000.0,CVT,Sedã,179900.0,124.0,São Paulo (SP)
63344418,TOYOTA,COROLLA,2.0 VVT-IE FLEX XEI DIRECT SHIFT,2021,2021.0,84000.0,CVT,Sedã,133900.0,112.0,São Paulo (SP)
61009197,TOYOTA,COROLLA,2.0 VVT-IE FLEX XEI DIRECT SHIFT,2022,2023.0,40000.0,CVT,Sedã,135000.0,106.0,São Paulo (SP)
57213906,TOYOTA,COROLLA,2.0 VVT-IE FLEX XEI DIRECT SHIFT,2020,2021.0,76000.0,CVT,Sedã,155000.0,129.0,São Paulo (SP)
64947760,TOYOTA,COROLLA,2.0 VVT-IE FLEX XEI DIRECT SHIFT,2022,2023.0,49000.0,CVT,Sedã,158000.0,124.0,São Paulo (SP)
59155211,TOYOTA,COROLLA,2.0 VVT-IE FLEX XEI DIRECT SHIFT,2020,2021.0,93000.0,CVT,Sedã,120000.0,100.0,São Paulo (SP)
49049787,TOYOTA,COROLLA,1.8 GLI 16V FLEX 4P AUTOMÁTICO,2016,2017.0,124500.0,Automática,Sedã,83700.0,103.0,São Paulo (SP)
57598179,TOYOTA,COROLLA,2.0 VVT-IE FLEX XEI DIRECT SHIFT,2023,2023.0,67800.0,CVT,Sedã,128000.0,100.0,São Paulo (SP)
60782376,TOYOTA,COROLLA,2.0 VVT-IE FLEX GR-S DIRECT SHIFT,2021,2022.0,44500.0,CVT,Sedã,135900.0,106.0,São Paulo (SP)
58964381,TOYOTA,COROLLA,2.0 VVT-IE FLEX XEI DIRECT SHIFT,2023,2024.0,36185.0,CVT,Sedã,145800.0,102.0,São Paulo (SP)
46317048,TOYOTA,COROLLA,2.0 VVT-IE FLEX XEI DIRECT SHIFT,2022,2022.0,87000.0,Automática,Sedã,125000.0,102.0,São Paulo (SP)
66332068,TOYOTA,COROLLA,2.0 VVT-IE FLEX XEI DIRECT SHIFT,2021,2021.0,147000.0,CVT,Sedã,116990.0,98.0,São Paulo (SP)
57936279,TOYOTA,COROLLA,1.8 GLI 16V FLEX 4P AUTOMÁTICO,2018,2018.0,165000.0,CVT,Sedã,86000.0,101.0,São Paulo (SP)
59160981,TOYOTA,COROLLA,2.0 VVT-IE FLEX XEI DIRECT SHIFT,2021,2022.0,80000.0,CVT,Sedã,123000.0,100.0,São Paulo (SP)
59434938,TOYOTA,COROLLA,2.0 VVT-IE FLEX XEI DIRECT SHIFT,2021,2022.0,108000.0,CVT,Sedã,141000.0,115.0,São Paulo (SP)
66364552,TOYOTA,COROLLA,1.8 XEI 16V GASOLINA 4P MANUAL,2005,2005.0,44500.0,Automática,Sedã,53000.0,148.0,São Paulo (SP)
65125062,TOYOTA,COROLLA,2.0 XEI 16V FLEX 4P AUTOMÁTICO,2012,2013.0,120000.0,Automática,Sedã,55000.0,83.0,São Paulo (SP)
67601895,TOYOTA,COROLLA,1.8 XEI 16V FLEX 4P MANUAL,2008,2009.0,144000.0,Manual,Sedã,44000.0,85.0,São Paulo (SP)
56879682,TOYOTA,COROLLA,1.8 XEI 16V FLEX 4P AUTOMÁTICO,2009,2010.0,134146.0,Automática,Sedã,49500.0,89.0,São Paulo (SP)
65687316,TOYOTA,COROLLA,1.6 GLI 16V GASOLINA 4P AUTOMÁTICO,1997,1998.0,217404.0,Automática,Sedã,18900.0,90.0,São Paulo (SP)
59533877,TOYOTA,COROLLA,2.0 XEI 16V FLEX 4P AUTOMÁTICO,2013,2014.0,149000.0,Automática,Sedã,58500.0,84.0,São Paulo (SP)
46198071,TOYOTA,COROLLA,2.0 XEI 16V FLEX 4P AUTOMÁTICO,2016,2017.0,106000.0,Automática,Sedã,75000.0,85.0,São Paulo (SP)
63711836,TOYOTA,COROLLA,1.8 SE-G 16V GASOLINA 4P AUTOMÁTICO,2002,2003.0,326650.0,Automática,Sedã,23000.0,66.0,São Paulo (SP)
64960223,TOYOTA,COROLLA,1.8 XEI 16V FLEX 4P AUTOMÁTICO,2008,2009.0,189427.0,Automática,Sedã,36500.0,68.0,São Paulo (SP)
59781026,TOYOTA,COROLLA,1.8 XEI 16V FLEX 4P AUTOMÁTICO,2007,2008.0,170000.0,Automática,Sedã,35900.0,84.0,São Paulo (SP)
66793044,TOYOTA,COROLLA,1.8 GLI 16V FLEX 4P AUTOMÁTICO,2012,2013.0,140000.0,Automática,Sedã,45900.0,74.0,São Paulo (SP)
65611062,TOYOTA,COROLLA,1.8 GLI 16V FLEX 4P MANUAL,2012,2013.0,197000.0,Manual,Sedã,50000.0,85.0,São Paulo (SP)
65770012,TOYOTA,COROLLA,2.0 XEI 16V FLEX 4P AUTOMÁTICO,2011,2012.0,151000.0,Automática,Sedã,55000.0,87.0,São Paulo (SP)
24277307,TOYOTA,COROLLA,2.0 XEI 16V FLEX 4P AUTOMÁTICO,2012,2012.0,130700.0,Automática,Sedã,58000.0,91.0,São Paulo (SP)
67117725,TOYOTA,COROLLA,1.8 XEI 16V FLEX 4P MANUAL,2002,2003.0,162000.0,Manual,Sedã,29990.0,96.0,São Paulo (SP)
56852414,TOYOTA,COROLLA,1.8 XEI 16V FLEX 4P AUTOMÁTICO,2008,2009.0,64627.0,Automática,Sedã,52500.0,98.0,São Paulo (SP)
61418495,TOYOTA,COROLLA,2.0 XEI 16V FLEX 4P AUTOMÁTICO,2010,2011.0,148500.0,Automática,Sedã,54890.0,94.0,São Paulo (SP)
46593431,TOYOTA,COROLLA,1.8 XEI 16V FLEX 4P AUTOMÁTICO,2008,2009.0,151344.0,Automática,Sedã,50990.0,95.0,São Paulo (SP)
66666931,TOYOTA,COROLLA,1.8 XEI 16V GASOLINA 4P AUTOMÁTICO,2003,2003.0,350000.0,Automática,Sedã,30000.0,93.0,São Paulo (SP)
65229440,TOYOTA,COROLLA,2.0 XEI 16V FLEX 4P AUTOMÁTICO,2011,2012.0,232000.0,Automática,Sedã,50499.0,79.0,São Paulo (SP)
44686876,TOYOTA,COROLLA,1.8 GLI 16V FLEX 4P AUTOMÁTICO,2014,2015.0,128000.0,Automática,Sedã,74890.0,99.0,São Paulo (SP)
65746596,TOYOTA,COROLLA,1.8 GLI UPPER 16V FLEX 4P AUTOMÁTICO,2018,2019.0,80000.0,CVT,Sedã,86000.0,97.0,São Paulo (SP)
64934145,TOYOTA,COROLLA,1.8 XEI 16V FLEX 4P AUTOMÁTICO,2007,2007.0,203000.0,Automática,Sedã,39900.0,98.0,São Paulo (SP)
59494869,TOYOTA,COROLLA,1.8 GLI UPPER 16V FLEX 4P AUTOMÁTICO,2016,2017.0,213000.0,Automática,Sedã,67000.0,82.0,São Paulo (SP)
59657145,TOYOTA,COROLLA,2.0 VVT-IE FLEX XEI DIRECT SHIFT,2023,2024.0,28560.0,Automática,Sedã,141989.0,100.0,São Paulo (SP)
61104562,TOYOTA,COROLLA,1.6 XLI 16V GASOLINA 4P AUTOMÁTICO,2008,2009.0,92000.0,Automática,Sedã,52900.0,105.0,São Paulo (SP)
57539672,TOYOTA,COROLLA,1.6 XLI 16V GASOLINA 4P AUTOMÁTICO,2009,2010.0,180000.0,Automática,Sedã,52500.0,98.0,São Paulo (SP)
67551404,TOYOTA,COROLLA,1.6 XLI 16V GASOLINA 4P AUTOMÁTICO,2006,2006.0,195496.0,Automática,Sedã,37300.0,103.0,São Paulo (SP)
65804197,TOYOTA,COROLLA,2.0 XRS 16V FLEX 4P AUTOMÁTICO,2013,2014.0,84900.0,Automática,Sedã,71900.0,105.0,São Paulo (SP)
59693111,TOYOTA,COROLLA,1.6 XLI 16V GASOLINA 4P AUTOMÁTICO,2009,2009.0,99800.0,Automática,Sedã,51900.0,103.0,São Paulo (SP)
64909251,TOYOTA,COROLLA,1.8 GLI 16V FLEX 4P AUTOMÁTICO,2015,2016.0,144000.0,Automática,Sedã,72500.0,92.0,São Paulo (SP)
52784932,TOYOTA,COROLLA,1.8 GLI UPPER 16V FLEX 4P AUTOMÁTICO,2017,2017.0,91000.0,Automática,Sedã,80900.0,99.0,São Paulo (SP)
64523054,TOYOTA,COROLLA,1.8 XLI 16V FLEX 4P AUTOMÁTICO,2010,2011.0,105000.0,Automática,Sedã,57500.0,103.0,São Paulo (SP)
65948069,TOYOTA,COROLLA,1.8 XEI 16V FLEX 4P AUTOMÁTICO,2010,2010.0,69264.0,Automática,Sedã,63000.0,113.0,São Paulo (SP)
67533677,TOYOTA,COROLLA,1.8 XEI 16V FLEX 4P AUTOMÁTICO,2008,2009.0,113500.0,Automática,Sedã,57600.0,107.0,São Paulo (SP)
67311899,TOYOTA,COROLLA,1.8 SE-G 16V GASOLINA 4P AUTOMÁTICO,2003,2004.0,95500.0,Automática,Sedã,50500.0,140.0,São Paulo (SP)
66812842,TOYOTA,COROLLA,1.8 XEI 16V GASOLINA 4P AUTOMÁTICO,2005,2005.0,95000.0,Automática,Sedã,50000.0,137.0,São Paulo (SP)
67236110,TOYOTA,COROLLA,1.8 GLI 16V FLEX 4P AUTOMÁTICO,2010,2011.0,167500.0,Automática,Sedã,56000.0,101.0,São Paulo (SP)
66552025,TOYOTA,COROLLA,1.8 GLI 16V FLEX 4P AUTOMÁTICO,2013,2014.0,104351.0,Automática,Sedã,66000.0,102.0,São Paulo (SP)
63452339,TOYOTA,COROLLA,1.8 SE-G 16V GASOLINA 4P AUTOMÁTICO,2003,2003.0,189000.0,Automática,Sedã,45500.0,130.0,São Paulo (SP)
57213277,TOYOTA,COROLLA,2.0 XRS 16V FLEX 4P AUTOMÁTICO,2012,2013.0,128000.0,Automática,Sedã,68000.0,101.0,São Paulo (SP)
56975428,TOYOTA,COROLLA,1.8 SE-G 16V GASOLINA 4P AUTOMÁTICO,2004,2004.0,172000.0,Automática,Sedã,45500.0,126.0,São Paulo (SP)
61392290,TOYOTA,COROLLA,1.8 SE-G 16V GASOLINA 4P AUTOMÁTICO,2006,2006.0,196000.0,Automática,Sedã,41900.0,103.0,São Paulo (SP)
67307241,TOYOTA,COROLLA,1.8 XLI 16V FLEX 4P AUTOMÁTICO,2008,2009.0,31599.0,Automática,Sedã,70463.0,139.0,São Paulo (SP)
66272274,TOYOTA,COROLLA,2.0 XEI 16V FLEX 4P AUTOMÁTICO,2011,2012.0,135000.0,Automática,Sedã,65400.0,103.0,São Paulo (SP)
66130816,TOYOTA,COROLLA,1.8 GLI 16V FLEX 4P AUTOMÁTICO,2012,2013.0,148000.0,Automática,Sedã,63800.0,102.0,São Paulo (SP)
65342453,TOYOTA,COROLLA,1.8 SE-G 16V GASOLINA 4P AUTOMÁTICO,2006,2007.0,177000.0,Automática,Sedã,45900.0,110.0,São Paulo (SP)
60540023,TOYOTA,COROLLA,1.8 GLI 16V FLEX 4P AUTOMÁTICO,2010,2010.0,295000.0,Automática,Sedã,52990.0,99.0,São Paulo (SP)
38117531,TOYOTA,COROLLA,2.0 XEI 16V FLEX 4P AUTOMÁTICO,2016,2017.0,119000.0,Automática,Sedã,90000.0,102.0,São Paulo (SP)
